54	115	2
54	173	2
54	213	1
54	237	1
54	286	2
54	334	1
54	438	1
54	459	1
54	493	1
54	521	5
54	523	1
54	537	2
54	542	1
54	669	2
54	705	1
54	706	1
54	711	1
54	877	1
54	1053	1
54	1084	1
54	1218	3
54	1260	1
54	1296	1
54	1336	1
54	1386	1
54	1447	2
54	1448	1
54	1449	4
54	1460	1
54	1588	1
54	1598	1
54	1677	1
54	1712	1
54	1758	1
54	1888	1
54	1949	4
54	2008	4
54	2119	1
54	2208	1
54	2209	1
54	2275	2
54	2326	5
54	2482	1
54	2526	1
54	2590	1
54	2592	2
54	2593	3
54	2606	1
54	2685	1
54	2704	1
54	2725	1
54	2726	2
54	2773	1
54	2782	1
54	2799	1
54	2850	1
54	2895	1
54	2898	1
54	3314	1
54	3401	2
54	3450	1
54	3475	1
54	3589	3
54	3726	2
54	3881	1
54	3974	1
54	3977	2
54	4006	1
54	4017	3
54	4052	1
54	4117	1
54	4242	1
54	4243	1
54	4247	1
54	4285	1
54	4287	1
54	4411	1
54	4417	1
54	4485	1
54	4683	3
54	4710	2
54	4729	3
54	4736	1
54	4743	1
54	4828	1
54	4959	1
54	5087	1
54	5181	2
54	5302	1
54	5332	1
54	5378	1
54	5382	3
54	5410	2
54	5484	2
54	5488	3
54	5530	4
54	5533	3
54	5594	1
54	5683	2
54	5732	3
54	5854	2
54	5855	1
54	6011	1
54	6014	1
54	6087	1
54	6134	1
54	6166	1
54	6292	1
54	6324	3
54	6329	2
54	6531	1
54	6681	1
54	6707	1
54	6836	1
54	6910	1
54	7004	1
54	7094	1
54	7097	3
54	7098	1
54	7143	1
54	7144	1
54	7172	1
54	7438	1
54	7457	1
54	7524	1
54	7700	1
54	7722	1
54	7767	1
54	7867	1
54	7947	2
54	7954	1
54	7966	1
54	7973	1
54	7986	1
54	8038	1
54	8039	2
54	8147	1
54	8166	1
54	8167	1
54	8385	1
54	8605	1
54	8673	1
54	8723	1
54	8773	1
54	8918	1
54	8919	1
54	8974	2
54	9223	1
54	9258	1
54	9284	3
54	9579	1
54	9700	1
54	10010	1
54	10011	1
54	10027	1
54	10072	1
54	10460	2
54	10487	2
54	10514	1
54	10677	2
54	10678	3
54	10709	1
54	10734	1
54	10900	1
54	10949	1
54	11132	1
54	11234	4
54	11240	3
54	11307	1
54	11361	1
54	11491	3
54	11502	1
54	11517	1
54	11539	2
54	11575	1
54	11734	1
54	11820	1
82	140	1
82	142	1
82	286	3
82	521	1
82	606	1
82	910	1
82	1053	2
82	1642	1
82	1653	1
82	1783	5
82	2008	1
82	2101	1
82	2519	1
82	2890	2
82	3295	1
82	3376	1
82	3679	1
82	4287	1
82	4411	1
82	4775	1
82	5302	2
82	5834	4
82	5882	1
82	6170	1
82	6437	2
82	6531	1
82	6532	1
82	7436	1
82	7664	1
82	7928	1
82	8147	1
82	8362	1
82	8378	2
82	8380	1
82	9223	1
82	9226	1
82	9719	1
82	9804	2
82	9900	3
82	10010	1
82	11456	2
82	11791	1
109	115	4
109	140	1
109	142	1
109	145	1
109	206	1
109	213	1
109	219	1
109	237	1
109	286	1
109	334	1
109	426	1
109	459	1
109	460	1
109	518	1
109	521	7
109	537	3
109	542	4
109	616	1
109	618	1
109	670	1
109	767	1
109	1053	1
109	1218	2
109	1296	1
109	1447	3
109	1448	2
109	1449	3
109	1497	1
109	1553	1
109	1588	2
109	1627	1
109	1815	1
109	1949	8
109	2008	2
109	2060	1
109	2119	2
109	2193	1
109	2208	1
109	2209	2
109	2210	2
109	2215	1
109	2326	2
109	2383	1
109	2590	2
109	2592	1
109	2593	1
109	2640	1
109	2699	1
109	2704	1
109	2725	1
109	2726	1
109	2839	1
109	3242	1
109	3376	1
109	3401	4
109	3450	1
109	3475	1
109	3525	1
109	3679	1
109	3685	1
109	3726	1
109	3879	1
109	3881	2
109	3977	1
109	4006	1
109	4052	1
109	4117	1
109	4242	2
109	4253	1
109	4274	1
109	4285	1
109	4287	5
109	4471	1
109	4476	1
109	4479	1
109	4644	1
109	4683	6
109	4710	4
109	4729	1
109	4803	2
109	4992	2
109	5086	2
109	5207	1
109	5302	3
109	5382	6
109	5410	1
109	5488	1
109	5530	2
109	5533	5
109	5655	1
109	5656	1
109	5732	2
109	5792	1
109	5796	1
109	5854	2
109	6044	1
109	6134	2
109	6311	1
109	6329	4
109	6437	1
109	6531	1
109	6532	3
109	6750	2
109	6836	2
109	6852	1
109	6966	1
109	7094	3
109	7097	2
109	7119	1
109	7143	1
109	7150	1
109	7172	1
109	7341	1
109	7342	1
109	7396	1
109	7574	1
109	7698	2
109	7722	1
109	7771	1
109	7809	1
109	7878	1
109	7928	1
109	7966	2
109	7986	1
109	8018	1
109	8030	2
109	8060	1
109	8147	5
109	8166	1
109	8244	1
109	8374	1
109	8385	1
109	8387	2
109	8574	1
109	8605	1
109	8624	1
109	8701	1
109	8723	1
109	8851	1
109	8974	2
109	9260	1
109	9284	4
109	9417	1
109	9487	1
109	9531	1
109	9700	1
109	9920	1
109	9995	4
109	10027	2
109	10118	1
109	10342	1
109	10460	1
109	10499	2
109	10512	2
109	10513	1
109	10515	1
109	10584	1
109	10677	3
109	10866	1
109	10900	1
109	10950	1
109	11086	2
109	11234	2
109	11237	1
109	11240	3
109	11307	1
109	11424	3
109	11425	1
109	11491	2
109	11492	1
109	11734	2
109	11777	2
115	140	4
115	142	7
115	145	7
115	173	1
115	204	1
115	206	2
115	207	6
115	208	4
115	209	3
115	213	4
115	215	2
115	219	2
115	221	5
115	230	6
115	237	12
115	278	7
115	286	13
115	334	3
115	343	5
115	379	1
115	380	1
115	426	3
115	459	3
115	460	3
115	493	1
115	519	2
115	520	1
115	521	64
115	523	3
115	524	2
115	529	3
115	530	1
115	533	2
115	534	3
115	535	2
115	537	7
115	542	10
115	546	4
115	563	1
115	589	1
115	606	1
115	616	3
115	618	6
115	654	2
115	662	4
115	669	16
115	670	2
115	705	7
115	706	4
115	711	10
115	712	4
115	767	4
115	771	2
115	774	3
115	874	1
115	877	7
115	922	1
115	1018	5
115	1053	2
115	1218	5
115	1249	9
115	1253	3
115	1254	5
115	1260	5
115	1336	1
115	1380	1
115	1386	1
115	1440	1
115	1447	22
115	1448	12
115	1449	30
115	1453	1
115	1454	1
115	1459	5
115	1460	13
115	1462	3
115	1497	2
115	1525	1
115	1553	7
115	1588	10
115	1598	1
115	1627	3
115	1642	1
115	1653	1
115	1712	6
115	1783	1
115	1784	1
115	1811	1
115	1815	2
115	1877	3
115	1888	1
115	1949	27
115	2008	8
115	2011	1
115	2026	1
115	2033	2
115	2060	1
115	2119	3
115	2155	1
115	2163	2
115	2193	2
115	2208	4
115	2209	5
115	2210	3
115	2215	3
115	2275	5
115	2326	22
115	2390	3
115	2482	3
115	2494	2
115	2519	4
115	2590	1
115	2592	12
115	2593	13
115	2606	9
115	2609	1
115	2640	4
115	2685	5
115	2699	3
115	2704	14
115	2724	3
115	2725	23
115	2726	11
115	2768	4
115	2773	3
115	2775	2
115	2776	3
115	2782	1
115	2799	1
115	2800	3
115	2805	1
115	2819	1
115	2839	2
115	2850	1
115	2895	3
115	2898	1
115	3173	1
115	3195	3
115	3207	2
115	3224	3
115	3242	1
115	3314	3
115	3376	1
115	3401	25
115	3409	5
115	3410	12
115	3411	5
115	3441	2
115	3450	3
115	3475	6
115	3525	1
115	3589	16
115	3592	2
115	3600	3
115	3610	1
115	3683	1
115	3685	4
115	3726	27
115	3783	2
115	3879	2
115	3881	6
115	3945	2
115	3974	1
115	3977	5
115	4006	3
115	4008	1
115	4017	2
115	4050	1
115	4052	4
115	4117	4
115	4242	16
115	4243	2
115	4249	3
115	4253	3
115	4274	1
115	4285	6
115	4286	1
115	4287	14
115	4288	2
115	4367	1
115	4411	10
115	4465	1
115	4471	1
115	4476	2
115	4479	4
115	4485	3
115	4519	2
115	4525	2
115	4664	2
115	4683	49
115	4710	46
115	4729	23
115	4736	3
115	4743	2
115	4775	2
115	4779	2
115	4803	1
115	4959	6
115	4992	1
115	5022	6
115	5086	3
115	5087	1
115	5089	1
115	5181	2
115	5207	3
115	5217	4
115	5249	1
115	5302	3
115	5332	2
115	5378	2
115	5382	31
115	5410	14
115	5484	5
115	5487	2
115	5488	17
115	5503	3
115	5530	42
115	5533	41
115	5538	3
115	5562	3
115	5594	6
115	5606	2
115	5623	2
115	5663	2
115	5683	3
115	5731	1
115	5732	22
115	5792	2
115	5793	1
115	5794	1
115	5796	3
115	5808	3
115	5834	4
115	5838	1
115	5854	39
115	5855	13
115	5902	4
115	5918	3
115	5994	1
115	5995	2
115	6011	3
115	6014	1
115	6044	6
115	6077	2
115	6087	4
115	6134	17
115	6166	1
115	6170	1
115	6209	5
115	6288	9
115	6292	4
115	6311	2
115	6324	3
115	6329	24
115	6342	3
115	6427	2
115	6437	1
115	6531	3
115	6532	6
115	6582	3
115	6707	3
115	6749	2
115	6750	1
115	6836	2
115	6838	3
115	6839	1
115	6852	5
115	6910	3
115	6930	5
115	6966	3
115	7004	15
115	7094	12
115	7097	15
115	7098	2
115	7115	1
115	7119	4
115	7143	1
115	7144	3
115	7150	3
115	7172	5
115	7341	3
115	7342	3
115	7396	3
115	7434	1
115	7436	1
115	7524	2
115	7528	2
115	7577	2
115	7664	3
115	7698	5
115	7700	4
115	7730	1
115	7767	2
115	7809	2
115	7867	14
115	7878	1
115	7928	1
115	7947	2
115	7954	1
115	7966	2
115	7973	2
115	7986	2
115	8018	2
115	8030	2
115	8038	9
115	8039	5
115	8060	2
115	8138	3
115	8143	5
115	8147	15
115	8166	4
115	8167	4
115	8204	4
115	8244	1
115	8315	2
115	8351	3
115	8373	4
115	8374	3
115	8378	3
115	8380	2
115	8385	2
115	8387	1
115	8475	4
115	8476	3
115	8574	3
115	8605	7
115	8624	2
115	8672	4
115	8673	9
115	8699	2
115	8701	3
115	8722	4
115	8723	10
115	8801	2
115	8851	11
115	8857	4
115	8918	7
115	8919	3
115	8974	13
115	9029	4
115	9079	3
115	9122	2
115	9135	5
115	9163	3
115	9246	2
115	9252	2
115	9254	1
115	9256	2
115	9258	3
115	9260	5
115	9284	35
115	9417	2
115	9482	4
115	9487	4
115	9501	1
115	9533	2
115	9579	3
115	9597	2
115	9614	2
115	9700	6
115	9701	2
115	9806	3
115	9920	3
115	9995	11
115	10027	20
115	10072	9
115	10118	4
115	10342	3
115	10444	5
115	10460	3
115	10487	3
115	10499	2
115	10503	1
115	10512	2
115	10513	2
115	10515	5
115	10556	5
115	10557	2
115	10559	4
115	10561	4
115	10584	1
115	10621	1
115	10677	13
115	10678	4
115	10709	3
115	10731	4
115	10734	3
115	10766	5
115	10803	5
115	10866	1
115	10900	7
115	10921	2
115	10949	4
115	10950	1
115	10990	4
115	11026	1
115	11045	2
115	11078	1
115	11079	2
115	11086	1
115	11132	3
115	11178	2
115	11234	18
115	11240	22
115	11288	1
115	11361	2
115	11424	7
115	11425	3
115	11491	6
115	11492	6
115	11502	1
115	11517	3
115	11536	2
115	11539	4
115	11575	1
115	11647	1
115	11698	2
115	11734	3
115	11777	6
115	11820	2
140	142	4
140	207	1
140	208	1
140	209	1
140	213	1
140	215	2
140	221	1
140	286	3
140	343	1
140	379	1
140	380	1
140	438	1
140	518	1
140	519	1
140	521	6
140	529	1
140	542	1
140	589	2
140	654	1
140	771	1
140	910	1
140	1053	3
140	1249	1
140	1447	2
140	1448	1
140	1449	2
140	1758	1
140	1783	1
140	1876	1
140	1949	7
140	2008	3
140	2011	1
140	2025	1
140	2326	2
140	2390	1
140	2519	1
140	2526	1
140	2592	1
140	2593	1
140	2699	1
140	2803	1
140	2839	1
140	3251	1
140	3401	4
140	3450	1
140	3879	1
140	3974	2
140	3989	2
140	4006	1
140	4008	1
140	4242	1
140	4287	1
140	4411	3
140	4430	2
140	4436	2
140	4471	1
140	4476	1
140	4683	5
140	4710	3
140	4729	5
140	4775	1
140	4803	1
140	5249	1
140	5302	1
140	5382	2
140	5488	3
140	5530	3
140	5664	1
140	5792	1
140	5796	1
140	5834	1
140	5838	3
140	5994	1
140	6044	2
140	6077	1
140	6087	2
140	6170	2
140	6329	1
140	6427	1
140	6463	1
140	6532	1
140	6827	1
140	6836	4
140	6839	1
140	6896	1
140	7119	1
140	7341	1
140	7342	2
140	7528	1
140	7530	1
140	7577	1
140	7698	1
140	7878	1
140	7928	1
140	7947	1
140	7954	1
140	8018	2
140	8030	1
140	8060	2
140	8143	4
140	8351	1
140	8362	1
140	8373	1
140	8378	1
140	8385	1
140	8574	1
140	8624	1
140	8672	1
140	8849	1
140	8851	3
140	9069	1
140	9135	1
140	9292	2
140	9719	1
140	9995	2
140	10072	1
140	10444	2
140	10460	2
140	10499	1
140	10514	1
140	10561	1
140	10621	1
140	10866	1
140	10949	1
140	11234	1
140	11240	2
140	11307	1
140	11425	1
140	11820	1
142	145	1
142	154	1
142	173	4
142	207	2
142	208	3
142	209	2
142	213	2
142	215	1
142	219	1
142	237	8
142	278	2
142	286	18
142	367	1
142	380	1
142	460	1
142	498	1
142	521	7
142	523	1
142	529	2
142	534	1
142	535	2
142	542	3
142	563	1
142	589	2
142	654	1
142	711	2
142	767	2
142	771	1
142	910	2
142	1053	3
142	1336	2
142	1386	1
142	1447	7
142	1448	2
142	1449	4
142	1460	1
142	1574	1
142	1712	5
142	1783	3
142	1876	3
142	1877	1
142	1888	1
142	1931	2
142	1949	18
142	2008	5
142	2033	1
142	2101	1
142	2208	1
142	2209	1
142	2210	1
142	2275	1
142	2326	3
142	2390	2
142	2482	1
142	2519	10
142	2526	3
142	2592	3
142	2593	5
142	2606	1
142	2699	3
142	2704	2
142	2726	3
142	2799	1
142	2839	1
142	2890	2
142	2924	1
142	3173	1
142	3195	1
142	3207	1
142	3251	2
142	3376	2
142	3401	5
142	3441	1
142	3475	2
142	3589	1
142	3726	4
142	3783	1
142	3881	1
142	3931	2
142	3945	1
142	3974	1
142	4017	1
142	4052	2
142	4117	1
142	4242	6
142	4249	3
142	4285	1
142	4286	2
142	4287	13
142	4288	1
142	4411	3
142	4465	1
142	4683	6
142	4710	7
142	4729	5
142	4736	1
142	4775	2
142	4779	2
142	4803	3
142	4832	1
142	4959	1
142	4992	1
142	5022	1
142	5087	1
142	5302	1
142	5378	1
142	5382	8
142	5488	5
142	5530	5
142	5533	4
142	5538	1
142	5594	1
142	5732	5
142	5796	2
142	5808	3
142	5834	8
142	5838	3
142	5854	3
142	5855	1
142	5902	1
142	5918	2
142	5920	1
142	6044	1
142	6087	2
142	6288	2
142	6292	1
142	6427	1
142	6437	3
142	6444	1
142	6531	4
142	6532	6
142	6836	1
142	6838	4
142	6839	1
142	6910	1
142	7004	3
142	7094	3
142	7119	2
142	7132	1
142	7143	1
142	7150	1
142	7172	1
142	7434	1
142	7436	1
142	7524	1
142	7528	1
142	7664	1
142	7698	1
142	7700	1
142	7767	1
142	7771	4
142	7809	2
142	7867	2
142	7878	1
142	7928	2
142	7947	1
142	7954	1
142	8018	1
142	8039	2
142	8060	2
142	8143	4
142	8147	4
142	8166	1
142	8373	2
142	8378	5
142	8380	2
142	8385	2
142	8387	1
142	8605	1
142	8624	1
142	8699	1
142	8773	1
142	8851	4
142	8918	2
142	8919	1
142	8974	2
142	9069	2
142	9284	2
142	9292	2
142	9482	1
142	9614	1
142	9700	1
142	9806	1
142	9900	1
142	9995	2
142	9998	1
142	10011	1
142	10027	1
142	10072	1
142	10444	1
142	10499	3
142	10514	1
142	10584	2
142	10678	1
142	10921	1
142	11045	1
142	11077	1
142	11086	4
142	11234	4
142	11240	3
142	11456	1
142	11491	2
142	11517	3
142	11647	1
142	11791	1
142	11820	2
145	207	2
145	209	1
145	213	1
145	219	1
145	278	1
145	521	4
145	523	1
145	529	2
145	534	1
145	535	1
145	537	2
145	542	1
145	546	1
145	606	1
145	616	4
145	618	6
145	767	4
145	1053	2
145	1336	1
145	1386	1
145	1447	2
145	1497	1
145	1598	2
145	1627	2
145	1642	4
145	1653	3
145	1677	1
145	1758	1
145	1877	1
145	1931	1
145	1949	7
145	2008	1
145	2033	1
145	2060	1
145	2390	3
145	2592	1
145	2593	2
145	2685	1
145	2704	1
145	3207	2
145	3441	2
145	3475	1
145	3525	1
145	3679	1
145	3726	1
145	3783	2
145	3881	1
145	3945	4
145	3974	1
145	4050	2
145	4052	1
145	4117	2
145	4242	2
145	4249	1
145	4285	5
145	4286	1
145	4287	3
145	4288	1
145	4367	2
145	4411	1
145	4465	1
145	4519	3
145	4525	3
145	4664	3
145	4710	2
145	4775	1
145	5022	1
145	5302	6
145	5382	3
145	5488	1
145	5530	1
145	5533	1
145	5538	1
145	5732	1
145	5769	1
145	5854	1
145	6077	1
145	6166	1
145	6170	1
145	6311	1
145	6324	1
145	6329	1
145	6371	1
145	6427	1
145	6444	1
145	6827	1
145	7119	1
145	7172	1
145	7341	1
145	7342	1
145	7396	4
145	7434	2
145	7436	1
145	7664	2
145	7698	1
145	7700	1
145	7771	1
145	7809	2
145	7973	1
145	8147	2
145	8373	2
145	8374	4
145	8722	1
145	8851	2
145	8857	2
145	8974	2
145	9226	1
145	9260	1
145	9284	1
145	9487	4
145	9597	1
145	9614	2
145	9920	2
145	10027	1
145	10499	1
145	11086	1
145	11132	1
145	11234	2
145	11288	1
145	11424	1
145	11647	1
154	418	1
154	493	1
154	521	2
154	524	1
154	530	1
154	537	2
154	662	1
154	711	1
154	910	1
154	1218	1
154	1260	1
154	1447	1
154	1448	1
154	1449	2
154	1453	1
154	1460	1
154	1525	1
154	1588	2
154	1815	1
154	1949	1
154	2008	1
154	2011	2
154	2182	1
154	2208	1
154	2326	2
154	2390	1
154	2494	1
154	2526	1
154	2593	2
154	2606	1
154	2704	1
154	2724	1
154	2850	1
154	3207	1
154	3401	1
154	3475	2
154	3589	1
154	3726	1
154	3931	2
154	4008	1
154	4052	1
154	4287	1
154	4411	1
154	4417	2
154	4683	1
154	4710	1
154	4729	1
154	4736	1
154	4743	1
154	4775	1
154	4828	1
154	5378	1
154	5382	1
154	5488	1
154	5530	2
154	5533	1
154	5656	1
154	5664	1
154	5732	1
154	5793	1
154	6054	1
154	6288	1
154	6292	1
154	6324	1
154	6329	1
154	6342	1
154	6427	1
154	6836	3
154	6852	1
154	7094	1
154	7097	2
154	7150	1
154	7342	1
154	7574	1
154	7730	1
154	8143	1
154	8147	1
154	8166	1
154	8204	1
154	8672	2
154	8722	1
154	8918	1
154	8974	2
154	9135	1
154	9284	2
154	9700	1
154	9719	1
154	9806	1
154	10072	1
154	10342	1
154	10374	1
154	10514	1
154	10515	1
154	10677	2
154	10803	1
154	11021	1
154	11045	1
154	11079	1
154	11234	2
154	11240	1
154	11734	1
154	11820	1
173	207	1
173	208	1
173	219	1
173	286	2
173	380	1
173	521	5
173	523	1
173	529	1
173	542	1
173	589	1
173	654	1
173	662	1
173	910	1
173	1053	2
173	1084	1
173	1218	1
173	1296	1
173	1336	1
173	1448	1
173	1460	1
173	1598	1
173	1642	1
173	1653	1
173	1677	2
173	1712	1
173	1758	1
173	1931	1
173	1949	3
173	2060	1
173	2326	1
173	2519	1
173	2526	1
173	2590	1
173	2592	2
173	2593	2
173	2606	1
173	2726	1
173	2773	1
173	2799	1
173	2890	1
173	2924	1
173	3251	1
173	3314	1
173	3401	1
173	3450	1
173	3525	1
173	3589	1
173	3610	1
173	3974	1
173	4017	1
173	4052	1
173	4242	2
173	4243	1
173	4247	2
173	4249	1
173	4285	1
173	4286	1
173	4287	4
173	4288	1
173	4479	1
173	4485	1
173	4664	1
173	4683	4
173	4710	2
173	4729	3
173	4743	1
173	4775	1
173	4828	1
173	4832	1
173	4959	1
173	4991	1
173	4992	1
173	5302	3
173	5332	1
173	5410	1
173	5488	3
173	5530	1
173	5533	2
173	5538	1
173	5664	1
173	5732	1
173	5796	2
173	5808	1
173	5838	1
173	6011	1
173	6014	1
173	6166	1
173	6324	2
173	6329	1
173	6437	1
173	6531	1
173	6532	1
173	6681	1
173	6749	1
173	6836	3
173	7115	1
173	7143	1
173	7172	1
173	7341	1
173	7342	1
173	7351	1
173	7436	1
173	7438	1
173	7524	1
173	7528	1
173	7574	1
173	7664	2
173	7698	1
173	7700	2
173	7722	1
173	7767	2
173	7809	1
173	7954	3
173	8143	1
173	8147	1
173	8371	1
173	8373	1
173	8773	1
173	8918	1
173	9079	1
173	9223	1
173	9260	1
173	9284	1
173	9614	1
173	10010	1
173	10027	2
173	10072	1
173	10460	1
173	10512	1
173	10514	1
173	10515	1
173	10584	1
173	10734	1
173	10866	1
173	10950	1
173	11086	1
173	11234	1
173	11240	1
173	11491	1
173	11539	1
173	11575	2
173	11791	1
173	11820	1
204	208	2
204	213	1
204	221	1
204	237	1
204	286	1
204	379	1
204	380	1
204	519	1
204	521	5
204	523	1
204	524	1
204	534	1
204	542	1
204	589	1
204	705	1
204	712	1
204	1249	1
204	1447	1
204	1449	1
204	1712	1
204	1815	1
204	1888	1
204	1949	1
204	2182	1
204	2519	1
204	2593	1
204	2606	1
204	2768	1
204	3207	1
204	3251	1
204	3401	1
204	3726	1
204	3783	1
204	3881	1
204	3974	1
204	4006	1
204	4052	1
204	4242	2
204	4243	1
204	4247	1
204	4249	1
204	4274	1
204	4287	1
204	4683	1
204	4710	1
204	4792	1
204	5249	1
204	5382	2
204	5488	1
204	5562	1
204	5732	1
204	5854	1
204	5855	1
204	5918	1
204	5994	1
204	6011	1
204	6134	1
204	6444	1
204	6532	1
204	6827	1
204	6836	1
204	6838	1
204	6966	2
204	7115	1
204	7144	1
204	7698	1
204	8147	1
204	8624	1
204	8672	1
204	8673	1
204	8918	1
204	9284	1
204	9995	2
204	10512	1
204	10515	1
204	10556	1
204	10557	1
204	10559	1
204	10561	1
204	10709	1
204	11288	1
204	11424	3
204	11425	1
204	11698	1
206	207	1
206	209	1
206	213	3
206	215	1
206	237	1
206	286	2
206	438	1
206	459	2
206	518	1
206	520	1
206	521	5
206	529	1
206	533	1
206	534	1
206	537	2
206	542	1
206	669	2
206	711	1
206	1018	1
206	1249	1
206	1253	1
206	1254	1
206	1447	2
206	1448	1
206	1449	1
206	1459	1
206	1553	1
206	1712	1
206	2008	1
206	2026	2
206	2326	2
206	2519	1
206	2592	2
206	2593	2
206	2609	1
206	2725	1
206	2800	1
206	2805	1
206	3401	4
206	3410	1
206	3589	1
206	3610	1
206	3726	2
206	3881	1
206	4006	1
206	4052	3
206	4242	1
206	4253	1
206	4644	2
206	4683	2
206	4710	2
206	4729	1
206	5022	1
206	5217	1
206	5382	2
206	5410	2
206	5488	4
206	5530	3
206	5533	1
206	5594	1
206	5663	1
206	5854	2
206	5855	2
206	5994	1
206	6134	1
206	6288	2
206	6329	2
206	6836	1
206	6838	1
206	6839	1
206	6852	1
206	6966	1
206	7094	2
206	7097	2
206	7143	2
206	7172	3
206	7698	1
206	7966	2
206	8030	1
206	8143	1
206	8147	2
206	8387	1
206	8624	2
206	8851	4
206	8974	2
206	9135	1
206	9284	3
206	9531	2
206	9920	3
206	9995	1
206	10027	1
206	10118	1
206	10342	2
206	10444	1
206	10503	1
206	10512	3
206	10515	1
206	10921	1
206	11234	3
206	11240	4
206	11288	1
206	11307	1
206	11424	2
206	11425	1
206	11491	1
207	208	4
207	209	5
207	213	5
207	230	1
207	237	1
207	278	2
207	367	1
207	379	1
207	380	1
207	459	2
207	460	1
207	518	1
207	519	1
207	521	12
207	523	1
207	529	3
207	534	1
207	537	1
207	542	3
207	563	1
207	618	1
207	662	2
207	705	1
207	706	1
207	711	1
207	767	1
207	1018	1
207	1053	2
207	1253	1
207	1254	1
207	1260	1
207	1336	2
207	1380	1
207	1447	1
207	1448	3
207	1449	1
207	1460	1
207	1462	1
207	1553	3
207	1588	1
207	1598	1
207	1627	1
207	1642	1
207	1653	1
207	1758	1
207	1811	1
207	1889	1
207	1949	2
207	2008	2
207	2025	1
207	2026	1
207	2326	1
207	2390	1
207	2519	1
207	2592	1
207	2593	2
207	2606	2
207	2640	1
207	2704	3
207	2724	1
207	2725	1
207	2726	1
207	2775	1
207	2799	3
207	2803	2
207	2805	2
207	3173	2
207	3251	1
207	3401	6
207	3409	1
207	3410	1
207	3726	2
207	3881	4
207	3945	1
207	3974	2
207	3980	1
207	4008	1
207	4050	1
207	4052	1
207	4242	4
207	4243	1
207	4247	1
207	4249	5
207	4253	1
207	4285	1
207	4367	1
207	4430	1
207	4436	1
207	4519	1
207	4644	1
207	4664	2
207	4683	4
207	4710	3
207	4729	4
207	4743	1
207	5022	6
207	5181	1
207	5217	1
207	5302	2
207	5382	6
207	5410	2
207	5488	2
207	5530	3
207	5533	5
207	5854	2
207	5855	1
207	5918	2
207	5920	1
207	5994	1
207	6166	2
207	6288	1
207	6329	3
207	6427	1
207	6463	1
207	6749	1
207	6750	2
207	6827	2
207	6852	1
207	6966	2
207	7094	1
207	7097	2
207	7119	3
207	7132	1
207	7143	1
207	7172	1
207	7341	1
207	7342	2
207	7436	1
207	7528	2
207	7664	1
207	7698	1
207	7700	1
207	7730	1
207	7771	1
207	7878	1
207	7966	1
207	7986	1
207	8030	2
207	8138	1
207	8147	4
207	8374	2
207	8387	1
207	8475	1
207	8476	2
207	8605	1
207	8624	2
207	8673	1
207	8722	1
207	8723	1
207	8849	1
207	8851	2
207	8974	2
207	9029	1
207	9163	1
207	9284	3
207	9487	1
207	9531	1
207	9597	1
207	9700	2
207	9701	1
207	9719	1
207	9806	1
207	9920	1
207	9995	3
207	9998	2
207	10027	1
207	10072	1
207	10118	1
207	10342	1
207	10374	1
207	10460	1
207	10499	1
207	10512	2
207	10514	2
207	10515	1
207	10621	1
207	10866	1
207	10990	1
207	10995	1
207	11079	1
207	11234	5
207	11237	1
207	11240	2
207	11288	1
207	11424	6
207	11425	2
207	11491	1
207	11777	1
207	11820	1
208	209	3
208	213	6
208	221	1
208	237	2
208	278	2
208	286	1
208	343	1
208	367	1
208	379	3
208	380	1
208	426	1
208	493	1
208	519	1
208	521	10
208	533	1
208	534	1
208	535	1
208	537	1
208	542	5
208	563	2
208	589	1
208	662	1
208	669	1
208	705	2
208	771	1
208	1053	2
208	1336	2
208	1380	1
208	1447	1
208	1448	1
208	1449	1
208	1497	1
208	1588	1
208	1758	1
208	1888	1
208	1949	2
208	2008	1
208	2078	1
208	2119	1
208	2193	1
208	2208	1
208	2326	2
208	2519	1
208	2592	1
208	2593	4
208	2606	3
208	2699	3
208	2704	3
208	2725	4
208	2799	2
208	3173	2
208	3195	1
208	3251	4
208	3401	2
208	3589	2
208	3592	1
208	3726	2
208	3879	1
208	3881	2
208	3931	1
208	3974	2
208	3989	1
208	4017	1
208	4050	1
208	4052	2
208	4242	8
208	4247	1
208	4249	3
208	4274	1
208	4287	2
208	4367	1
208	4411	1
208	4471	1
208	4476	1
208	4479	1
208	4683	3
208	4710	1
208	4729	2
208	4743	1
208	4803	1
208	4992	1
208	5022	2
208	5302	2
208	5382	7
208	5410	1
208	5484	1
208	5488	1
208	5530	3
208	5533	2
208	5732	1
208	5792	1
208	5794	1
208	5854	2
208	5855	1
208	5918	4
208	5920	2
208	6011	1
208	6014	1
208	6134	1
208	6166	1
208	6288	1
208	6329	1
208	6532	1
208	6827	3
208	6836	2
208	6838	1
208	6910	1
208	6966	3
208	7004	1
208	7115	1
208	7132	2
208	7172	1
208	7342	1
208	7528	2
208	7698	1
208	7767	2
208	7878	1
208	7928	1
208	7986	1
208	8018	1
208	8143	2
208	8147	1
208	8387	2
208	8624	1
208	8672	1
208	8673	1
208	8723	1
208	8851	2
208	8918	1
208	8939	1
208	8974	2
208	9079	1
208	9135	3
208	9246	1
208	9252	1
208	9260	1
208	9284	4
208	9920	2
208	9995	3
208	9998	2
208	10027	2
208	10118	1
208	10374	1
208	10460	2
208	10512	1
208	10514	2
208	10515	1
208	10621	1
208	10677	1
208	10900	1
208	10990	1
208	11234	2
208	11240	1
208	11288	1
208	11307	1
208	11424	4
208	11425	3
208	11492	2
208	11536	1
208	11539	2
208	11734	1
208	11777	1
208	11791	1
208	11820	1
209	213	2
209	219	1
209	237	1
209	278	1
209	286	1
209	343	1
209	367	3
209	379	2
209	380	1
209	493	1
209	518	3
209	519	2
209	521	10
209	523	1
209	524	1
209	529	1
209	535	1
209	542	2
209	563	2
209	662	1
209	767	1
209	771	1
209	1053	3
209	1336	1
209	1386	1
209	1447	1
209	1588	1
209	1598	1
209	1784	1
209	1811	1
209	1889	1
209	1949	1
209	2008	1
209	2025	1
209	2078	1
209	2209	1
209	2519	1
209	2590	1
209	2592	3
209	2593	4
209	2606	1
209	2704	2
209	2799	2
209	2803	2
209	2805	2
209	3173	1
209	3251	2
209	3401	5
209	3441	1
209	3475	1
209	3589	1
209	3726	1
209	3881	4
209	3974	1
209	4052	1
209	4242	8
209	4247	1
209	4249	6
209	4253	1
209	4411	1
209	4430	1
209	4436	1
209	4465	1
209	4683	5
209	4710	2
209	4729	3
209	4743	1
209	5022	1
209	5302	2
209	5382	8
209	5484	1
209	5488	4
209	5530	1
209	5533	2
209	5538	1
209	5732	1
209	5854	1
209	5918	3
209	5920	3
209	5994	1
209	6044	1
209	6134	1
209	6288	1
209	6329	1
209	6427	2
209	6750	2
209	6836	1
209	6838	1
209	7119	1
209	7132	2
209	7172	2
209	7342	2
209	7434	1
209	7436	1
209	7524	1
209	7528	2
209	7698	3
209	7700	1
209	7767	1
209	7878	1
209	7986	1
209	8030	2
209	8143	2
209	8147	5
209	8373	1
209	8387	1
209	8723	1
209	8849	1
209	8851	2
209	8974	1
209	9135	2
209	9284	5
209	9920	1
209	9995	5
209	9998	3
209	10027	2
209	10460	2
209	10499	2
209	10512	2
209	10621	1
209	10866	1
209	10990	1
209	11234	6
209	11237	1
209	11240	2
209	11307	1
209	11425	3
209	11536	1
209	11539	1
213	215	2
213	221	1
213	237	1
213	278	4
213	286	2
213	343	1
213	379	1
213	438	1
213	459	2
213	460	1
213	518	1
213	521	14
213	529	2
213	533	1
213	534	2
213	537	2
213	542	4
213	589	1
213	654	1
213	706	1
213	767	1
213	910	2
213	1053	1
213	1336	6
213	1380	1
213	1386	2
213	1447	5
213	1448	3
213	1449	2
213	1588	1
213	1758	1
213	1949	3
213	2008	2
213	2026	1
213	2060	1
213	2208	1
213	2209	2
213	2210	1
213	2325	1
213	2326	4
213	2390	1
213	2519	1
213	2592	2
213	2593	5
213	2606	1
213	2699	1
213	2704	3
213	2724	1
213	2725	2
213	2726	1
213	2782	1
213	2799	2
213	2839	2
213	2895	1
213	3173	1
213	3195	1
213	3401	5
213	3525	1
213	3589	3
213	3610	1
213	3726	2
213	3881	2
213	3931	2
213	3974	4
213	3980	1
213	3989	3
213	4006	1
213	4008	2
213	4052	3
213	4242	3
213	4247	1
213	4249	3
213	4253	1
213	4287	2
213	4367	1
213	4411	2
213	4417	1
213	4519	1
213	4644	2
213	4664	1
213	4683	5
213	4710	1
213	4729	6
213	4775	1
213	4959	1
213	4991	1
213	4992	2
213	5022	5
213	5181	1
213	5249	1
213	5302	2
213	5378	1
213	5382	8
213	5410	2
213	5484	1
213	5488	6
213	5530	6
213	5533	3
213	5664	1
213	5732	5
213	5834	1
213	5854	3
213	5918	2
213	6014	1
213	6077	1
213	6087	1
213	6166	3
213	6170	1
213	6288	2
213	6329	3
213	6463	1
213	6532	1
213	6827	3
213	6836	5
213	6838	2
213	6839	3
213	6910	1
213	6966	3
213	7004	1
213	7094	3
213	7097	1
213	7119	1
213	7143	1
213	7150	1
213	7172	2
213	7341	3
213	7342	2
213	7457	1
213	7528	3
213	7530	1
213	7574	1
213	7664	1
213	7698	1
213	7700	1
213	7730	1
213	7767	1
213	7878	1
213	7947	1
213	7954	1
213	7966	2
213	7986	1
213	8030	1
213	8138	1
213	8143	4
213	8147	1
213	8167	1
213	8373	1
213	8374	1
213	8387	2
213	8476	1
213	8574	1
213	8605	1
213	8624	3
213	8672	2
213	8673	3
213	8722	1
213	8851	6
213	8918	2
213	8974	4
213	9069	1
213	9079	1
213	9135	1
213	9246	1
213	9260	2
213	9284	5
213	9292	1
213	9487	1
213	9531	1
213	9579	1
213	9597	1
213	9700	1
213	9920	1
213	9995	4
213	9998	1
213	10011	1
213	10027	2
213	10072	1
213	10118	1
213	10342	1
213	10374	2
213	10444	1
213	10460	1
213	10499	3
213	10512	2
213	10514	2
213	10621	1
213	10677	1
213	10709	1
213	10900	1
213	10949	2
213	10990	1
213	10995	2
213	11077	1
213	11178	1
213	11234	4
213	11240	5
213	11288	1
213	11307	2
213	11361	1
213	11424	9
213	11425	4
213	11491	1
213	11517	1
213	11539	2
213	11777	1
213	11791	1
213	11820	3
215	278	1
215	380	1
215	438	2
215	498	1
215	518	2
215	519	2
215	520	1
215	521	7
215	523	1
215	524	1
215	533	1
215	534	1
215	910	1
215	1084	1
215	1336	1
215	1525	1
215	1553	1
215	2025	1
215	2593	2
215	2609	1
215	2699	1
215	3401	4
215	3525	1
215	3931	1
215	3974	1
215	4052	1
215	4242	3
215	4249	1
215	4253	1
215	4411	2
215	4465	1
215	4664	1
215	4683	3
215	4710	2
215	4729	3
215	4832	1
215	5022	1
215	5249	1
215	5382	2
215	5488	2
215	5530	3
215	5732	1
215	5995	1
215	6014	1
215	6044	2
215	6087	2
215	6311	1
215	6749	1
215	6750	1
215	6836	2
215	6839	1
215	7115	1
215	7150	1
215	7341	1
215	7342	1
215	7528	1
215	7530	1
215	8030	1
215	8143	4
215	8371	1
215	8387	2
215	8851	1
215	8974	1
215	9069	1
215	9920	1
215	9995	1
215	10444	3
215	10499	1
215	10503	1
215	10621	1
215	10866	1
215	11234	1
215	11240	4
215	11517	1
219	221	1
219	278	1
219	286	1
219	343	1
219	459	1
219	518	1
219	521	5
219	523	1
219	529	1
219	533	1
219	535	1
219	537	1
219	542	1
219	589	1
219	654	1
219	705	1
219	767	1
219	1053	1
219	1218	1
219	1336	1
219	1386	1
219	1447	3
219	1588	1
219	1642	1
219	1653	1
219	1949	2
219	2326	1
219	2590	1
219	2592	2
219	2593	3
219	2606	1
219	2699	1
219	2704	1
219	2924	1
219	3401	2
219	3441	1
219	3475	1
219	3589	1
219	3726	2
219	3881	2
219	4052	1
219	4242	2
219	4247	1
219	4249	2
219	4253	3
219	4287	1
219	4411	1
219	4465	1
219	4683	2
219	4710	3
219	4729	1
219	4992	1
219	5302	1
219	5332	1
219	5382	3
219	5488	2
219	5530	2
219	5533	4
219	5538	1
219	5663	1
219	5732	1
219	5794	1
219	5796	1
219	6427	1
219	6508	1
219	6749	1
219	6750	1
219	6827	1
219	7115	1
219	7172	1
219	7351	1
219	7434	1
219	7574	1
219	7664	1
219	7698	3
219	7700	2
219	7767	1
219	7954	1
219	7966	1
219	7986	1
219	8147	3
219	8373	1
219	8387	1
219	8722	1
219	8723	1
219	8974	2
219	9135	2
219	9284	3
219	9995	1
219	10027	1
219	10342	1
219	10460	1
219	10499	1
219	10503	1
219	10512	2
219	10513	1
219	10515	1
219	11234	2
219	11237	1
219	11240	1
219	11307	1
219	11492	1
219	11575	1
219	11777	1
221	230	2
221	237	1
221	278	2
221	286	1
221	334	1
221	343	1
221	521	6
221	534	1
221	542	1
221	546	3
221	589	2
221	669	2
221	705	1
221	774	1
221	922	1
221	1249	3
221	1254	1
221	1447	3
221	1449	3
221	1459	1
221	1460	3
221	1462	2
221	1553	1
221	1588	1
221	1784	1
221	1811	1
221	1888	1
221	1949	1
221	2326	4
221	2519	1
221	2592	4
221	2593	4
221	2699	1
221	2721	1
221	2725	2
221	2773	1
221	2776	1
221	3251	1
221	3401	4
221	3409	1
221	3410	3
221	3411	2
221	3475	2
221	3589	2
221	3683	1
221	3704	1
221	3726	3
221	3881	1
221	4052	1
221	4242	2
221	4253	2
221	4274	1
221	4287	1
221	4411	2
221	4417	1
221	4683	6
221	4710	1
221	4729	2
221	4775	1
221	4959	1
221	5207	1
221	5249	1
221	5332	2
221	5382	3
221	5410	1
221	5484	1
221	5487	2
221	5488	1
221	5503	3
221	5530	4
221	5533	6
221	5606	1
221	5664	1
221	5683	1
221	5732	1
221	5796	1
221	5854	2
221	5855	1
221	5995	1
221	6011	3
221	6077	1
221	6134	4
221	6288	1
221	6292	1
221	6329	2
221	6532	1
221	6582	2
221	6707	2
221	6749	1
221	6836	2
221	6838	1
221	6839	1
221	6930	1
221	6966	1
221	7094	3
221	7097	2
221	7115	2
221	7150	1
221	7528	1
221	7530	1
221	7698	2
221	7867	4
221	8143	1
221	8147	1
221	8605	1
221	8672	1
221	8701	1
221	8723	1
221	8851	2
221	8918	1
221	9069	1
221	9135	1
221	9284	2
221	9533	1
221	9700	1
221	9701	1
221	9995	3
221	10027	2
221	10460	1
221	10512	1
221	10515	1
221	10556	1
221	10559	1
221	10561	1
221	10677	1
221	10731	1
221	11026	1
221	11234	1
221	11240	2
221	11424	1
221	11425	1
221	11492	1
221	11536	1
230	278	3
230	334	1
230	343	1
230	519	1
230	521	5
230	523	2
230	524	1
230	533	1
230	535	2
230	542	1
230	546	3
230	662	1
230	669	1
230	705	3
230	706	1
230	711	3
230	712	3
230	774	3
230	1053	1
230	1249	2
230	1253	1
230	1254	4
230	1260	1
230	1447	1
230	1448	1
230	1449	3
230	1459	2
230	1460	5
230	1462	2
230	1553	2
230	1588	2
230	1642	1
230	1888	1
230	2008	1
230	2215	1
230	2326	5
230	2592	6
230	2593	4
230	2640	1
230	2704	2
230	2724	1
230	2725	3
230	2726	1
230	2773	3
230	2775	1
230	2776	1
230	2819	1
230	2890	1
230	3401	3
230	3409	5
230	3410	6
230	3411	4
230	3450	1
230	3475	3
230	3589	2
230	3600	2
230	3683	1
230	3685	1
230	3726	3
230	3977	3
230	3989	1
230	4242	1
230	4253	2
230	4411	2
230	4664	1
230	4683	4
230	4710	1
230	4729	5
230	4775	1
230	5022	1
230	5207	3
230	5217	1
230	5302	1
230	5332	2
230	5382	2
230	5410	3
230	5484	1
230	5487	1
230	5488	2
230	5503	2
230	5530	6
230	5533	6
230	5594	2
230	5623	1
230	5732	3
230	5854	4
230	5855	1
230	6011	1
230	6134	4
230	6209	2
230	6288	4
230	6292	1
230	6311	1
230	6329	4
230	6371	1
230	6444	1
230	6707	1
230	6852	1
230	6930	1
230	7004	1
230	7094	5
230	7097	4
230	7098	2
230	7119	2
230	7144	1
230	7434	1
230	7528	2
230	7664	1
230	7700	1
230	7767	1
230	7867	4
230	7966	1
230	8030	1
230	8038	1
230	8138	2
230	8166	1
230	8167	1
230	8362	1
230	8475	1
230	8476	1
230	8605	1
230	8672	1
230	8673	3
230	8699	2
230	8701	2
230	8722	1
230	8723	1
230	8974	2
230	9029	2
230	9135	1
230	9163	2
230	9284	6
230	9700	1
230	9701	1
230	9804	1
230	9806	1
230	9995	2
230	10027	1
230	10072	1
230	10342	1
230	10460	1
230	10499	1
230	10515	1
230	10556	1
230	10621	1
230	10677	2
230	10731	2
230	10734	2
230	10900	1
230	11021	1
230	11026	1
230	11078	1
230	11079	2
230	11234	3
230	11240	4
230	11288	1
230	11539	1
230	11575	1
230	11791	1
237	278	1
237	286	20
237	367	1
237	493	1
237	518	1
237	521	12
237	530	1
237	534	1
237	535	1
237	537	2
237	542	3
237	563	1
237	589	5
237	618	1
237	654	2
237	669	1
237	670	1
237	711	2
237	767	1
237	874	1
237	877	1
237	910	1
237	1018	1
237	1053	1
237	1218	1
237	1249	1
237	1296	2
237	1336	1
237	1447	5
237	1448	3
237	1449	7
237	1460	1
237	1553	3
237	1574	1
237	1588	1
237	1642	1
237	1712	7
237	1783	1
237	1876	1
237	1877	1
237	1888	1
237	1949	16
237	2008	8
237	2033	1
237	2101	1
237	2193	1
237	2208	2
237	2275	1
237	2326	3
237	2383	1
237	2482	1
237	2519	12
237	2590	1
237	2592	1
237	2593	7
237	2606	2
237	2685	2
237	2699	2
237	2704	4
237	2725	3
237	2726	4
237	2800	1
237	3173	2
237	3195	2
237	3207	1
237	3251	1
237	3401	7
237	3441	1
237	3475	1
237	3589	3
237	3592	3
237	3600	2
237	3679	1
237	3726	4
237	3783	1
237	3881	2
237	3974	1
237	4006	1
237	4008	1
237	4017	3
237	4052	1
237	4117	3
237	4242	3
237	4249	1
237	4274	4
237	4285	6
237	4286	1
237	4287	13
237	4411	1
237	4476	1
237	4683	9
237	4710	10
237	4729	3
237	4743	1
237	4779	3
237	4792	1
237	4803	2
237	4992	2
237	5086	1
237	5087	2
237	5089	1
237	5181	1
237	5217	1
237	5302	4
237	5378	1
237	5382	8
237	5488	3
237	5530	9
237	5533	9
237	5594	2
237	5683	2
237	5732	3
237	5796	1
237	5808	3
237	5834	5
237	5838	2
237	5854	8
237	5855	5
237	5882	1
237	5902	1
237	5918	1
237	5920	1
237	6011	1
237	6044	1
237	6077	3
237	6087	2
237	6134	5
237	6288	2
237	6329	2
237	6342	1
237	6437	2
237	6531	3
237	6532	7
237	6616	1
237	6836	3
237	6838	6
237	6852	1
237	6910	3
237	6966	3
237	7004	2
237	7094	3
237	7097	2
237	7115	1
237	7119	1
237	7132	1
237	7144	1
237	7172	1
237	7351	1
237	7396	1
237	7574	1
237	7609	1
237	7664	1
237	7698	2
237	7767	1
237	7771	1
237	7809	2
237	7867	3
237	7878	1
237	7947	2
237	7954	1
237	7986	1
237	8018	1
237	8038	2
237	8039	4
237	8060	3
237	8143	3
237	8147	4
237	8351	1
237	8362	1
237	8371	1
237	8374	1
237	8378	4
237	8380	2
237	8385	1
237	8605	2
237	8672	1
237	8673	1
237	8723	1
237	8851	4
237	8857	1
237	8918	3
237	8919	2
237	8974	1
237	9135	2
237	9223	1
237	9258	1
237	9284	6
237	9487	1
237	9614	3
237	9700	1
237	9701	1
237	9719	1
237	9998	1
237	10010	1
237	10011	1
237	10027	2
237	10072	1
237	10374	1
237	10444	1
237	10487	2
237	10512	3
237	10515	2
237	10556	2
237	10561	1
237	10584	1
237	10678	2
237	10803	1
237	10900	1
237	10949	1
237	10990	1
237	11086	1
237	11234	4
237	11240	4
237	11361	1
237	11424	3
237	11425	2
237	11456	2
237	11502	1
237	11517	3
237	11575	1
237	11698	1
237	11734	1
237	11820	1
278	286	1
278	343	1
278	459	1
278	493	1
278	521	12
278	523	1
278	524	1
278	529	1
278	533	1
278	534	1
278	535	1
278	542	3
278	546	2
278	654	1
278	662	1
278	669	2
278	670	1
278	705	3
278	711	3
278	712	2
278	767	1
278	771	1
278	774	2
278	877	2
278	910	1
278	1218	3
278	1249	2
278	1254	2
278	1336	1
278	1380	1
278	1447	3
278	1448	2
278	1449	7
278	1459	1
278	1460	3
278	1553	1
278	1588	1
278	1712	1
278	1784	1
278	1876	1
278	1877	1
278	1949	2
278	2026	1
278	2078	1
278	2101	1
278	2209	3
278	2215	1
278	2275	1
278	2326	6
278	2590	1
278	2592	8
278	2593	12
278	2606	1
278	2699	2
278	2704	2
278	2721	1
278	2724	2
278	2725	7
278	2726	3
278	2773	1
278	2776	1
278	2799	1
278	3173	1
278	3401	10
278	3409	3
278	3410	3
278	3411	2
278	3475	1
278	3525	1
278	3589	4
278	3592	2
278	3600	2
278	3610	1
278	3683	3
278	3685	1
278	3704	1
278	3726	4
278	3881	1
278	3931	1
278	3974	1
278	3977	2
278	4052	5
278	4242	8
278	4247	1
278	4249	1
278	4253	2
278	4287	1
278	4367	1
278	4411	3
278	4417	1
278	4430	1
278	4436	1
278	4519	1
278	4664	1
278	4683	10
278	4710	5
278	4729	10
278	4743	1
278	4828	1
278	4992	1
278	5022	3
278	5207	1
278	5302	1
278	5332	2
278	5382	11
278	5410	2
278	5488	10
278	5503	1
278	5530	16
278	5533	10
278	5594	2
278	5623	1
278	5663	2
278	5683	1
278	5732	6
278	5854	5
278	6011	3
278	6014	1
278	6044	1
278	6134	7
278	6166	1
278	6209	2
278	6288	3
278	6292	1
278	6324	1
278	6329	10
278	6342	1
278	6427	1
278	6531	1
278	6532	1
278	6827	2
278	6836	1
278	6839	1
278	6852	2
278	6930	1
278	6966	1
278	7004	1
278	7094	8
278	7097	3
278	7098	1
278	7115	2
278	7119	2
278	7150	5
278	7341	1
278	7342	1
278	7524	3
278	7528	1
278	7609	1
278	7664	1
278	7698	3
278	7700	1
278	7867	3
278	7878	1
278	7947	1
278	7954	1
278	7956	1
278	7966	4
278	7986	1
278	8038	1
278	8138	1
278	8143	3
278	8147	4
278	8167	1
278	8315	1
278	8374	1
278	8387	1
278	8605	1
278	8673	1
278	8699	2
278	8701	2
278	8722	2
278	8723	5
278	8849	1
278	8851	2
278	8918	2
278	8919	1
278	8939	2
278	8974	2
278	9029	1
278	9079	1
278	9135	1
278	9163	1
278	9252	1
278	9258	1
278	9260	1
278	9284	14
278	9487	1
278	9597	1
278	9700	1
278	9995	3
278	10027	3
278	10072	2
278	10444	1
278	10460	2
278	10499	3
278	10503	1
278	10512	1
278	10513	1
278	10514	1
278	10515	3
278	10556	1
278	10677	3
278	10731	1
278	10766	2
278	10921	1
278	10995	2
278	11045	1
278	11077	1
278	11078	6
278	11234	8
278	11240	12
278	11288	1
278	11307	1
278	11361	1
278	11424	2
278	11425	3
278	11492	4
278	11517	1
278	11536	1
278	11539	2
278	11777	1
286	367	1
286	460	1
286	493	1
286	498	1
286	518	1
286	521	16
286	534	1
286	537	1
286	542	1
286	589	5
286	618	4
286	654	3
286	669	2
286	670	1
286	711	7
286	767	2
286	771	1
286	774	1
286	874	1
286	910	1
286	1053	2
286	1218	1
286	1249	4
286	1253	1
286	1254	2
286	1296	1
286	1386	1
286	1447	7
286	1448	4
286	1449	11
286	1460	1
286	1553	2
286	1574	2
286	1642	2
286	1653	1
286	1712	7
286	1783	6
286	1876	3
286	1877	2
286	1931	2
286	1949	24
286	2008	9
286	2026	1
286	2033	3
286	2101	4
286	2208	1
286	2209	1
286	2210	1
286	2275	1
286	2326	4
286	2383	1
286	2390	1
286	2482	1
286	2519	18
286	2592	2
286	2593	7
286	2606	2
286	2609	1
286	2685	2
286	2699	1
286	2704	2
286	2725	6
286	2726	6
286	2805	1
286	2819	1
286	2839	1
286	2890	3
286	2895	2
286	2924	1
286	3195	2
286	3207	2
286	3251	1
286	3376	2
286	3401	9
286	3410	1
286	3441	3
286	3475	1
286	3525	1
286	3589	4
286	3592	1
286	3600	1
286	3610	1
286	3685	1
286	3726	5
286	3783	2
286	3881	1
286	3945	1
286	3974	2
286	4006	4
286	4008	1
286	4017	1
286	4052	2
286	4117	4
286	4242	3
286	4247	1
286	4249	2
286	4274	3
286	4285	6
286	4286	3
286	4287	22
286	4411	4
286	4417	1
286	4430	1
286	4436	1
286	4519	1
286	4683	14
286	4710	12
286	4729	5
286	4736	1
286	4743	1
286	4775	2
286	4779	3
286	4792	1
286	4803	1
286	4832	2
286	4959	1
286	4992	2
286	5022	1
286	5086	1
286	5087	2
286	5089	1
286	5181	2
286	5217	2
286	5302	6
286	5378	1
286	5382	10
286	5410	1
286	5488	8
286	5530	12
286	5533	6
286	5594	3
286	5663	2
286	5683	3
286	5732	7
286	5769	1
286	5796	1
286	5808	5
286	5834	8
286	5838	3
286	5854	8
286	5855	5
286	5902	1
286	6011	2
286	6044	2
286	6077	3
286	6087	3
286	6134	4
286	6170	1
286	6209	2
286	6288	4
286	6292	1
286	6329	1
286	6342	1
286	6427	2
286	6437	6
286	6444	1
286	6531	7
286	6532	13
286	6749	1
286	6836	4
286	6838	7
286	6839	2
286	6910	3
286	6966	3
286	7004	3
286	7094	6
286	7097	2
286	7115	2
286	7143	1
286	7172	2
286	7351	2
286	7396	1
286	7457	2
286	7524	1
286	7574	1
286	7577	1
286	7609	1
286	7664	2
286	7698	3
286	7700	1
286	7767	1
286	7771	3
286	7809	4
286	7867	3
286	7928	1
286	7947	4
286	7954	2
286	7966	2
286	7986	1
286	8018	1
286	8038	2
286	8039	4
286	8060	3
286	8143	7
286	8147	6
286	8166	2
286	8351	1
286	8371	1
286	8374	1
286	8378	6
286	8380	3
286	8385	2
286	8475	1
286	8605	2
286	8673	2
286	8699	1
286	8723	1
286	8851	9
286	8857	1
286	8918	4
286	8919	3
286	8974	6
286	9069	1
286	9135	3
286	9226	1
286	9284	6
286	9292	1
286	9482	1
286	9487	1
286	9501	1
286	9614	4
286	9700	2
286	9701	1
286	9806	1
286	9900	2
286	9995	2
286	9998	1
286	10010	1
286	10011	1
286	10027	5
286	10072	2
286	10444	3
286	10487	2
286	10499	1
286	10503	1
286	10512	5
286	10515	2
286	10556	1
286	10561	1
286	10584	3
286	10678	2
286	10709	1
286	10900	1
286	10921	2
286	10949	2
286	11045	1
286	11077	1
286	11086	3
286	11234	9
286	11240	9
286	11307	1
286	11361	1
286	11424	2
286	11425	2
286	11456	3
286	11491	3
286	11502	1
286	11517	3
286	11539	2
286	11575	2
286	11647	2
286	11698	2
286	11734	1
286	11777	1
286	11791	2
286	11820	2
334	343	3
334	459	1
334	520	1
334	521	6
334	523	1
334	535	2
334	537	1
334	542	1
334	669	1
334	705	1
334	706	1
334	711	1
334	774	1
334	877	1
334	922	3
334	1018	1
334	1218	2
334	1260	1
334	1447	3
334	1448	2
334	1449	1
334	1588	5
334	1784	1
334	1815	1
334	1888	1
334	1889	1
334	1949	1
334	2008	1
334	2101	1
334	2119	1
334	2275	1
334	2326	4
334	2593	1
334	2606	1
334	2704	1
334	2725	1
334	2726	1
334	2850	1
334	3401	2
334	3450	1
334	3475	6
334	3589	1
334	3726	5
334	3881	1
334	3977	2
334	4242	4
334	4485	1
334	4683	1
334	4710	2
334	4729	1
334	4736	1
334	4828	1
334	4959	1
334	5207	1
334	5382	4
334	5410	2
334	5484	5
334	5487	3
334	5488	2
334	5530	1
334	5533	3
334	5562	2
334	5683	1
334	5732	3
334	5854	2
334	6134	1
334	6292	1
334	6311	1
334	6324	1
334	6329	2
334	6582	2
334	6681	1
334	6707	3
334	6896	1
334	7004	2
334	7094	3
334	7097	4
334	7098	1
334	7143	1
334	7144	1
334	7150	2
334	7973	1
334	7986	1
334	8038	2
334	8039	1
334	8147	1
334	8166	2
334	8167	1
334	8672	1
334	8673	1
334	8722	1
334	8723	1
334	8918	1
334	8939	1
334	8974	2
334	9069	1
334	9135	1
334	9284	2
334	9579	1
334	9995	4
334	10460	3
334	10487	1
334	10677	3
334	10678	1
334	10900	3
334	11021	1
334	11077	1
334	11132	1
334	11234	4
334	11240	1
334	11424	1
334	11491	1
343	438	1
343	460	1
343	519	1
343	521	9
343	523	1
343	533	2
343	535	2
343	537	1
343	542	2
343	669	1
343	705	1
343	711	1
343	774	2
343	877	1
343	922	2
343	1218	2
343	1447	4
343	1448	1
343	1449	1
343	1525	1
343	1588	6
343	1758	1
343	1949	3
343	2208	2
343	2326	5
343	2592	1
343	2593	2
343	2606	2
343	2699	1
343	2704	2
343	2725	1
343	2768	1
343	3195	1
343	3401	5
343	3450	1
343	3475	5
343	3589	1
343	3726	5
343	4052	4
343	4242	3
343	4253	1
343	4287	1
343	4411	1
343	4430	1
343	4436	1
343	4683	5
343	4710	3
343	4729	2
343	4775	1
343	4959	1
343	5382	7
343	5410	4
343	5484	6
343	5487	4
343	5488	5
343	5530	2
343	5533	8
343	5562	1
343	5594	1
343	5663	1
343	5731	1
343	5732	4
343	5854	4
343	5902	1
343	6014	1
343	6134	1
343	6288	3
343	6292	1
343	6311	1
343	6329	5
343	6582	3
343	6707	3
343	6827	2
343	6836	1
343	6910	1
343	6966	1
343	7004	4
343	7094	2
343	7097	3
343	7143	1
343	7144	2
343	7150	1
343	7172	1
343	7730	1
343	7954	1
343	7966	2
343	8038	2
343	8147	2
343	8167	1
343	8378	1
343	8475	1
343	8605	2
343	8672	1
343	8673	3
343	8722	2
343	8723	1
343	8801	1
343	8851	1
343	8974	3
343	9069	1
343	9079	1
343	9135	2
343	9246	1
343	9260	2
343	9284	6
343	9995	5
343	10027	2
343	10118	2
343	10460	4
343	10503	1
343	10512	1
343	10515	1
343	10677	6
343	10678	1
343	10900	2
343	10950	1
343	10990	1
343	11234	5
343	11240	3
343	11288	2
343	11307	1
343	11424	1
343	11425	1
343	11539	2
343	11734	1
343	11777	1
367	379	2
367	380	1
367	459	1
367	493	1
367	518	1
367	519	1
367	521	5
367	524	1
367	534	1
367	563	1
367	589	1
367	771	1
367	877	1
367	922	1
367	1053	1
367	1218	1
367	1447	1
367	1448	1
367	1449	1
367	1588	1
367	1712	1
367	1784	1
367	1811	1
367	1889	1
367	1949	2
367	2078	1
367	2326	2
367	2519	1
367	2590	1
367	2592	1
367	2593	3
367	2606	1
367	2799	1
367	2803	1
367	2805	1
367	3173	1
367	3195	1
367	3251	1
367	3401	3
367	3881	2
367	3931	1
367	4052	2
367	4242	4
367	4247	1
367	4249	4
367	4683	3
367	4710	1
367	4729	2
367	4743	1
367	4828	1
367	5087	1
367	5302	1
367	5382	4
367	5484	1
367	5488	2
367	5530	2
367	5796	1
367	5902	1
367	5918	2
367	5920	2
367	5994	1
367	6329	1
367	6750	2
367	6838	1
367	7132	1
367	7342	1
367	7436	1
367	7528	2
367	7698	1
367	7767	1
367	7986	1
367	8030	1
367	8143	1
367	8147	2
367	8605	1
367	8722	1
367	8723	1
367	8851	1
367	8918	1
367	8974	1
367	9135	1
367	9163	1
367	9252	1
367	9254	1
367	9260	1
367	9284	2
367	9920	1
367	9995	3
367	9998	2
367	10072	1
367	10460	1
367	10512	1
367	10677	1
367	10803	1
367	11234	2
367	11307	1
367	11492	1
367	11536	1
367	11539	1
379	380	4
379	493	1
379	498	1
379	519	1
379	521	4
379	530	1
379	534	1
379	563	1
379	771	1
379	1053	1
379	1336	1
379	1574	1
379	1811	1
379	1889	1
379	1949	1
379	2060	1
379	2078	1
379	2182	1
379	2326	1
379	2390	1
379	2592	1
379	2593	2
379	2606	1
379	2799	1
379	2803	1
379	2805	1
379	2924	1
379	3173	2
379	3207	1
379	3251	1
379	3401	3
379	3783	1
379	3879	2
379	3881	1
379	3931	1
379	3945	1
379	3974	2
379	3989	2
379	4052	2
379	4242	3
379	4243	1
379	4249	2
379	4411	1
379	4471	1
379	4476	2
379	4479	1
379	4485	1
379	4683	1
379	4729	2
379	4743	1
379	4792	2
379	4803	1
379	4991	1
379	4992	2
379	5249	2
379	5302	2
379	5382	2
379	5488	2
379	5792	2
379	5793	1
379	5794	1
379	5796	1
379	5918	1
379	5920	1
379	5994	1
379	6011	1
379	6371	1
379	6444	1
379	6750	1
379	6836	2
379	6966	1
379	7115	1
379	7119	2
379	7132	1
379	7341	3
379	7342	4
379	7436	1
379	7528	3
379	7664	2
379	7767	2
379	7867	1
379	7928	1
379	7966	1
379	7986	1
379	8018	2
379	8030	3
379	8143	2
379	8147	1
379	8373	1
379	8851	2
379	9135	1
379	9226	1
379	9284	1
379	9920	1
379	9995	4
379	9998	1
379	10118	1
379	10374	1
379	10460	1
379	10515	1
379	10621	2
379	10766	1
379	10866	1
379	11132	1
379	11234	4
379	11307	1
379	11424	1
379	11425	1
379	11536	1
379	11539	1
379	11777	1
379	11791	1
380	519	1
380	521	2
380	534	1
380	563	1
380	1525	1
380	1811	1
380	1889	1
380	1949	2
380	2182	1
380	2326	1
380	2390	1
380	2526	1
380	2592	1
380	2593	1
380	2606	1
380	2799	1
380	2803	2
380	2805	1
380	3173	2
380	3207	1
380	3251	1
380	3401	2
380	3783	1
380	3879	2
380	3881	2
380	3974	1
380	4242	2
380	4249	1
380	4287	1
380	4411	1
380	4471	1
380	4476	2
380	4479	1
380	4485	1
380	4664	1
380	4729	1
380	4775	1
380	4792	1
380	4803	1
380	5249	3
380	5382	1
380	5488	2
380	5792	2
380	5793	1
380	5794	1
380	5796	1
380	5838	1
380	5918	1
380	5920	2
380	5994	2
380	6011	1
380	6444	1
380	6531	1
380	6750	1
380	6836	2
380	6966	1
380	7115	2
380	7119	1
380	7132	1
380	7341	2
380	7342	2
380	7436	2
380	7528	3
380	7530	1
380	7664	1
380	7767	1
380	7928	1
380	8018	2
380	8030	3
380	8143	1
380	8147	1
380	8373	1
380	8851	1
380	9069	1
380	9995	2
380	9998	1
380	10515	1
380	10621	2
380	10766	1
380	11234	2
380	11424	1
380	11425	1
380	11777	1
418	493	2
418	521	5
418	524	1
418	530	1
418	537	1
418	662	1
418	711	1
418	910	1
418	1260	1
418	1386	1
418	1447	1
418	1448	1
418	1449	2
418	1453	1
418	1460	1
418	1525	1
418	1588	1
418	1815	1
418	1889	1
418	2011	2
418	2101	1
418	2326	2
418	2494	1
418	2606	1
418	2704	1
418	2724	2
418	2850	1
418	3207	1
418	3251	1
418	3401	5
418	3475	2
418	3589	2
418	3726	2
418	4008	1
418	4052	2
418	4411	1
418	4417	1
418	4683	4
418	4710	2
418	4729	4
418	4736	1
418	4743	3
418	4828	1
418	5382	3
418	5488	3
418	5530	4
418	5533	2
418	5656	1
418	5664	2
418	5732	2
418	5793	2
418	5794	1
418	5854	1
418	6288	1
418	6292	1
418	6311	1
418	6324	2
418	6329	2
418	6342	1
418	6427	1
418	6508	1
418	6836	1
418	6852	1
418	7004	1
418	7094	1
418	7097	2
418	7150	1
418	7172	1
418	7342	1
418	7730	1
418	7867	1
418	8038	1
418	8147	2
418	8166	2
418	8204	1
418	8672	2
418	8673	1
418	8699	1
418	8722	2
418	8723	1
418	8974	3
418	9135	1
418	9284	3
418	9700	1
418	9806	1
418	10072	1
418	10118	1
418	10342	1
418	10374	1
418	10460	1
418	10514	1
418	10515	1
418	10677	2
418	10803	1
418	11021	1
418	11045	2
418	11079	1
418	11234	3
418	11237	1
418	11240	4
418	11288	1
418	11307	1
418	11491	1
418	11492	1
418	11539	2
418	11734	1
418	11820	1
426	521	2
426	669	1
426	874	1
426	1018	1
426	1053	1
426	1254	1
426	1449	1
426	1453	1
426	1454	1
426	1459	1
426	1497	2
426	1642	1
426	1653	1
426	1815	1
426	1949	1
426	2390	1
426	2482	1
426	2592	1
426	2606	1
426	2699	1
426	2725	1
426	2839	1
426	3207	1
426	3376	1
426	3525	1
426	3679	1
426	3879	1
426	4050	1
426	4242	1
426	4287	1
426	4288	1
426	4471	1
426	4476	2
426	4519	1
426	4525	1
426	4683	1
426	4710	1
426	4803	1
426	5086	1
426	5302	1
426	5382	1
426	5530	2
426	5533	1
426	5562	1
426	5623	1
426	5792	1
426	5854	1
426	5855	2
426	6329	1
426	6444	1
426	7341	1
426	7342	2
426	7438	1
426	7722	1
426	7928	1
426	8018	1
426	8030	2
426	8147	1
426	8373	1
426	8385	1
426	8672	1
426	8857	2
426	8974	2
426	9135	1
426	9246	1
426	9284	1
426	9482	1
426	9533	1
426	9920	1
426	10010	1
426	10072	1
426	10342	1
426	10866	1
426	11079	1
438	518	1
438	519	2
438	520	1
438	521	4
438	537	1
438	1218	1
438	1449	1
438	1758	1
438	1949	2
438	2008	1
438	2208	1
438	2209	1
438	2275	1
438	2326	1
438	2593	2
438	2782	1
438	2799	1
438	3401	2
438	3881	1
438	3977	1
438	4017	1
438	4242	2
438	4247	1
438	4253	1
438	4479	1
438	5022	1
438	5378	1
438	5382	2
438	5484	1
438	5488	1
438	5530	1
438	5732	1
438	5995	2
438	6324	1
438	6329	1
438	6749	2
438	6750	1
438	6827	1
438	7097	1
438	7144	1
438	7524	1
438	7954	1
438	8378	1
438	8385	1
438	8387	2
438	8605	1
438	9258	1
438	9284	1
438	9995	1
438	10513	1
438	10677	1
438	10678	1
438	10866	1
438	11234	1
438	11491	1
459	460	2
459	520	1
459	521	13
459	523	1
459	529	1
459	534	1
459	535	1
459	537	5
459	542	2
459	662	2
459	669	2
459	705	2
459	706	3
459	711	1
459	771	1
459	877	4
459	922	1
459	1018	1
459	1218	7
459	1249	1
459	1253	1
459	1254	1
459	1260	1
459	1336	1
459	1440	1
459	1447	8
459	1448	7
459	1449	6
459	1454	1
459	1460	1
459	1462	1
459	1553	4
459	1588	7
459	1815	1
459	1888	1
459	1949	3
459	2008	2
459	2026	1
459	2119	1
459	2163	1
459	2215	1
459	2275	1
459	2325	1
459	2326	13
459	2482	1
459	2592	1
459	2593	3
459	2606	4
459	2640	1
459	2699	1
459	2704	1
459	2724	5
459	2725	5
459	2726	3
459	2775	2
459	2782	2
459	2819	1
459	2850	1
459	3314	1
459	3401	4
459	3410	2
459	3411	1
459	3450	3
459	3475	3
459	3589	1
459	3683	1
459	3726	7
459	3881	2
459	3931	1
459	3977	3
459	3980	2
459	3989	1
459	4052	4
459	4242	3
459	4253	1
459	4287	1
459	4411	1
459	4417	1
459	4485	1
459	4644	3
459	4683	5
459	4710	2
459	4729	4
459	4736	2
459	4828	2
459	5207	2
459	5332	1
459	5382	6
459	5410	6
459	5484	3
459	5488	8
459	5530	11
459	5533	9
459	5538	1
459	5562	2
459	5683	2
459	5732	6
459	5792	1
459	5793	1
459	5794	1
459	5838	1
459	5854	3
459	5855	2
459	5902	1
459	6054	1
459	6134	1
459	6292	1
459	6324	1
459	6329	8
459	6342	1
459	6427	1
459	6508	1
459	6532	1
459	6681	1
459	6707	1
459	6839	1
459	6852	4
459	6930	1
459	7004	3
459	7094	6
459	7097	9
459	7098	1
459	7143	3
459	7144	1
459	7150	3
459	7172	1
459	7577	1
459	7698	1
459	7730	1
459	7767	1
459	7867	1
459	7954	1
459	7956	1
459	7966	2
459	7973	1
459	7986	1
459	8030	1
459	8038	3
459	8039	1
459	8147	5
459	8166	6
459	8167	1
459	8385	2
459	8475	1
459	8476	1
459	8574	1
459	8605	3
459	8624	5
459	8673	3
459	8701	1
459	8722	5
459	8723	7
459	8801	1
459	8851	2
459	8918	4
459	8974	5
459	9079	2
459	9135	1
459	9163	1
459	9252	3
459	9254	2
459	9256	1
459	9258	2
459	9260	1
459	9284	14
459	9417	1
459	9482	1
459	9531	4
459	9579	2
459	9700	3
459	9920	2
459	9995	1
459	10072	3
459	10118	1
459	10342	6
459	10460	3
459	10487	1
459	10499	1
459	10512	2
459	10515	1
459	10677	8
459	10678	1
459	10766	1
459	10803	2
459	10900	1
459	10995	1
459	11021	2
459	11026	1
459	11077	2
459	11079	1
459	11132	2
459	11178	1
459	11234	6
459	11240	8
459	11288	1
459	11307	2
459	11361	2
459	11424	3
459	11425	1
459	11491	3
459	11492	4
459	11539	1
459	11575	1
459	11820	2
460	521	8
460	529	2
460	535	2
460	537	1
460	542	1
460	669	1
460	706	3
460	711	1
460	767	1
460	774	1
460	1053	1
460	1218	5
460	1249	1
460	1296	1
460	1336	1
460	1380	1
460	1447	6
460	1448	2
460	1449	6
460	1454	1
460	1553	1
460	1588	2
460	1627	1
460	1949	3
460	2163	1
460	2208	1
460	2209	1
460	2210	1
460	2215	1
460	2275	1
460	2326	6
460	2383	1
460	2494	1
460	2640	2
460	2721	1
460	2724	4
460	2725	2
460	2726	2
460	2768	1
460	2775	1
460	2850	1
460	2924	1
460	3401	1
460	3409	1
460	3410	1
460	3450	2
460	3475	1
460	3589	1
460	3726	2
460	3881	1
460	3977	2
460	3980	1
460	4008	1
460	4287	2
460	4683	1
460	4710	2
460	4729	1
460	4736	1
460	4779	1
460	4959	2
460	4991	1
460	5022	1
460	5217	1
460	5302	1
460	5332	1
460	5382	2
460	5410	1
460	5487	1
460	5488	5
460	5530	6
460	5533	3
460	5606	1
460	5731	2
460	5732	2
460	5769	1
460	5854	2
460	5855	1
460	6134	1
460	6288	1
460	6311	1
460	6329	5
460	6508	1
460	6595	2
460	6750	1
460	6852	2
460	6910	2
460	7004	2
460	7094	5
460	7097	2
460	7730	4
460	8060	1
460	8167	1
460	8244	1
460	8374	1
460	8476	1
460	8574	2
460	8605	2
460	8624	3
460	8673	2
460	8722	3
460	8723	1
460	8801	2
460	8851	1
460	8974	2
460	9122	1
460	9135	1
460	9163	1
460	9246	1
460	9254	2
460	9256	2
460	9258	2
460	9260	1
460	9284	6
460	9417	2
460	9482	1
460	9531	1
460	9533	1
460	9700	3
460	9806	2
460	9995	1
460	10072	1
460	10342	2
460	10677	3
460	10678	2
460	10995	1
460	11021	1
460	11079	1
460	11178	1
460	11234	3
460	11240	3
460	11361	3
460	11424	1
460	11425	1
460	11491	6
460	11492	2
460	11734	2
493	521	7
493	537	1
493	662	1
493	771	1
493	1053	1
493	1218	2
493	1386	1
493	1447	1
493	1448	1
493	1449	3
493	1525	1
493	1588	1
493	1712	1
493	1889	1
493	1949	2
493	2008	1
493	2011	2
493	2025	1
493	2078	2
493	2208	1
493	2209	1
493	2325	1
493	2326	3
493	2482	1
493	2592	2
493	2593	3
493	2685	1
493	2725	1
493	2850	2
493	3251	2
493	3401	4
493	3475	2
493	3592	1
493	3704	1
493	3726	1
493	3881	1
493	4017	1
493	4052	4
493	4117	1
493	4242	2
493	4249	1
493	4285	1
493	4287	1
493	4411	2
493	4430	1
493	4436	1
493	4683	5
493	4710	1
493	4729	5
493	4743	5
493	4828	1
493	5181	1
493	5302	1
493	5332	1
493	5378	1
493	5382	5
493	5488	3
493	5530	4
493	5533	3
493	5663	2
493	5664	3
493	5683	2
493	5793	1
493	5794	1
493	5854	1
493	5855	1
493	5918	1
493	6054	1
493	6324	1
493	6329	1
493	6508	1
493	6836	1
493	7004	1
493	7094	1
493	7097	2
493	7150	3
493	7172	1
493	7342	1
493	7524	1
493	7528	1
493	7767	1
493	7867	1
493	7947	2
493	7956	1
493	7986	2
493	8038	1
493	8039	1
493	8138	1
493	8143	2
493	8147	2
493	8672	2
493	8673	1
493	8699	1
493	8722	1
493	8723	1
493	8849	1
493	8851	1
493	8918	1
493	8919	1
493	8974	2
493	9079	1
493	9135	1
493	9284	4
493	9501	1
493	9920	1
493	9995	1
493	10460	2
493	10487	1
493	10499	2
493	10677	1
493	10678	1
493	11078	1
493	11234	6
493	11240	4
493	11288	2
493	11307	2
493	11361	1
493	11491	1
493	11492	1
493	11536	1
493	11539	3
493	11734	1
493	11777	1
498	521	2
498	529	1
498	616	1
498	1084	1
498	1447	1
498	1525	1
498	1574	2
498	1627	1
498	1712	1
498	1949	1
498	2025	1
498	2060	4
498	2519	1
498	2699	1
498	3295	1
498	3525	3
498	3945	2
498	3989	2
498	4287	1
498	4367	1
498	4465	1
498	4775	2
498	4792	1
498	4832	3
498	5302	3
498	5382	1
498	6371	1
498	6595	1
498	6836	1
498	7341	2
498	7342	1
498	7396	1
498	7664	1
498	8143	1
498	8371	2
498	8373	1
498	8374	1
498	8851	3
498	8974	1
498	9226	1
498	9597	1
498	9614	1
498	9920	1
498	10866	4
498	11240	1
498	11791	2
518	519	2
518	520	1
518	521	5
518	523	1
518	524	2
518	1053	1
518	1784	1
518	2008	1
518	2025	1
518	2519	1
518	2590	2
518	2592	1
518	2593	4
518	2609	1
518	2699	2
518	3401	4
518	3881	2
518	3974	1
518	4242	3
518	4247	1
518	4249	2
518	4253	1
518	4430	1
518	4436	1
518	4683	2
518	4729	1
518	5302	1
518	5382	2
518	5488	1
518	5918	1
518	5920	1
518	5995	1
518	6288	1
518	6427	1
518	6749	1
518	6750	3
518	6836	1
518	6838	1
518	7172	1
518	7342	1
518	7698	2
518	7878	1
518	7986	1
518	8143	1
518	8147	1
518	8387	2
518	8849	1
518	8851	2
518	9135	1
518	9995	3
518	9998	1
518	10460	1
518	10499	1
518	10512	3
518	10513	1
518	10515	1
518	10866	1
518	11234	1
518	11237	1
518	11240	1
518	11425	2
518	11777	1
519	520	1
519	521	8
519	523	2
519	524	2
519	535	1
519	542	1
519	563	2
519	662	1
519	877	1
519	1260	1
519	1758	1
519	1811	1
519	1888	1
519	1889	1
519	1949	1
519	2119	1
519	2326	1
519	2592	1
519	2593	2
519	2606	3
519	2609	1
519	2699	1
519	2799	1
519	2803	1
519	2805	1
519	3173	1
519	3251	1
519	3401	4
519	3589	1
519	3592	1
519	3610	1
519	3726	2
519	3881	2
519	4006	1
519	4242	9
519	4247	1
519	4249	2
519	4411	1
519	4683	4
519	4710	2
519	4729	1
519	5382	5
519	5410	1
519	5488	2
519	5530	1
519	5533	2
519	5562	1
519	5606	1
519	5854	4
519	5855	1
519	5902	1
519	5920	2
519	5994	2
519	5995	1
519	6044	1
519	6311	2
519	6329	1
519	6749	1
519	6750	2
519	6827	1
519	7097	1
519	7119	1
519	7132	2
519	7143	1
519	7144	1
519	7436	1
519	7528	1
519	7577	1
519	7700	1
519	7954	1
519	8030	1
519	8038	1
519	8147	3
519	8378	1
519	8387	1
519	9079	1
519	9284	2
519	9995	4
519	9998	3
519	10515	1
519	10556	1
519	10677	2
519	10900	1
519	10950	1
519	11234	2
519	11240	1
519	11425	1
519	11777	1
520	521	5
520	529	1
520	533	1
520	534	2
520	535	1
520	542	1
520	669	1
520	771	1
520	1018	1
520	1218	1
520	1336	1
520	1440	2
520	1447	2
520	1448	3
520	1459	1
520	1712	2
520	1784	1
520	1815	2
520	1889	1
520	2326	1
520	2592	2
520	2593	2
520	2609	3
520	2725	1
520	2800	2
520	2805	2
520	3314	1
520	3401	1
520	3450	2
520	3475	2
520	3726	1
520	4242	6
520	4683	1
520	4710	1
520	4828	1
520	5382	1
520	5410	1
520	5488	2
520	5530	2
520	5732	1
520	5854	1
520	5855	1
520	5918	1
520	5920	1
520	5994	2
520	5995	1
520	6342	1
520	6681	1
520	6749	1
520	6750	1
520	6896	2
520	6966	2
520	7094	3
520	7132	1
520	7150	1
520	7172	1
520	7698	1
520	7954	1
520	8166	2
520	8387	1
520	8475	1
520	8801	1
520	8918	1
520	8939	1
520	9920	3
520	9995	1
520	10512	1
520	11021	2
520	11026	1
520	11077	3
520	11132	1
520	11240	1
520	11424	3
521	523	8
521	524	6
521	529	5
521	530	3
521	533	3
521	534	11
521	535	7
521	537	20
521	542	20
521	546	4
521	563	3
521	589	5
521	616	2
521	618	3
521	654	3
521	662	10
521	669	14
521	670	1
521	705	8
521	706	5
521	711	16
521	712	4
521	767	3
521	771	7
521	774	4
521	877	10
521	910	2
521	922	4
521	1018	7
521	1053	9
521	1084	2
521	1218	19
521	1249	14
521	1253	4
521	1254	7
521	1260	8
521	1296	1
521	1336	7
521	1380	1
521	1386	2
521	1440	4
521	1447	39
521	1448	23
521	1449	41
521	1453	2
521	1454	2
521	1459	4
521	1460	12
521	1462	4
521	1497	3
521	1525	4
521	1553	9
521	1588	24
521	1598	3
521	1627	2
521	1642	3
521	1653	2
521	1677	1
521	1712	7
521	1758	2
521	1783	2
521	1784	4
521	1811	2
521	1815	4
521	1876	2
521	1877	4
521	1888	3
521	1889	5
521	1949	31
521	2008	12
521	2011	4
521	2025	3
521	2026	3
521	2033	1
521	2060	2
521	2078	5
521	2101	5
521	2119	4
521	2155	1
521	2163	4
521	2182	1
521	2193	1
521	2208	9
521	2209	8
521	2210	3
521	2215	2
521	2275	5
521	2325	4
521	2326	56
521	2390	2
521	2482	4
521	2494	3
521	2519	7
521	2590	4
521	2592	23
521	2593	32
521	2606	17
521	2609	4
521	2640	5
521	2685	4
521	2699	6
521	2704	15
521	2721	2
521	2724	12
521	2725	26
521	2726	11
521	2768	9
521	2773	4
521	2775	1
521	2776	3
521	2782	4
521	2799	5
521	2800	4
521	2803	4
521	2805	4
521	2819	2
521	2839	2
521	2850	7
521	2890	3
521	2895	5
521	2898	1
521	2924	1
521	3173	4
521	3195	3
521	3207	3
521	3224	3
521	3242	5
521	3251	5
521	3295	2
521	3314	5
521	3376	1
521	3401	60
521	3409	4
521	3410	10
521	3411	5
521	3441	2
521	3450	9
521	3475	22
521	3525	1
521	3589	15
521	3592	3
521	3600	4
521	3610	8
521	3679	1
521	3683	1
521	3685	5
521	3704	1
521	3726	38
521	3783	1
521	3879	3
521	3881	20
521	3931	3
521	3945	3
521	3974	7
521	3977	9
521	3980	1
521	3989	4
521	4006	6
521	4008	8
521	4017	4
521	4050	2
521	4052	32
521	4117	3
521	4242	51
521	4243	6
521	4247	6
521	4249	14
521	4253	7
521	4274	1
521	4285	8
521	4286	1
521	4287	17
521	4288	2
521	4367	6
521	4411	14
521	4417	1
521	4430	3
521	4436	3
521	4465	4
521	4471	2
521	4476	3
521	4479	5
521	4485	3
521	4519	3
521	4525	2
521	4644	5
521	4664	1
521	4683	78
521	4710	46
521	4729	47
521	4736	5
521	4743	9
521	4775	5
521	4779	1
521	4792	1
521	4828	7
521	4832	1
521	4959	6
521	4991	1
521	4992	1
521	5022	6
521	5086	1
521	5087	2
521	5181	3
521	5207	5
521	5217	5
521	5249	3
521	5302	15
521	5332	5
521	5378	4
521	5382	91
521	5410	26
521	5484	14
521	5487	6
521	5488	50
521	5503	2
521	5530	82
521	5533	53
521	5538	3
521	5562	7
521	5594	6
521	5606	3
521	5623	5
521	5655	2
521	5656	3
521	5663	6
521	5664	4
521	5683	4
521	5731	3
521	5732	41
521	5769	2
521	5792	3
521	5793	5
521	5794	5
521	5796	2
521	5808	2
521	5834	3
521	5854	39
521	5855	15
521	5882	2
521	5902	3
521	5918	7
521	5920	4
521	5994	7
521	5995	4
521	6011	5
521	6014	2
521	6044	8
521	6054	3
521	6077	3
521	6087	3
521	6134	17
521	6166	4
521	6170	2
521	6209	5
521	6288	11
521	6292	4
521	6311	8
521	6324	5
521	6329	39
521	6342	6
521	6371	2
521	6427	5
521	6437	2
521	6463	4
521	6508	6
521	6531	5
521	6532	8
521	6582	3
521	6595	2
521	6616	3
521	6681	3
521	6707	4
521	6749	5
521	6750	7
521	6827	2
521	6836	11
521	6838	5
521	6839	5
521	6852	7
521	6896	1
521	6910	3
521	6930	5
521	6966	7
521	7004	14
521	7094	39
521	7097	37
521	7098	2
521	7115	3
521	7119	8
521	7132	4
521	7143	4
521	7144	6
521	7150	13
521	7172	11
521	7341	4
521	7342	6
521	7351	1
521	7396	1
521	7434	3
521	7436	3
521	7438	2
521	7457	2
521	7524	4
521	7528	9
521	7530	5
521	7574	2
521	7577	1
521	7664	6
521	7698	15
521	7700	9
521	7722	2
521	7730	4
521	7767	10
521	7867	15
521	7878	3
521	7928	1
521	7947	3
521	7954	4
521	7956	3
521	7966	10
521	7973	3
521	7986	7
521	8018	2
521	8019	1
521	8030	3
521	8038	17
521	8039	3
521	8060	1
521	8138	8
521	8143	12
521	8147	39
521	8166	13
521	8167	7
521	8204	6
521	8244	5
521	8315	3
521	8351	4
521	8362	4
521	8371	3
521	8373	7
521	8374	3
521	8378	3
521	8380	1
521	8385	5
521	8387	6
521	8475	6
521	8476	3
521	8574	6
521	8605	15
521	8624	6
521	8672	9
521	8673	13
521	8699	4
521	8701	5
521	8722	18
521	8723	24
521	8773	1
521	8801	4
521	8849	3
521	8851	19
521	8857	5
521	8918	12
521	8919	4
521	8939	3
521	8974	30
521	9029	5
521	9069	3
521	9079	6
521	9122	3
521	9135	13
521	9163	3
521	9223	1
521	9226	2
521	9246	5
521	9252	4
521	9254	2
521	9256	2
521	9258	7
521	9260	11
521	9284	84
521	9292	1
521	9417	2
521	9482	2
521	9487	2
521	9501	3
521	9531	4
521	9533	1
521	9579	3
521	9597	4
521	9614	1
521	9700	12
521	9701	3
521	9719	3
521	9806	3
521	9920	10
521	9995	31
521	9998	7
521	10010	2
521	10027	17
521	10072	11
521	10118	9
521	10342	12
521	10374	3
521	10444	6
521	10460	16
521	10487	5
521	10499	13
521	10503	2
521	10512	8
521	10513	4
521	10514	3
521	10515	10
521	10556	8
521	10557	4
521	10559	5
521	10561	4
521	10584	3
521	10621	2
521	10677	38
521	10678	6
521	10709	4
521	10731	3
521	10734	3
521	10766	4
521	10803	8
521	10866	5
521	10900	7
521	10921	2
521	10949	5
521	10950	4
521	10990	3
521	10995	2
521	11021	3
521	11026	1
521	11045	5
521	11077	6
521	11078	2
521	11079	5
521	11132	5
521	11178	4
521	11234	62
521	11237	6
521	11240	51
521	11288	8
521	11307	12
521	11361	7
521	11424	18
521	11425	7
521	11456	2
521	11491	14
521	11492	10
521	11502	1
521	11517	3
521	11536	3
521	11539	12
521	11575	3
521	11698	5
521	11734	6
521	11777	11
521	11791	2
521	11820	5
523	524	4
523	529	2
523	535	4
523	537	1
523	542	2
523	767	1
523	774	1
523	1053	2
523	1084	1
523	1336	2
523	1386	1
523	1447	1
523	1598	1
523	1677	1
523	1758	1
523	1888	2
523	1949	1
523	2326	2
523	2590	1
523	2592	2
523	2593	3
523	2606	3
523	2609	1
523	2699	2
523	2704	2
523	2799	1
523	3401	1
523	3441	1
523	3475	2
523	3726	2
523	3881	2
523	3974	1
523	4017	1
523	4052	2
523	4242	5
523	4243	1
523	4247	2
523	4249	3
523	4411	1
523	4465	1
523	4710	1
523	5302	1
523	5382	5
523	5410	1
523	5484	1
523	5487	1
523	5488	2
523	5530	1
523	5533	3
523	5538	1
523	5732	1
523	5854	1
523	5918	1
523	5994	1
523	6011	1
523	6166	1
523	6329	1
523	6427	2
523	6707	1
523	7094	1
523	7119	2
523	7150	1
523	7172	3
523	7434	1
523	7438	1
523	7698	1
523	7700	2
523	7767	2
523	7878	1
523	7954	2
523	8147	1
523	8373	1
523	8672	1
523	8673	1
523	8722	1
523	8723	1
523	8773	1
523	8974	2
523	9135	1
523	9223	1
523	9252	1
523	9284	2
523	9995	2
523	9998	1
523	10010	1
523	10460	1
523	10499	1
523	10512	1
523	10514	1
523	10900	1
523	11234	2
523	11240	1
523	11288	1
523	11307	1
523	11492	1
523	11777	1
524	530	1
524	535	1
524	537	2
524	542	1
524	654	1
524	662	1
524	669	1
524	670	1
524	711	1
524	910	1
524	1260	1
524	1447	1
524	1448	1
524	1449	1
524	1453	1
524	1460	1
524	1588	1
524	1784	1
524	1815	1
524	1888	2
524	2011	1
524	2326	2
524	2494	1
524	2590	1
524	2592	2
524	2593	3
524	2606	1
524	2609	1
524	2699	1
524	2704	2
524	2724	2
524	2725	1
524	2726	1
524	2850	1
524	3207	1
524	3401	4
524	3450	1
524	3475	2
524	3589	1
524	3726	3
524	3881	1
524	3931	1
524	4008	1
524	4052	3
524	4242	4
524	4247	2
524	4249	3
524	4417	1
524	4683	2
524	4710	2
524	4729	2
524	4736	1
524	4743	1
524	5382	5
524	5488	2
524	5503	1
524	5530	2
524	5533	3
524	5656	1
524	5732	2
524	5793	1
524	5854	2
524	5918	1
524	5920	1
524	6134	1
524	6288	1
524	6292	1
524	6324	1
524	6329	3
524	6342	1
524	6427	1
524	6582	1
524	6750	1
524	6836	1
524	6852	1
524	7094	2
524	7097	2
524	7119	1
524	7150	1
524	7342	1
524	7524	1
524	7698	2
524	7730	1
524	7767	2
524	7867	1
524	7878	1
524	7954	1
524	7966	1
524	8147	2
524	8166	2
524	8204	1
524	8315	1
524	8475	1
524	8672	1
524	8722	1
524	8851	1
524	8974	1
524	9135	1
524	9260	1
524	9284	3
524	9700	1
524	9806	1
524	9995	3
524	9998	1
524	10027	1
524	10072	1
524	10342	1
524	10374	1
524	10512	1
524	10513	1
524	10514	1
524	10515	1
524	10677	2
524	10766	1
524	10803	1
524	11021	2
524	11026	1
524	11045	1
524	11077	1
524	11079	1
524	11234	2
524	11240	2
524	11288	1
524	11734	1
524	11777	1
524	11820	1
529	533	1
529	534	1
529	535	2
529	537	1
529	542	2
529	654	1
529	669	1
529	706	1
529	767	2
529	771	1
529	1018	1
529	1053	1
529	1218	1
529	1336	2
529	1386	1
529	1447	2
529	1448	1
529	1459	1
529	1677	1
529	1712	1
529	1949	2
529	2008	1
529	2060	2
529	2325	1
529	2390	1
529	2592	4
529	2593	3
529	2606	2
529	2609	1
529	2699	1
529	2704	1
529	2724	1
529	2725	1
529	2726	1
529	2800	1
529	2805	1
529	2839	1
529	2850	2
529	3242	1
529	3251	1
529	3401	1
529	3441	1
529	3475	2
529	3525	1
529	3726	1
529	3881	3
529	3980	1
529	4008	2
529	4242	4
529	4249	1
529	4367	1
529	4411	1
529	4465	1
529	4519	1
529	4644	1
529	4664	2
529	4683	2
529	4710	2
529	4729	4
529	4832	1
529	4991	1
529	5022	1
529	5302	2
529	5382	3
529	5488	3
529	5530	5
529	5533	2
529	5538	1
529	5731	2
529	5732	2
529	5793	1
529	5794	2
529	5796	1
529	5854	1
529	5855	1
529	5918	1
529	5994	2
529	6166	1
529	6329	2
529	6427	1
529	6508	1
529	6836	1
529	6896	1
529	6966	1
529	7094	3
529	7097	1
529	7119	2
529	7150	1
529	7172	3
529	7341	3
529	7342	2
529	7434	1
529	7664	1
529	7698	1
529	7700	1
529	7730	1
529	7986	1
529	8147	2
529	8244	2
529	8371	2
529	8373	3
529	8374	1
529	8476	1
529	8624	1
529	8672	1
529	8673	1
529	8722	1
529	8974	2
529	9069	1
529	9135	1
529	9258	1
529	9284	4
529	9292	1
529	9487	1
529	9597	1
529	9700	1
529	9920	2
529	9998	1
529	10027	1
529	10499	1
529	10512	1
529	10514	1
529	10584	1
529	10866	2
529	10995	1
529	11234	2
529	11240	1
529	11424	3
529	11425	1
529	11491	1
529	11575	1
529	11791	1
530	537	1
530	662	1
530	711	2
530	910	1
530	1254	1
530	1260	1
530	1447	1
530	1448	1
530	1449	2
530	1453	1
530	1460	1
530	1588	1
530	1783	1
530	1815	1
530	1931	1
530	1949	1
530	2011	1
530	2326	1
530	2390	1
530	2494	1
530	2593	1
530	2606	1
530	2699	1
530	2704	2
530	2724	1
530	2800	1
530	3173	2
530	3207	2
530	3401	3
530	3475	1
530	3589	1
530	3592	1
530	3726	1
530	3783	1
530	3881	1
530	3945	1
530	3977	1
530	4008	1
530	4017	1
530	4052	2
530	4242	1
530	4243	1
530	4367	1
530	4411	1
530	4417	1
530	4683	3
530	4710	2
530	4729	1
530	4736	1
530	4743	1
530	5382	2
530	5488	4
530	5530	3
530	5533	2
530	5656	1
530	5732	2
530	5793	1
530	5854	2
530	6134	1
530	6288	2
530	6292	1
530	6324	1
530	6329	2
530	6342	1
530	6427	1
530	6836	2
530	6852	2
530	7094	1
530	7097	2
530	7119	1
530	7342	1
530	7730	1
530	7966	1
530	8143	1
530	8147	2
530	8166	1
530	8204	1
530	8672	1
530	8722	1
530	8851	1
530	8974	2
530	9135	1
530	9284	2
530	9700	2
530	9701	1
530	9806	1
530	10072	1
530	10118	1
530	10342	1
530	10374	1
530	10514	1
530	10515	1
530	10677	1
530	10803	1
530	10990	1
530	11021	1
530	11045	1
530	11079	1
530	11132	1
530	11234	3
530	11240	2
530	11361	1
530	11536	1
530	11734	1
530	11820	1
533	534	1
533	537	1
533	542	1
533	669	1
533	705	1
533	1018	1
533	1053	1
533	1218	1
533	1447	2
533	1449	1
533	1459	1
533	1553	1
533	1588	1
533	1642	1
533	1712	1
533	1949	1
533	2208	1
533	2326	1
533	2592	3
533	2593	3
533	2606	1
533	2609	1
533	2699	1
533	2704	1
533	2725	1
533	2800	1
533	2805	1
533	2819	1
533	2890	1
533	3195	1
533	3401	3
533	3589	1
533	3726	1
533	3989	1
533	4052	2
533	4242	2
533	4253	1
533	4287	1
533	4411	1
533	4664	1
533	4683	2
533	4710	3
533	4729	2
533	4775	1
533	5302	1
533	5382	2
533	5410	1
533	5484	1
533	5488	1
533	5530	2
533	5533	2
533	5663	1
533	5732	1
533	5854	2
533	5855	1
533	5994	1
533	6014	2
533	6288	1
533	6311	1
533	6329	1
533	6371	1
533	6444	1
533	6827	1
533	6910	1
533	6966	2
533	7004	1
533	7172	2
533	7434	1
533	7528	1
533	7664	1
533	7767	1
533	7966	1
533	8030	1
533	8362	1
533	8673	1
533	8974	2
533	9079	1
533	9135	1
533	9260	1
533	9284	2
533	9804	1
533	9920	2
533	10027	1
533	10118	1
533	10460	2
533	10503	2
533	10621	1
533	10677	1
533	10900	1
533	10990	1
533	11234	2
533	11240	3
533	11288	1
533	11307	1
533	11424	1
533	11425	1
533	11539	1
533	11575	1
533	11777	1
533	11791	1
534	535	1
534	537	2
534	542	4
534	589	1
534	616	1
534	618	1
534	669	1
534	877	1
534	910	1
534	922	1
534	1018	1
534	1218	1
534	1336	1
534	1447	2
534	1448	2
534	1449	1
534	1459	1
534	1588	1
534	1642	1
534	1677	1
534	1712	1
534	1931	1
534	1949	4
534	2326	2
534	2390	1
534	2519	1
534	2592	2
534	2593	4
534	2606	1
534	2609	2
534	2685	1
534	2725	1
534	2800	2
534	2805	2
534	2890	1
534	3207	1
534	3251	1
534	3314	1
534	3401	4
534	3525	1
534	3783	1
534	3879	1
534	3881	2
534	3931	2
534	3945	1
534	3974	1
534	4008	2
534	4052	2
534	4242	4
534	4243	1
534	4274	1
534	4285	1
534	4287	1
534	4411	1
534	4476	1
534	4479	1
534	4485	1
534	4683	4
534	4710	2
534	4729	2
534	4828	1
534	5249	1
534	5302	1
534	5382	5
534	5484	1
534	5488	3
534	5530	5
534	5732	1
534	5792	1
534	5793	1
534	5794	1
534	5796	1
534	5854	1
534	5855	1
534	5994	2
534	6011	3
534	6077	1
534	6134	1
534	6329	1
534	6342	1
534	6444	1
534	6463	1
534	6532	1
534	6616	1
534	6827	1
534	6836	4
534	6838	1
534	6839	1
534	6966	3
534	7115	2
534	7119	1
534	7150	1
534	7172	1
534	7341	1
534	7342	1
534	7436	1
534	7664	1
534	7698	1
534	7767	2
534	7973	1
534	7986	2
534	8018	1
534	8030	1
534	8143	1
534	8373	1
534	8605	1
534	8722	1
534	8723	1
534	8851	1
534	8918	3
534	8919	1
534	8974	2
534	9069	1
534	9163	1
534	9252	1
534	9254	1
534	9260	1
534	9284	4
534	9719	1
534	9920	2
534	9995	1
534	10072	1
534	10374	2
534	10444	1
534	10499	2
534	10512	1
534	10515	2
534	10584	1
534	10621	1
534	10677	1
534	10766	1
534	10803	1
534	10949	1
534	11045	1
534	11132	2
534	11234	3
534	11240	3
534	11424	4
534	11425	1
534	11492	1
534	11517	1
534	11777	1
534	11820	1
535	537	1
535	542	3
535	563	1
535	706	1
535	767	1
535	771	1
535	774	2
535	922	1
535	1018	1
535	1053	1
535	1218	2
535	1336	1
535	1380	1
535	1386	1
535	1447	4
535	1448	1
535	1449	1
535	1588	2
535	1888	2
535	1889	1
535	1949	1
535	2008	1
535	2101	1
535	2208	1
535	2325	1
535	2326	4
535	2592	1
535	2593	2
535	2606	3
535	2609	1
535	2699	2
535	2704	1
535	2724	1
535	2768	1
535	2800	1
535	2805	1
535	3173	1
535	3401	2
535	3441	1
535	3450	1
535	3475	5
535	3726	4
535	3881	1
535	4017	1
535	4242	5
535	4249	1
535	4411	1
535	4465	1
535	4683	2
535	4710	2
535	4729	1
535	5332	1
535	5382	7
535	5410	2
535	5484	2
535	5487	2
535	5488	5
535	5530	3
535	5533	3
535	5538	1
535	5562	1
535	5731	1
535	5732	3
535	5794	1
535	5854	1
535	5918	1
535	5920	1
535	5994	2
535	6311	2
535	6329	3
535	6427	2
535	6508	1
535	6595	1
535	6707	1
535	6896	1
535	6966	1
535	7004	1
535	7094	3
535	7097	3
535	7119	1
535	7132	1
535	7150	1
535	7172	1
535	7434	1
535	7698	1
535	7700	1
535	7767	1
535	7878	1
535	7986	1
535	8038	1
535	8147	2
535	8167	1
535	8373	1
535	8605	1
535	8672	2
535	8673	2
535	8722	3
535	8723	2
535	8801	1
535	8974	2
535	9135	3
535	9246	1
535	9252	1
535	9260	1
535	9284	4
535	9920	1
535	9995	3
535	9998	1
535	10460	1
535	10499	1
535	10677	1
535	10678	1
535	10900	1
535	11234	5
535	11240	2
535	11424	1
535	11491	1
535	11492	1
535	11734	1
537	542	9
537	616	1
537	618	2
537	662	2
537	669	1
537	705	1
537	706	2
537	711	3
537	767	1
537	771	1
537	877	1
537	910	1
537	1018	2
537	1053	1
537	1218	4
537	1260	3
537	1296	1
537	1336	1
537	1380	1
537	1447	8
537	1448	8
537	1449	8
537	1453	1
537	1460	1
537	1462	1
537	1525	1
537	1553	2
537	1588	8
537	1598	1
537	1627	1
537	1653	1
537	1783	1
537	1815	1
537	1876	1
537	1877	1
537	1888	1
537	1949	7
537	2008	4
537	2011	2
537	2026	3
537	2033	1
537	2119	3
537	2193	1
537	2208	4
537	2209	1
537	2275	2
537	2325	2
537	2326	11
537	2390	1
537	2482	1
537	2494	2
537	2590	1
537	2592	2
537	2593	6
537	2606	5
537	2685	3
537	2699	1
537	2704	7
537	2721	1
537	2724	2
537	2725	3
537	2726	1
537	2782	1
537	2850	2
537	2895	1
537	3195	1
537	3207	2
537	3314	1
537	3401	10
537	3441	1
537	3475	4
537	3525	1
537	3589	3
537	3610	1
537	3683	1
537	3726	10
537	3783	2
537	3879	1
537	3881	3
537	3945	1
537	3977	2
537	4008	1
537	4017	1
537	4050	1
537	4052	7
537	4117	1
537	4242	7
537	4243	1
537	4253	1
537	4285	4
537	4286	1
537	4287	4
537	4288	1
537	4411	2
537	4417	2
537	4485	1
537	4519	1
537	4525	1
537	4644	3
537	4664	1
537	4683	8
537	4710	7
537	4729	9
537	4736	2
537	4743	1
537	4828	1
537	5207	1
537	5249	1
537	5302	1
537	5378	2
537	5382	13
537	5410	6
537	5484	4
537	5488	8
537	5530	15
537	5533	11
537	5538	1
537	5606	1
537	5656	1
537	5664	1
537	5683	3
537	5732	8
537	5769	2
537	5793	1
537	5794	2
537	5854	7
537	5855	3
537	5882	1
537	5994	1
537	6014	1
537	6044	1
537	6054	2
537	6134	2
537	6166	1
537	6170	1
537	6288	3
537	6292	2
537	6311	2
537	6324	4
537	6329	9
537	6342	3
537	6427	1
537	6463	1
537	6508	1
537	6531	1
537	6616	1
537	6681	1
537	6707	1
537	6750	1
537	6836	2
537	6838	1
537	6852	3
537	6896	1
537	6910	1
537	6930	1
537	6966	2
537	7004	2
537	7094	6
537	7097	10
537	7098	1
537	7119	1
537	7143	3
537	7144	2
537	7150	4
537	7172	2
537	7342	1
537	7396	1
537	7434	2
537	7436	1
537	7524	1
537	7664	1
537	7698	4
537	7700	1
537	7730	3
537	7767	1
537	7809	2
537	7867	1
537	7878	2
537	7954	1
537	7966	3
537	7973	3
537	7986	2
537	8030	2
537	8038	3
537	8039	2
537	8138	1
537	8143	2
537	8147	9
537	8166	3
537	8167	2
537	8204	1
537	8351	1
537	8362	1
537	8373	2
537	8374	2
537	8385	2
537	8387	1
537	8605	1
537	8624	2
537	8672	3
537	8673	3
537	8722	3
537	8723	2
537	8851	5
537	8857	2
537	8918	4
537	8919	2
537	8939	1
537	8974	7
537	9069	1
537	9079	1
537	9135	5
537	9246	1
537	9258	2
537	9260	2
537	9284	19
537	9487	1
537	9531	3
537	9533	1
537	9579	1
537	9614	2
537	9700	2
537	9806	1
537	9920	3
537	9995	4
537	10027	2
537	10072	2
537	10118	2
537	10342	4
537	10374	1
537	10460	4
537	10487	3
537	10499	2
537	10512	2
537	10514	2
537	10515	2
537	10557	1
537	10677	10
537	10678	3
537	10766	1
537	10803	3
537	10900	3
537	10949	1
537	10950	1
537	10990	1
537	11021	1
537	11045	2
537	11079	2
537	11132	3
537	11234	10
537	11240	9
537	11288	3
537	11307	1
537	11361	2
537	11424	4
537	11425	1
537	11491	3
537	11492	1
537	11539	1
537	11734	2
537	11777	3
537	11820	1
542	563	2
542	589	1
542	654	1
542	662	1
542	669	1
542	705	2
542	706	1
542	711	2
542	767	1
542	877	2
542	922	1
542	1018	2
542	1053	1
542	1218	1
542	1253	1
542	1254	1
542	1260	2
542	1336	1
542	1386	1
542	1447	8
542	1448	7
542	1449	6
542	1460	1
542	1462	1
542	1553	4
542	1588	4
542	1888	2
542	1949	8
542	2008	4
542	2026	1
542	2119	3
542	2208	1
542	2275	1
542	2326	4
542	2390	1
542	2519	1
542	2590	1
542	2592	4
542	2593	5
542	2606	4
542	2609	1
542	2640	1
542	2685	1
542	2699	3
542	2704	9
542	2724	1
542	2725	3
542	2726	1
542	2775	1
542	2799	1
542	2800	1
542	2805	1
542	2839	1
542	2850	1
542	3173	2
542	3195	1
542	3251	3
542	3314	1
542	3401	8
542	3409	1
542	3410	1
542	3441	1
542	3450	1
542	3475	2
542	3525	1
542	3589	3
542	3610	1
542	3683	1
542	3726	5
542	3881	4
542	3977	1
542	4017	1
542	4052	3
542	4242	11
542	4243	2
542	4247	1
542	4249	2
542	4253	1
542	4274	1
542	4285	1
542	4287	3
542	4411	2
542	4465	1
542	4479	1
542	4485	1
542	4644	1
542	4683	7
542	4710	9
542	4729	8
542	4736	1
542	4775	1
542	5022	5
542	5217	1
542	5382	13
542	5410	4
542	5484	3
542	5488	7
542	5530	10
542	5533	10
542	5538	1
542	5562	1
542	5594	1
542	5683	1
542	5732	9
542	5854	6
542	5855	1
542	5918	1
542	5920	2
542	5994	1
542	5995	1
542	6011	2
542	6014	1
542	6044	1
542	6134	2
542	6288	2
542	6292	1
542	6311	1
542	6324	1
542	6329	6
542	6342	1
542	6427	1
542	6532	1
542	6582	1
542	6616	1
542	6707	2
542	6749	1
542	6750	3
542	6827	1
542	6836	1
542	6838	1
542	6852	1
542	6910	2
542	6966	6
542	7004	2
542	7094	3
542	7097	3
542	7098	1
542	7115	1
542	7119	2
542	7132	2
542	7143	2
542	7144	2
542	7150	1
542	7172	3
542	7434	1
542	7698	3
542	7700	3
542	7730	1
542	7767	2
542	7878	4
542	7954	1
542	7966	1
542	7973	2
542	7986	1
542	8030	1
542	8038	1
542	8039	1
542	8138	1
542	8147	7
542	8166	1
542	8167	1
542	8351	2
542	8373	2
542	8385	1
542	8387	1
542	8475	1
542	8476	1
542	8605	2
542	8624	1
542	8673	1
542	8723	3
542	8851	2
542	8918	3
542	8919	1
542	8974	5
542	9029	1
542	9069	2
542	9079	2
542	9163	1
542	9260	3
542	9284	12
542	9292	1
542	9531	1
542	9579	1
542	9700	2
542	9701	1
542	9806	1
542	9920	2
542	9995	3
542	9998	2
542	10027	4
542	10072	2
542	10118	1
542	10342	1
542	10460	2
542	10487	1
542	10499	4
542	10512	3
542	10514	2
542	10515	2
542	10677	6
542	10678	1
542	10734	1
542	10766	1
542	10803	1
542	10900	2
542	10949	1
542	10950	2
542	10990	1
542	10995	1
542	11021	1
542	11045	1
542	11078	1
542	11079	1
542	11132	3
542	11234	5
542	11240	7
542	11288	1
542	11307	1
542	11361	1
542	11424	7
542	11425	3
542	11491	2
542	11492	1
542	11539	1
542	11734	1
542	11777	5
546	669	2
546	705	1
546	711	1
546	712	1
546	774	2
546	1053	1
546	1249	3
546	1254	2
546	1449	3
546	1459	1
546	1460	3
546	1462	1
546	1497	1
546	1553	1
546	1588	1
546	1598	1
546	1642	1
546	1653	1
546	1758	1
546	2326	3
546	2592	4
546	2593	2
546	2725	3
546	2773	1
546	2776	1
546	3401	3
546	3409	2
546	3410	4
546	3411	3
546	3475	2
546	3589	2
546	3600	1
546	3679	1
546	3683	1
546	3726	2
546	3945	1
546	3974	1
546	3977	1
546	4253	1
546	4285	1
546	4367	1
546	4411	1
546	4519	1
546	4525	1
546	4683	3
546	4729	3
546	4959	1
546	5207	2
546	5302	1
546	5332	1
546	5382	2
546	5410	2
546	5488	2
546	5503	3
546	5530	3
546	5533	4
546	5594	1
546	5606	1
546	5732	2
546	5854	2
546	5855	1
546	6134	4
546	6209	1
546	6288	1
546	6292	1
546	6329	2
546	6371	1
546	6582	1
546	6930	2
546	7004	1
546	7094	3
546	7097	3
546	7098	1
546	7528	1
546	7664	1
546	7867	4
546	7973	1
546	8038	1
546	8138	1
546	8167	1
546	8673	1
546	8701	1
546	9226	1
546	9284	2
546	9533	1
546	9920	1
546	9995	2
546	10556	1
546	10677	1
546	10731	1
546	11240	1
546	11536	1
563	1811	2
563	1888	1
563	1889	1
563	2008	1
563	2025	1
563	2592	1
563	2606	2
563	2699	1
563	2799	1
563	2800	1
563	2803	1
563	2805	1
563	2895	1
563	3173	2
563	3251	1
563	3401	1
563	3726	1
563	3881	2
563	4017	1
563	4242	3
563	4249	1
563	5382	4
563	5533	1
563	5793	1
563	5794	1
563	5854	1
563	5918	1
563	5920	3
563	5994	1
563	6054	1
563	6324	1
563	6750	1
563	7115	1
563	7132	3
563	7150	1
563	7436	1
563	7528	1
563	7767	1
563	7878	1
563	8030	1
563	8147	2
563	8624	1
563	8723	1
563	9284	1
563	9920	1
563	9995	1
563	9998	3
563	10503	1
563	10513	1
563	11234	1
563	11425	1
589	654	2
589	1053	1
589	1336	1
589	1447	2
589	1448	1
589	1525	1
589	1642	1
589	1653	1
589	1677	1
589	1712	3
589	1758	1
589	1949	5
589	2008	1
589	2011	1
589	2326	2
589	2519	3
589	2593	2
589	2606	1
589	2725	1
589	2803	1
589	2924	1
589	3195	1
589	3251	1
589	3401	2
589	3726	1
589	3974	1
589	3989	1
589	4008	1
589	4247	1
589	4249	2
589	4274	1
589	4285	1
589	4287	3
589	4367	1
589	4479	1
589	4664	1
589	4683	2
589	4710	3
589	4729	2
589	4775	1
589	4779	1
589	4803	1
589	4992	1
589	5087	1
589	5249	1
589	5302	1
589	5382	2
589	5530	2
589	5533	1
589	5664	1
589	5732	1
589	5796	1
589	5808	2
589	5834	2
589	5854	2
589	5855	1
589	5882	1
589	5902	1
589	5994	1
589	6011	1
589	6077	3
589	6087	1
589	6134	1
589	6170	1
589	6463	1
589	6531	1
589	6532	1
589	6749	1
589	6836	4
589	6838	2
589	6839	2
589	6966	1
589	7004	1
589	7094	1
589	7115	2
589	7341	1
589	7342	1
589	7351	1
589	7434	1
589	7436	1
589	7528	1
589	7530	1
589	7574	1
589	7664	1
589	7698	3
589	7700	1
589	7767	1
589	7771	1
589	7867	1
589	7954	1
589	8143	2
589	8147	2
589	8204	1
589	8362	2
589	8378	2
589	8380	1
589	8672	1
589	8851	1
589	8918	1
589	9223	1
589	9292	1
589	9719	2
589	9995	1
589	10011	2
589	10374	1
589	10512	2
589	10515	1
589	10556	1
589	10561	1
589	10621	1
589	10866	1
589	10949	1
589	11307	1
589	11424	1
589	11517	2
589	11575	1
589	11820	1
606	618	2
606	1053	2
606	1084	1
606	1497	1
606	1877	1
606	2033	1
606	2383	1
606	2390	2
606	2593	1
606	2819	1
606	3295	1
606	3945	1
606	3989	1
606	4285	1
606	4286	2
606	4287	1
606	4288	1
606	4367	1
606	4710	1
606	4775	1
606	4779	1
606	5302	2
606	5834	2
606	7438	1
606	7664	1
606	7700	1
606	7809	1
606	8362	1
606	8373	1
606	8851	1
606	9482	1
606	9804	1
606	9900	1
606	10027	1
606	11240	1
606	11647	1
616	618	3
616	767	1
616	1447	1
616	1598	1
616	1627	2
616	1642	2
616	1653	1
616	1677	1
616	1877	1
616	1931	1
616	1949	4
616	2033	1
616	2060	2
616	2390	1
616	2685	1
616	3207	2
616	3295	1
616	3525	1
616	3783	2
616	3945	3
616	4117	2
616	4285	2
616	4287	3
616	4288	1
616	4367	1
616	4519	1
616	4525	1
616	4664	1
616	4775	1
616	5302	3
616	5382	1
616	5530	1
616	5854	1
616	6311	1
616	6444	1
616	6827	1
616	7396	3
616	7809	1
616	8147	1
616	8373	2
616	8374	2
616	8851	1
616	8857	2
616	9260	1
616	9487	2
616	9597	1
616	9614	2
616	9920	1
616	11086	1
616	11791	1
618	767	2
618	774	1
618	874	2
618	1249	1
618	1254	1
618	1296	1
618	1447	1
618	1449	1
618	1553	1
618	1574	1
618	1598	1
618	1627	4
618	1642	2
618	1653	2
618	1877	3
618	1949	7
618	2008	1
618	2033	2
618	2060	1
618	2390	3
618	2519	3
618	2592	2
618	2593	1
618	2609	1
618	2685	1
618	2725	1
618	2726	1
618	2805	1
618	2890	1
618	3207	1
618	3401	2
618	3441	4
618	3525	1
618	3685	1
618	3783	1
618	3881	1
618	3945	4
618	3989	1
618	4050	2
618	4052	1
618	4117	4
618	4242	1
618	4274	3
618	4285	7
618	4286	6
618	4287	9
618	4288	2
618	4519	2
618	4525	1
618	4644	1
618	4664	2
618	4683	2
618	4710	2
618	4779	1
618	4792	1
618	4832	1
618	5022	1
618	5302	4
618	5382	3
618	5410	1
618	5488	2
618	5530	2
618	5683	1
618	5769	1
618	5808	1
618	5838	1
618	5854	1
618	5855	2
618	5918	1
618	6011	2
618	6044	1
618	6077	1
618	6166	1
618	6170	1
618	6311	1
618	6324	1
618	6427	1
618	6531	1
618	6532	1
618	7094	1
618	7396	3
618	7434	1
618	7436	3
618	7767	1
618	7771	2
618	7809	7
618	8143	1
618	8147	1
618	8166	1
618	8371	1
618	8373	1
618	8374	4
618	8851	2
618	8857	2
618	8974	2
618	9135	1
618	9226	1
618	9260	1
618	9284	2
618	9482	1
618	9487	2
618	9501	1
618	9614	6
618	9920	1
618	9995	1
618	9998	1
618	10010	1
618	10027	1
618	10499	1
618	10512	1
618	10515	1
618	10584	2
618	11086	1
618	11234	3
618	11240	3
618	11288	1
618	11424	1
618	11647	1
618	11777	1
654	662	1
654	669	1
654	670	1
654	1553	1
654	1642	1
654	1653	1
654	1949	5
654	2008	1
654	2209	1
654	2210	1
654	2383	2
654	2390	1
654	2592	3
654	2593	2
654	2606	1
654	2699	1
654	2725	1
654	2839	1
654	2924	1
654	3251	1
654	3401	1
654	3592	1
654	3600	2
654	3704	1
654	3726	1
654	4052	1
654	4242	1
654	4247	1
654	4249	1
654	4285	1
654	4287	2
654	4683	1
654	4710	2
654	4729	2
654	4775	1
654	4959	1
654	4992	1
654	5089	1
654	5302	1
654	5332	1
654	5382	1
654	5488	1
654	5530	1
654	5533	1
654	5732	1
654	5808	1
654	5854	2
654	6134	2
654	6329	1
654	6749	1
654	6966	1
654	7115	1
654	7119	1
654	7150	1
654	7351	3
654	7524	1
654	7574	1
654	7609	2
654	7664	1
654	7698	2
654	7700	2
654	7767	1
654	7954	2
654	8147	2
654	8167	1
654	8315	1
654	8373	2
654	8605	1
654	8624	1
654	8918	1
654	9069	1
654	9246	1
654	9260	1
654	9284	2
654	9292	1
654	9995	1
654	10027	1
654	10512	2
654	10513	1
654	10514	1
654	10515	1
654	10766	1
654	10949	1
654	11234	1
654	11240	1
654	11425	1
654	11491	1
654	11575	1
662	669	3
662	705	3
662	711	3
662	877	3
662	910	2
662	1218	1
662	1249	1
662	1253	2
662	1254	2
662	1260	3
662	1336	1
662	1380	1
662	1440	1
662	1447	6
662	1448	3
662	1449	5
662	1453	1
662	1454	1
662	1460	3
662	1462	3
662	1553	2
662	1588	4
662	1784	1
662	1815	1
662	1949	1
662	2011	1
662	2078	1
662	2119	1
662	2193	4
662	2209	1
662	2326	9
662	2383	1
662	2494	2
662	2592	3
662	2593	3
662	2606	1
662	2640	2
662	2704	2
662	2721	1
662	2724	3
662	2725	4
662	2726	2
662	2768	1
662	2775	1
662	3195	1
662	3207	1
662	3401	6
662	3409	1
662	3410	3
662	3411	1
662	3475	1
662	3525	1
662	3589	5
662	3592	3
662	3600	1
662	3610	1
662	3685	1
662	3704	1
662	3726	5
662	3879	2
662	3881	2
662	4008	1
662	4052	2
662	4242	2
662	4249	1
662	4253	1
662	4411	3
662	4417	1
662	4430	1
662	4436	1
662	4465	1
662	4476	1
662	4479	3
662	4485	1
662	4644	1
662	4683	11
662	4710	4
662	4729	8
662	4736	1
662	4743	2
662	4775	1
662	5022	1
662	5207	1
662	5217	1
662	5332	4
662	5382	3
662	5410	2
662	5484	2
662	5488	4
662	5530	12
662	5533	5
662	5538	1
662	5606	2
662	5655	1
662	5656	2
662	5663	2
662	5683	1
662	5732	2
662	5793	2
662	5854	5
662	5855	3
662	5918	1
662	6288	2
662	6292	1
662	6311	1
662	6324	3
662	6329	6
662	6342	1
662	6427	1
662	6508	1
662	6836	1
662	6852	1
662	7094	4
662	7097	3
662	7119	2
662	7143	1
662	7150	2
662	7341	1
662	7342	1
662	7351	1
662	7524	1
662	7577	1
662	7609	1
662	7700	4
662	7730	1
662	7956	1
662	7986	1
662	8019	1
662	8030	1
662	8038	1
662	8138	2
662	8143	2
662	8147	3
662	8166	2
662	8204	2
662	8475	1
662	8476	1
662	8605	2
662	8624	1
662	8672	1
662	8673	1
662	8699	1
662	8722	1
662	8723	4
662	8849	1
662	8974	2
662	9029	2
662	9079	1
662	9135	2
662	9163	1
662	9252	1
662	9284	11
662	9533	1
662	9579	1
662	9700	3
662	9701	1
662	9806	2
662	9995	2
662	10027	3
662	10072	4
662	10342	4
662	10374	1
662	10460	2
662	10514	1
662	10515	3
662	10677	4
662	10803	3
662	10866	1
662	10900	1
662	10990	1
662	11021	2
662	11045	1
662	11077	1
662	11078	2
662	11079	3
662	11234	6
662	11237	1
662	11240	7
662	11288	1
662	11361	2
662	11425	1
662	11492	5
662	11539	1
662	11734	2
662	11777	2
662	11820	1
669	670	3
669	705	2
669	706	2
669	711	9
669	712	3
669	774	1
669	877	3
669	1018	2
669	1218	3
669	1249	5
669	1253	3
669	1254	6
669	1260	3
669	1447	9
669	1448	2
669	1449	11
669	1453	1
669	1454	1
669	1459	4
669	1460	3
669	1462	2
669	1497	1
669	1588	8
669	1712	1
669	1815	1
669	1888	1
669	1949	1
669	2008	2
669	2011	1
669	2026	1
669	2119	2
669	2155	1
669	2193	1
669	2275	1
669	2326	13
669	2519	2
669	2592	5
669	2593	5
669	2606	2
669	2609	1
669	2640	1
669	2704	1
669	2724	4
669	2725	9
669	2726	3
669	2768	1
669	2773	1
669	2800	2
669	2805	1
669	2819	1
669	2850	1
669	2890	1
669	2895	2
669	2898	3
669	3195	2
669	3224	4
669	3295	1
669	3314	1
669	3401	13
669	3409	1
669	3410	5
669	3411	3
669	3450	1
669	3475	3
669	3589	12
669	3592	1
669	3600	1
669	3610	1
669	3726	12
669	3881	1
669	3931	1
669	3977	3
669	3989	1
669	4006	1
669	4052	3
669	4242	2
669	4249	1
669	4253	2
669	4287	1
669	4411	3
669	4479	1
669	4485	1
669	4683	19
669	4710	6
669	4729	8
669	4736	4
669	4743	2
669	4775	1
669	4828	1
669	4959	2
669	4991	1
669	5086	3
669	5087	3
669	5089	2
669	5207	4
669	5217	2
669	5302	1
669	5332	1
669	5382	9
669	5410	6
669	5484	1
669	5488	6
669	5503	1
669	5530	18
669	5533	12
669	5538	1
669	5562	1
669	5594	6
669	5606	1
669	5623	1
669	5663	1
669	5683	2
669	5731	1
669	5732	5
669	5854	16
669	5855	9
669	5902	2
669	5994	1
669	6011	2
669	6044	2
669	6134	7
669	6209	1
669	6288	3
669	6292	3
669	6324	1
669	6329	8
669	6342	1
669	6371	1
669	6582	1
669	6616	1
669	6707	1
669	6839	1
669	6910	4
669	6930	4
669	6966	1
669	7004	3
669	7094	5
669	7097	8
669	7098	2
669	7143	1
669	7144	1
669	7150	1
669	7172	3
669	7524	1
669	7528	2
669	7530	1
669	7698	1
669	7722	1
669	7730	1
669	7867	3
669	7966	1
669	7973	1
669	7986	1
669	8038	7
669	8039	1
669	8060	1
669	8138	3
669	8143	1
669	8147	4
669	8166	3
669	8167	3
669	8315	2
669	8385	2
669	8476	1
669	8605	1
669	8673	4
669	8699	1
669	8701	1
669	8722	1
669	8723	5
669	8801	1
669	8851	3
669	8918	3
669	8974	7
669	9122	3
669	9135	1
669	9163	2
669	9252	1
669	9260	1
669	9284	18
669	9482	2
669	9533	3
669	9579	1
669	9597	1
669	9700	3
669	9920	1
669	9995	3
669	10027	12
669	10072	4
669	10118	1
669	10342	2
669	10444	1
669	10460	1
669	10487	1
669	10503	1
669	10512	1
669	10513	1
669	10556	2
669	10559	1
669	10677	8
669	10678	1
669	10709	1
669	10731	1
669	10766	2
669	10900	2
669	10921	1
669	10950	1
669	11021	1
669	11045	2
669	11079	1
669	11132	2
669	11234	8
669	11240	14
669	11424	1
669	11491	2
669	11492	6
669	11502	4
669	11536	1
669	11539	2
669	11734	1
670	711	2
670	712	1
670	910	2
670	1588	1
670	2008	1
670	2209	1
670	2326	2
670	2519	2
670	2592	3
670	2593	1
670	2725	2
670	2895	2
670	2898	3
670	3195	3
670	3224	7
670	3401	9
670	3589	6
670	3592	3
670	3600	4
670	3704	1
670	3726	2
670	4052	1
670	4479	1
670	4485	1
670	4683	11
670	4710	7
670	4729	5
670	4736	2
670	4828	1
670	5086	9
670	5087	3
670	5089	4
670	5382	1
670	5488	1
670	5530	3
670	5533	3
670	5538	2
670	5594	3
670	5854	8
670	5855	1
670	6011	1
670	6134	3
670	6288	1
670	6292	2
670	6329	1
670	6427	1
670	6595	1
670	6616	1
670	6910	2
670	6930	2
670	7004	1
670	7150	1
670	7351	1
670	7524	1
670	7609	1
670	7698	1
670	8038	1
670	8143	1
670	8147	1
670	8315	3
670	8974	1
670	9260	1
670	9284	7
670	9806	1
670	9995	1
670	10027	9
670	10512	1
670	10513	1
670	10515	1
670	10677	1
670	10766	4
670	10921	1
670	10990	1
670	11234	1
670	11240	7
670	11502	4
670	11820	1
705	706	3
705	711	3
705	712	2
705	774	1
705	877	4
705	1218	2
705	1249	2
705	1253	1
705	1254	2
705	1260	2
705	1447	7
705	1448	4
705	1449	6
705	1454	1
705	1459	1
705	1460	4
705	1462	2
705	1553	2
705	1588	2
705	1712	1
705	1815	1
705	1888	1
705	1949	1
705	2008	1
705	2119	2
705	2193	2
705	2275	1
705	2326	5
705	2494	1
705	2592	3
705	2593	4
705	2606	1
705	2640	2
705	2704	3
705	2724	1
705	2725	6
705	2726	4
705	2768	1
705	2773	1
705	2775	1
705	2776	1
705	2850	1
705	2895	1
705	3401	7
705	3409	3
705	3410	4
705	3411	1
705	3450	1
705	3475	3
705	3589	3
705	3592	1
705	3683	1
705	3685	1
705	3726	6
705	3881	1
705	3977	2
705	3980	1
705	4006	1
705	4052	1
705	4242	3
705	4243	1
705	4247	1
705	4253	2
705	4411	1
705	4479	1
705	4485	1
705	4683	6
705	4710	6
705	4729	7
705	4736	2
705	5022	2
705	5207	1
705	5217	1
705	5332	2
705	5382	3
705	5410	3
705	5484	2
705	5488	4
705	5503	2
705	5530	9
705	5533	8
705	5656	1
705	5663	1
705	5683	1
705	5732	3
705	5854	6
705	5855	1
705	5995	1
705	6014	1
705	6054	1
705	6134	3
705	6288	2
705	6292	1
705	6324	2
705	6329	5
705	6707	1
705	6827	1
705	6852	1
705	7004	1
705	7094	3
705	7097	4
705	7098	3
705	7143	1
705	7144	1
705	7150	1
705	7609	1
705	7700	2
705	7730	1
705	7867	2
705	7966	2
705	7973	1
705	7986	1
705	8038	1
705	8039	1
705	8138	1
705	8147	1
705	8166	2
705	8167	1
705	8204	1
705	8387	1
705	8475	2
705	8476	2
705	8605	3
705	8672	2
705	8673	1
705	8699	2
705	8701	2
705	8722	1
705	8723	5
705	8918	1
705	8939	1
705	8974	4
705	9029	2
705	9135	2
705	9163	1
705	9252	1
705	9284	8
705	9579	2
705	9700	1
705	9701	2
705	9806	1
705	9995	1
705	10027	3
705	10072	1
705	10342	2
705	10460	3
705	10487	1
705	10503	1
705	10556	1
705	10557	1
705	10559	1
705	10561	1
705	10677	2
705	10678	1
705	10709	1
705	10731	1
705	10734	1
705	10803	2
705	10900	1
705	11021	1
705	11026	2
705	11045	1
705	11077	1
705	11078	1
705	11079	3
705	11132	1
705	11234	6
705	11240	6
705	11288	1
705	11307	1
705	11425	1
705	11491	1
705	11492	2
705	11698	2
705	11734	1
706	711	2
706	877	3
706	1018	1
706	1218	4
706	1260	2
706	1336	1
706	1380	1
706	1447	7
706	1448	4
706	1449	3
706	1460	2
706	1525	1
706	1588	4
706	1888	1
706	1949	2
706	2008	1
706	2119	1
706	2163	1
706	2209	1
706	2215	1
706	2275	2
706	2326	7
706	2482	1
706	2593	1
706	2606	1
706	2704	1
706	2724	5
706	2725	5
706	2726	4
706	2773	1
706	2850	1
706	2895	1
706	3401	3
706	3410	1
706	3450	1
706	3475	1
706	3589	2
706	3726	3
706	3881	1
706	3977	1
706	3980	2
706	4242	3
706	4247	1
706	4287	1
706	4485	1
706	4710	1
706	4729	2
706	4736	1
706	4959	2
706	5207	2
706	5332	1
706	5378	1
706	5382	1
706	5410	3
706	5484	1
706	5488	3
706	5503	1
706	5530	7
706	5533	7
706	5656	1
706	5683	1
706	5732	7
706	5838	1
706	5854	3
706	5902	1
706	5995	1
706	6014	1
706	6134	3
706	6209	1
706	6288	1
706	6292	1
706	6311	1
706	6324	1
706	6329	2
706	6508	1
706	6532	1
706	6595	1
706	6707	1
706	6930	1
706	7004	3
706	7094	6
706	7097	6
706	7098	2
706	7119	1
706	7143	1
706	7144	2
706	7577	1
706	7609	1
706	7730	3
706	7867	2
706	7966	2
706	7973	1
706	7986	1
706	8038	2
706	8039	1
706	8138	1
706	8147	1
706	8166	3
706	8167	1
706	8475	1
706	8476	3
706	8574	1
706	8624	2
706	8672	1
706	8673	4
706	8722	1
706	8723	4
706	8918	2
706	8974	2
706	9029	1
706	9122	1
706	9135	1
706	9252	1
706	9258	1
706	9284	8
706	9417	1
706	9482	1
706	9579	2
706	9700	3
706	9701	1
706	10460	1
706	10487	2
706	10515	1
706	10557	1
706	10677	4
706	10678	1
706	10734	2
706	10900	2
706	10995	1
706	11026	1
706	11045	1
706	11077	1
706	11079	2
706	11132	1
706	11178	1
706	11234	2
706	11240	6
706	11361	1
706	11424	1
706	11425	2
706	11491	5
706	11698	1
706	11820	1
711	712	4
711	771	1
711	774	1
711	877	2
711	910	1
711	1018	1
711	1218	3
711	1249	4
711	1253	2
711	1254	6
711	1260	4
711	1447	4
711	1448	4
711	1449	15
711	1453	2
711	1459	1
711	1460	5
711	1462	2
711	1525	1
711	1553	1
711	1588	5
711	1815	1
711	1876	1
711	1877	1
711	1888	1
711	1931	1
711	1949	5
711	2008	3
711	2011	1
711	2026	1
711	2101	2
711	2119	1
711	2193	1
711	2215	1
711	2275	1
711	2326	10
711	2494	2
711	2519	3
711	2592	4
711	2593	2
711	2606	2
711	2640	2
711	2704	3
711	2724	1
711	2725	8
711	2726	4
711	2773	3
711	2775	1
711	2776	1
711	2850	1
711	2895	2
711	2898	2
711	3195	2
711	3207	2
711	3224	4
711	3314	1
711	3401	8
711	3409	3
711	3410	7
711	3411	2
711	3450	1
711	3475	6
711	3589	8
711	3592	1
711	3600	2
711	3610	1
711	3685	2
711	3726	13
711	3881	1
711	3974	1
711	3977	6
711	4006	3
711	4008	1
711	4052	6
711	4242	2
711	4253	1
711	4287	3
711	4411	5
711	4417	1
711	4430	3
711	4436	3
711	4471	1
711	4485	1
711	4683	17
711	4710	7
711	4729	9
711	4736	6
711	4743	3
711	4828	2
711	4959	1
711	5022	1
711	5086	2
711	5087	2
711	5089	2
711	5207	2
711	5217	3
711	5382	7
711	5410	7
711	5484	3
711	5488	10
711	5530	15
711	5533	12
711	5538	1
711	5594	6
711	5623	1
711	5656	1
711	5663	2
711	5683	1
711	5732	8
711	5792	1
711	5793	1
711	5854	13
711	5855	4
711	6011	1
711	6044	1
711	6134	4
711	6209	4
711	6288	9
711	6292	6
711	6311	1
711	6324	2
711	6329	8
711	6342	1
711	6427	2
711	6508	1
711	6531	2
711	6532	3
711	6595	1
711	6616	1
711	6707	1
711	6836	4
711	6839	2
711	6852	2
711	6910	4
711	6930	4
711	6966	1
711	7004	5
711	7094	6
711	7097	9
711	7098	2
711	7143	3
711	7144	1
711	7172	2
711	7342	2
711	7457	3
711	7528	1
711	7700	2
711	7730	1
711	7867	4
711	7966	1
711	7973	1
711	7986	1
711	8038	8
711	8039	1
711	8060	2
711	8138	4
711	8143	3
711	8147	4
711	8166	2
711	8167	2
711	8204	2
711	8315	1
711	8475	3
711	8476	1
711	8605	4
711	8672	1
711	8673	4
711	8699	4
711	8701	2
711	8722	1
711	8723	4
711	8801	1
711	8851	7
711	8918	2
711	8919	1
711	8974	14
711	9029	3
711	9122	2
711	9135	1
711	9163	5
711	9284	15
711	9292	1
711	9482	1
711	9579	1
711	9700	7
711	9701	3
711	9806	3
711	9995	2
711	10027	9
711	10072	2
711	10342	2
711	10374	1
711	10444	2
711	10460	3
711	10487	2
711	10499	1
711	10503	1
711	10514	1
711	10515	2
711	10556	3
711	10557	2
711	10559	1
711	10677	6
711	10678	1
711	10709	1
711	10731	1
711	10766	1
711	10803	2
711	10900	1
711	10921	2
711	11021	1
711	11045	2
711	11077	1
711	11078	1
711	11079	4
711	11132	1
711	11234	15
711	11240	17
711	11288	1
711	11307	1
711	11361	1
711	11424	1
711	11456	1
711	11491	2
711	11502	2
711	11536	1
711	11539	4
711	11698	2
711	11734	1
711	11820	1
712	774	1
712	1053	1
712	1249	3
712	1253	1
712	1254	3
712	1380	1
712	1447	1
712	1449	4
712	1459	2
712	1460	3
712	1588	3
712	1712	1
712	1815	1
712	1949	2
712	2008	1
712	2209	1
712	2215	1
712	2325	1
712	2326	5
712	2519	1
712	2592	3
712	2725	3
712	2726	1
712	2768	1
712	2773	2
712	2895	1
712	2898	2
712	3195	2
712	3224	3
712	3401	4
712	3409	3
712	3410	4
712	3411	3
712	3450	1
712	3475	2
712	3589	3
712	3600	2
712	3685	1
712	3726	2
712	3977	3
712	3980	1
712	4006	1
712	4243	1
712	4411	1
712	4683	4
712	4710	3
712	4729	4
712	4736	1
712	5086	1
712	5087	1
712	5089	1
712	5207	2
712	5332	1
712	5382	1
712	5410	2
712	5488	1
712	5530	3
712	5533	2
712	5594	3
712	5623	1
712	5732	3
712	5854	5
712	5855	3
712	6134	2
712	6209	2
712	6288	2
712	6292	1
712	6329	4
712	6616	1
712	6838	1
712	6852	1
712	6910	1
712	6930	2
712	7004	2
712	7094	2
712	7097	3
712	7098	3
712	7528	1
712	7867	2
712	8038	2
712	8138	1
712	8167	1
712	8315	1
712	8475	1
712	8476	1
712	8605	1
712	8672	1
712	8673	2
712	8699	2
712	8701	1
712	8722	1
712	8974	1
712	9029	1
712	9163	1
712	9284	5
712	9700	1
712	9701	1
712	9995	2
712	10027	2
712	10118	1
712	10342	1
712	10515	1
712	10556	2
712	10557	1
712	10559	1
712	10561	1
712	10677	4
712	10709	1
712	10731	2
712	10734	1
712	10900	1
712	11021	1
712	11026	1
712	11079	1
712	11234	2
712	11240	2
712	11288	1
712	11502	1
712	11539	1
712	11698	1
767	874	1
767	1053	1
767	1336	1
767	1386	1
767	1447	2
767	1574	1
767	1627	4
767	1876	1
767	1949	6
767	2008	1
767	2033	1
767	2060	1
767	2494	1
767	2519	1
767	2592	1
767	2593	2
767	2704	1
767	2721	1
767	2819	1
767	3441	2
767	3475	1
767	3726	1
767	3881	2
767	4117	1
767	4242	2
767	4249	1
767	4274	1
767	4285	1
767	4286	1
767	4287	4
767	4367	1
767	4411	1
767	4465	2
767	4519	1
767	4664	1
767	4710	1
767	4775	1
767	5022	1
767	5302	4
767	5382	2
767	5488	2
767	5533	1
767	5538	1
767	5732	1
767	5769	2
767	5838	1
767	5918	1
767	6166	1
767	6329	2
767	6427	1
767	7119	1
767	7172	1
767	7341	1
767	7342	1
767	7396	2
767	7434	1
767	7436	1
767	7664	1
767	7698	1
767	7700	1
767	7730	1
767	7771	2
767	7809	1
767	8019	1
767	8060	1
767	8147	2
767	8373	1
767	8374	4
767	8385	1
767	8722	2
767	8851	1
767	8918	1
767	8974	1
767	9258	1
767	9284	2
767	9487	2
767	9597	1
767	9614	1
767	9900	1
767	10499	1
767	11086	1
767	11132	1
767	11234	1
767	11361	1
767	11424	2
767	11647	1
771	1053	1
771	1336	1
771	1440	1
771	1447	3
771	1448	3
771	1449	1
771	1453	1
771	1876	1
771	1877	1
771	1889	1
771	1949	2
771	2078	2
771	2101	1
771	2325	1
771	2326	4
771	2592	1
771	2593	1
771	2606	3
771	2726	1
771	2782	1
771	2819	1
771	2895	1
771	3173	1
771	3251	1
771	3401	3
771	3475	3
771	3589	2
771	3726	2
771	3989	1
771	4017	1
771	4052	5
771	4242	4
771	4249	1
771	4287	1
771	4411	1
771	4430	1
771	4436	1
771	4644	1
771	4683	8
771	4710	4
771	4729	7
771	4743	1
771	5181	1
771	5302	1
771	5332	1
771	5382	5
771	5410	2
771	5488	10
771	5530	3
771	5533	1
771	5538	1
771	5562	2
771	5732	1
771	5792	1
771	5793	2
771	5794	1
771	5854	2
771	5918	1
771	5994	1
771	6288	1
771	6292	1
771	6329	2
771	6531	1
771	6532	2
771	6836	1
771	6896	4
771	7094	6
771	7097	2
771	7132	2
771	7172	2
771	7341	1
771	7342	2
771	7528	3
771	7698	1
771	7767	2
771	7954	2
771	7966	1
771	7986	2
771	8030	1
771	8143	1
771	8147	6
771	8574	1
771	8605	1
771	8672	2
771	8699	1
771	8722	1
771	8723	1
771	8851	2
771	8857	1
771	8918	1
771	8919	1
771	8974	1
771	9079	1
771	9135	4
771	9252	1
771	9284	4
771	9292	1
771	9501	1
771	9700	1
771	9920	1
771	9995	5
771	9998	2
771	10027	2
771	10072	1
771	10342	1
771	10460	4
771	10499	2
771	10512	1
771	10677	1
771	10921	1
771	10949	1
771	10995	1
771	11045	1
771	11077	3
771	11178	1
771	11234	9
771	11240	1
771	11307	3
771	11492	1
771	11536	1
771	11539	4
774	1218	1
774	1249	2
774	1254	1
774	1448	1
774	1449	2
774	1460	2
774	1588	2
774	2208	1
774	2326	4
774	2519	1
774	2592	3
774	2593	1
774	2725	2
774	2768	1
774	2776	1
774	3401	3
774	3409	2
774	3410	2
774	3411	1
774	3441	1
774	3450	1
774	3475	3
774	3525	1
774	3589	1
774	3600	1
774	3683	1
774	3726	3
774	3977	1
774	4286	1
774	4287	1
774	4411	1
774	4683	1
774	4729	2
774	4832	1
774	5207	1
774	5332	1
774	5382	3
774	5410	3
774	5484	1
774	5487	2
774	5488	3
774	5503	1
774	5530	3
774	5533	3
774	5594	1
774	5731	1
774	5732	1
774	5808	1
774	5854	3
774	6134	2
774	6209	1
774	6288	1
774	6311	1
774	6329	3
774	6707	1
774	6930	1
774	7004	2
774	7094	3
774	7097	2
774	7098	1
774	7528	1
774	7809	1
774	7867	2
774	8038	1
774	8138	1
774	8167	2
774	8605	1
774	8672	1
774	8673	3
774	8701	1
774	8722	1
774	8801	1
774	8974	1
774	9135	1
774	9246	1
774	9260	1
774	9284	2
774	9614	1
774	9995	3
774	10460	1
774	10556	1
774	10677	2
774	10678	1
774	10900	1
774	11234	2
774	11240	1
774	11734	1
874	1053	1
874	1296	1
874	1574	3
874	1627	2
874	1642	1
874	1653	1
874	1949	1
874	2390	1
874	2519	1
874	3207	1
874	3679	1
874	3945	1
874	4274	1
874	4285	1
874	4287	1
874	4465	1
874	4476	1
874	4519	1
874	4525	1
874	4710	1
874	4779	1
874	4792	1
874	5302	2
874	5838	1
874	5855	1
874	6044	1
874	6444	1
874	6531	1
874	6532	1
874	7342	1
874	7396	1
874	7438	1
874	7771	1
874	7809	1
874	8019	1
874	8030	1
874	8371	1
874	8373	1
874	8374	2
874	8857	1
874	9614	1
874	10010	2
877	922	1
877	1218	6
877	1260	3
877	1380	1
877	1447	8
877	1448	3
877	1449	6
877	1454	2
877	1460	2
877	1462	1
877	1525	1
877	1553	6
877	1588	4
877	1712	1
877	1815	1
877	1888	1
877	1949	2
877	2008	2
877	2011	1
877	2101	1
877	2119	1
877	2193	1
877	2209	1
877	2275	2
877	2326	10
877	2482	1
877	2494	1
877	2590	1
877	2592	2
877	2593	3
877	2606	1
877	2640	2
877	2704	2
877	2721	1
877	2724	5
877	2725	7
877	2726	5
877	2768	1
877	2773	1
877	2775	1
877	2819	1
877	2850	1
877	3251	1
877	3314	1
877	3401	8
877	3410	1
877	3450	2
877	3475	1
877	3589	4
877	3592	2
877	3610	2
877	3683	1
877	3685	2
877	3726	7
877	3881	1
877	3931	1
877	3977	1
877	3980	1
877	4052	1
877	4242	5
877	4411	1
877	4485	1
877	4683	6
877	4710	4
877	4729	7
877	4736	1
877	4828	1
877	4959	1
877	4992	1
877	5022	1
877	5207	1
877	5249	1
877	5378	1
877	5382	4
877	5410	5
877	5484	2
877	5488	4
877	5530	12
877	5533	12
877	5538	1
877	5562	2
877	5606	1
877	5683	1
877	5731	1
877	5732	6
877	5854	5
877	5855	1
877	5902	1
877	6134	7
877	6209	1
877	6288	1
877	6292	2
877	6311	1
877	6324	2
877	6329	12
877	6342	1
877	6595	1
877	6707	1
877	6852	4
877	6930	1
877	6966	1
877	7004	3
877	7094	4
877	7097	5
877	7098	1
877	7143	2
877	7144	2
877	7172	1
877	7530	1
877	7577	1
877	7609	1
877	7698	1
877	7700	2
877	7730	1
877	7966	3
877	7973	1
877	7986	1
877	8019	1
877	8038	2
877	8039	1
877	8138	1
877	8147	1
877	8166	3
877	8167	1
877	8204	1
877	8385	1
877	8475	1
877	8476	2
877	8605	3
877	8624	2
877	8673	2
877	8699	1
877	8722	5
877	8723	8
877	8918	3
877	8974	4
877	9029	2
877	9163	1
877	9252	2
877	9254	1
877	9258	1
877	9260	1
877	9284	12
877	9482	1
877	9531	1
877	9579	3
877	9701	1
877	10027	1
877	10072	2
877	10342	4
877	10460	1
877	10487	1
877	10503	1
877	10515	4
877	10677	8
877	10678	1
877	10734	1
877	10766	1
877	10803	3
877	10900	4
877	11045	2
877	11077	2
877	11078	2
877	11079	2
877	11132	1
877	11234	4
877	11240	8
877	11361	1
877	11425	3
877	11491	2
877	11492	3
877	11539	1
910	1260	1
910	1336	2
910	1386	1
910	1447	1
910	1448	1
910	1449	1
910	1453	1
910	1460	1
910	1588	2
910	1642	1
910	1653	1
910	1815	1
910	1949	1
910	2011	1
910	2326	2
910	2494	1
910	2519	1
910	2526	2
910	2593	1
910	2606	1
910	2704	1
910	2724	1
910	3195	3
910	3207	1
910	3376	1
910	3401	4
910	3475	1
910	3589	3
910	3679	1
910	3726	1
910	3931	1
910	3974	1
910	4008	1
910	4050	1
910	4052	2
910	4242	1
910	4286	1
910	4411	1
910	4417	1
910	4479	1
910	4485	1
910	4519	1
910	4683	6
910	4710	1
910	4729	2
910	4736	1
910	4743	1
910	4803	1
910	4991	1
910	4992	1
910	5086	2
910	5087	1
910	5302	1
910	5332	2
910	5382	2
910	5488	1
910	5530	3
910	5533	1
910	5594	1
910	5656	1
910	5663	1
910	5664	1
910	5732	2
910	5793	1
910	5796	1
910	5834	1
910	5854	1
910	6288	1
910	6292	1
910	6324	1
910	6329	1
910	6342	1
910	6371	1
910	6427	1
910	6836	3
910	6839	1
910	6852	1
910	6910	1
910	7094	1
910	7097	1
910	7119	1
910	7150	1
910	7341	1
910	7342	2
910	7436	1
910	7528	1
910	7664	2
910	7730	1
910	7954	1
910	8143	2
910	8147	1
910	8166	1
910	8204	1
910	8373	1
910	8378	1
910	8380	1
910	8624	1
910	8672	2
910	8722	1
910	8773	1
910	8974	1
910	9135	1
910	9223	1
910	9284	2
910	9292	1
910	9700	1
910	9804	1
910	9806	1
910	9900	1
910	10011	1
910	10027	2
910	10072	1
910	10342	1
910	10374	1
910	10444	1
910	10499	1
910	10514	1
910	10515	1
910	10677	2
910	10803	1
910	11021	1
910	11045	1
910	11079	1
910	11234	2
910	11240	2
910	11502	1
910	11517	1
910	11734	1
910	11820	1
922	1018	1
922	1218	1
922	1447	2
922	1448	1
922	1449	1
922	1588	4
922	1889	1
922	1949	1
922	2101	1
922	2326	3
922	3401	1
922	3450	1
922	3475	3
922	3726	3
922	3931	1
922	4052	1
922	4242	3
922	4683	2
922	4710	1
922	4828	1
922	4959	1
922	5382	2
922	5484	4
922	5487	2
922	5488	1
922	5530	1
922	5533	1
922	5562	2
922	5732	3
922	6311	1
922	6329	2
922	6582	2
922	6707	1
922	7004	1
922	7094	1
922	7097	3
922	7150	1
922	8038	1
922	8351	1
922	8605	1
922	8722	2
922	8723	1
922	8918	1
922	8974	1
922	9069	1
922	9163	1
922	9252	1
922	9254	1
922	9260	1
922	9284	1
922	9995	3
922	10072	1
922	10677	3
922	10734	1
922	10803	1
922	11234	1
922	11492	1
1018	1254	1
1018	1260	1
1018	1447	1
1018	1448	1
1018	1449	2
1018	1453	1
1018	1454	1
1018	1459	2
1018	1553	1
1018	1588	2
1018	1712	1
1018	1889	1
1018	2101	1
1018	2326	2
1018	2592	1
1018	2593	1
1018	2606	2
1018	2609	1
1018	2704	1
1018	2800	1
1018	2805	1
1018	3401	3
1018	3475	1
1018	3726	3
1018	3977	1
1018	4052	1
1018	4242	3
1018	4243	1
1018	4285	1
1018	4683	3
1018	4710	5
1018	4729	1
1018	5022	1
1018	5086	1
1018	5207	1
1018	5382	3
1018	5410	2
1018	5484	1
1018	5530	4
1018	5533	3
1018	5562	2
1018	5623	2
1018	5732	2
1018	5854	3
1018	5855	3
1018	5994	1
1018	6288	1
1018	6311	1
1018	6329	1
1018	6749	1
1018	6750	1
1018	6930	1
1018	6966	2
1018	7004	1
1018	7094	1
1018	7097	3
1018	7144	1
1018	7150	1
1018	7172	1
1018	7722	1
1018	7867	2
1018	8038	2
1018	8138	1
1018	8147	4
1018	8166	1
1018	8204	1
1018	8351	1
1018	8385	2
1018	8673	1
1018	9079	1
1018	9122	1
1018	9284	3
1018	9482	2
1018	9533	1
1018	9920	1
1018	9995	1
1018	10072	1
1018	10342	1
1018	10487	1
1018	10557	1
1018	10677	2
1018	10803	1
1018	11079	1
1018	11234	1
1018	11240	2
1018	11424	2
1018	11777	1
1053	1084	2
1053	1218	1
1053	1249	1
1053	1253	1
1053	1336	4
1053	1380	1
1053	1386	1
1053	1447	3
1053	1449	2
1053	1497	2
1053	1598	2
1053	1642	6
1053	1653	3
1053	1677	1
1053	1712	1
1053	1758	3
1053	1783	2
1053	1876	1
1053	1949	4
1053	2008	1
1053	2011	1
1053	2025	3
1053	2078	1
1053	2209	1
1053	2215	1
1053	2326	1
1053	2383	2
1053	2390	2
1053	2519	1
1053	2590	1
1053	2592	3
1053	2593	5
1053	2640	1
1053	2704	1
1053	2725	1
1053	2799	1
1053	2803	1
1053	2819	2
1053	2890	2
1053	3195	1
1053	3207	1
1053	3224	1
1053	3251	1
1053	3295	2
1053	3401	3
1053	3410	1
1053	3441	1
1053	3475	1
1053	3679	2
1053	3726	1
1053	3881	1
1053	3945	1
1053	3974	5
1053	3989	2
1053	4008	1
1053	4017	1
1053	4052	1
1053	4242	2
1053	4243	1
1053	4247	1
1053	4249	2
1053	4285	4
1053	4286	4
1053	4287	3
1053	4288	2
1053	4367	2
1053	4411	2
1053	4430	1
1053	4436	1
1053	4465	1
1053	4476	1
1053	4519	2
1053	4525	2
1053	4664	1
1053	4683	3
1053	4710	3
1053	4729	3
1053	4743	1
1053	4775	2
1053	4779	1
1053	5249	1
1053	5302	11
1053	5382	5
1053	5488	2
1053	5533	4
1053	5538	1
1053	5732	2
1053	5834	2
1053	5854	3
1053	5855	1
1053	5882	2
1053	5918	1
1053	5994	1
1053	6011	1
1053	6077	1
1053	6166	4
1053	6170	1
1053	6329	2
1053	6371	2
1053	6427	2
1053	6444	2
1053	6463	3
1053	6681	1
1053	6827	1
1053	6836	2
1053	6852	1
1053	6966	2
1053	7004	1
1053	7172	2
1053	7342	3
1053	7434	3
1053	7438	3
1053	7528	3
1053	7574	1
1053	7664	5
1053	7698	1
1053	7700	3
1053	7767	3
1053	7771	1
1053	7809	2
1053	7878	1
1053	7954	2
1053	7973	1
1053	7986	1
1053	8030	2
1053	8143	1
1053	8147	1
1053	8362	6
1053	8373	5
1053	8475	1
1053	8574	1
1053	8773	1
1053	8849	1
1053	8851	3
1053	8857	1
1053	8974	1
1053	9069	1
1053	9135	1
1053	9223	2
1053	9226	1
1053	9284	3
1053	9417	1
1053	9614	2
1053	9719	3
1053	9804	2
1053	9900	1
1053	9920	2
1053	9995	1
1053	10010	4
1053	10118	1
1053	10460	2
1053	10499	2
1053	10514	2
1053	10621	2
1053	10866	1
1053	10900	1
1053	11234	2
1053	11307	2
1053	11424	1
1053	11425	1
1053	11491	1
1053	11536	1
1053	11539	1
1053	11575	1
1053	11791	1
1053	11820	1
1084	1336	1
1084	1598	1
1084	1642	1
1084	1677	1
1084	1758	1
1084	2025	1
1084	2383	1
1084	2390	1
1084	2590	1
1084	2592	1
1084	2799	1
1084	2819	1
1084	3295	2
1084	3525	1
1084	3679	1
1084	3974	1
1084	4017	1
1084	4243	1
1084	4247	1
1084	4285	1
1084	4286	1
1084	4287	1
1084	4288	1
1084	4465	1
1084	4775	1
1084	4779	1
1084	4832	1
1084	5302	3
1084	5382	1
1084	5533	1
1084	5834	1
1084	6011	1
1084	6166	1
1084	6836	1
1084	7172	1
1084	7438	2
1084	7664	1
1084	7700	1
1084	7767	1
1084	7809	1
1084	7954	1
1084	8143	1
1084	8371	1
1084	8373	2
1084	8773	1
1084	8851	1
1084	8974	1
1084	9223	1
1084	9804	1
1084	10010	1
1084	10514	1
1084	10866	1
1084	11240	1
1218	1254	1
1218	1260	1
1218	1296	1
1218	1380	1
1218	1440	2
1218	1447	12
1218	1448	7
1218	1449	7
1218	1459	1
1218	1460	4
1218	1525	2
1218	1553	1
1218	1588	9
1218	1712	1
1218	1815	2
1218	1888	1
1218	1949	7
1218	2008	2
1218	2011	1
1218	2078	2
1218	2119	1
1218	2163	1
1218	2208	3
1218	2209	3
1218	2215	2
1218	2275	3
1218	2325	2
1218	2326	19
1218	2383	1
1218	2482	1
1218	2590	1
1218	2592	4
1218	2593	6
1218	2606	1
1218	2640	3
1218	2704	1
1218	2721	1
1218	2724	3
1218	2725	7
1218	2726	5
1218	2768	2
1218	2773	2
1218	2775	1
1218	2782	1
1218	2850	4
1218	3242	1
1218	3314	2
1218	3401	8
1218	3410	2
1218	3450	8
1218	3475	6
1218	3589	2
1218	3592	2
1218	3610	2
1218	3683	1
1218	3685	1
1218	3726	8
1218	3881	3
1218	3931	1
1218	3977	4
1218	3989	1
1218	4008	1
1218	4017	1
1218	4052	5
1218	4242	6
1218	4249	1
1218	4253	1
1218	4287	1
1218	4411	2
1218	4417	1
1218	4430	1
1218	4436	1
1218	4465	1
1218	4471	1
1218	4485	1
1218	4644	1
1218	4683	6
1218	4710	2
1218	4729	6
1218	4736	1
1218	4743	2
1218	4828	4
1218	4959	2
1218	4992	1
1218	5207	1
1218	5302	1
1218	5332	2
1218	5378	3
1218	5382	10
1218	5410	7
1218	5484	3
1218	5487	2
1218	5488	10
1218	5530	14
1218	5533	9
1218	5538	1
1218	5655	1
1218	5656	1
1218	5663	2
1218	5664	1
1218	5683	3
1218	5731	2
1218	5732	9
1218	5792	1
1218	5838	1
1218	5854	4
1218	5855	2
1218	5902	1
1218	6014	1
1218	6054	1
1218	6077	1
1218	6134	4
1218	6209	1
1218	6288	2
1218	6292	2
1218	6311	1
1218	6324	3
1218	6329	11
1218	6342	1
1218	6508	2
1218	6532	1
1218	6595	3
1218	6681	1
1218	6707	1
1218	6827	1
1218	6836	3
1218	6839	1
1218	6852	4
1218	6930	1
1218	7004	4
1218	7094	6
1218	7097	12
1218	7098	1
1218	7143	2
1218	7144	1
1218	7150	2
1218	7342	1
1218	7457	1
1218	7524	2
1218	7528	1
1218	7530	2
1218	7577	2
1218	7698	1
1218	7700	1
1218	7722	1
1218	7956	3
1218	7966	3
1218	7973	1
1218	7986	2
1218	8019	1
1218	8038	3
1218	8039	2
1218	8138	1
1218	8143	2
1218	8147	3
1218	8166	4
1218	8167	3
1218	8244	1
1218	8385	2
1218	8475	2
1218	8476	1
1218	8574	2
1218	8605	5
1218	8624	2
1218	8672	1
1218	8673	3
1218	8699	1
1218	8722	5
1218	8723	6
1218	8801	2
1218	8849	1
1218	8851	1
1218	8918	5
1218	8974	7
1218	9029	1
1218	9079	1
1218	9122	1
1218	9135	4
1218	9163	2
1218	9246	2
1218	9252	2
1218	9254	2
1218	9256	1
1218	9258	7
1218	9260	3
1218	9284	15
1218	9292	1
1218	9417	2
1218	9482	1
1218	9531	1
1218	9533	1
1218	9579	2
1218	9700	2
1218	9995	2
1218	10072	3
1218	10342	1
1218	10460	6
1218	10487	1
1218	10503	1
1218	10515	2
1218	10556	1
1218	10557	1
1218	10561	1
1218	10677	14
1218	10678	3
1218	10734	2
1218	10766	1
1218	10803	2
1218	10866	1
1218	10900	3
1218	11021	1
1218	11026	1
1218	11077	1
1218	11078	1
1218	11132	2
1218	11178	1
1218	11234	11
1218	11237	2
1218	11240	8
1218	11288	2
1218	11307	1
1218	11361	1
1218	11424	1
1218	11425	1
1218	11491	12
1218	11492	5
1218	11539	2
1218	11575	1
1218	11734	1
1218	11777	1
1218	11820	2
1249	1253	3
1249	1254	5
1249	1447	5
1249	1448	1
1249	1449	14
1249	1454	1
1249	1459	1
1249	1460	4
1249	1462	1
1249	1553	1
1249	1588	1
1249	1712	1
1249	1784	1
1249	1811	1
1249	1815	1
1249	1949	3
1249	2026	1
1249	2101	1
1249	2163	1
1249	2209	1
1249	2326	5
1249	2519	2
1249	2592	3
1249	2593	2
1249	2724	1
1249	2725	8
1249	2726	2
1249	2768	1
1249	2776	2
1249	2895	1
1249	3195	1
1249	3224	1
1249	3314	1
1249	3401	6
1249	3409	2
1249	3410	6
1249	3411	3
1249	3441	1
1249	3475	3
1249	3589	2
1249	3600	1
1249	3610	1
1249	3683	1
1249	3685	1
1249	3726	4
1249	3977	1
1249	4006	5
1249	4052	1
1249	4117	1
1249	4243	1
1249	4253	1
1249	4285	1
1249	4286	1
1249	4287	1
1249	4411	4
1249	4519	1
1249	4683	8
1249	4710	5
1249	4729	5
1249	4828	1
1249	4959	1
1249	5207	3
1249	5217	2
1249	5332	1
1249	5382	4
1249	5410	3
1249	5488	4
1249	5503	2
1249	5530	7
1249	5533	5
1249	5594	2
1249	5606	1
1249	5663	1
1249	5732	4
1249	5854	7
1249	5855	5
1249	5995	1
1249	6134	4
1249	6170	1
1249	6209	1
1249	6288	2
1249	6329	7
1249	6532	1
1249	6582	1
1249	6749	1
1249	6839	1
1249	6930	2
1249	6966	1
1249	7004	2
1249	7094	6
1249	7097	4
1249	7098	1
1249	7172	1
1249	7528	1
1249	7867	4
1249	7947	1
1249	8038	3
1249	8138	1
1249	8166	2
1249	8167	2
1249	8351	1
1249	8475	2
1249	8574	1
1249	8605	3
1249	8624	1
1249	8672	2
1249	8673	5
1249	8701	1
1249	8723	2
1249	8851	2
1249	8918	1
1249	8974	2
1249	9135	1
1249	9284	8
1249	9417	1
1249	9533	1
1249	9700	4
1249	9701	2
1249	9806	1
1249	9995	3
1249	10027	2
1249	10072	2
1249	10118	1
1249	10342	1
1249	10444	1
1249	10503	1
1249	10556	6
1249	10557	2
1249	10559	4
1249	10561	3
1249	10584	1
1249	10677	1
1249	10709	3
1249	10731	1
1249	10900	1
1249	10921	1
1249	10949	1
1249	11021	1
1249	11026	1
1249	11079	1
1249	11178	1
1249	11234	3
1249	11240	4
1249	11361	1
1249	11424	1
1249	11456	1
1249	11536	1
1249	11698	2
1253	1254	3
1253	1260	1
1253	1447	1
1253	1448	1
1253	1449	4
1253	1460	1
1253	1462	2
1253	1553	1
1253	1588	1
1253	1949	1
1253	2026	1
1253	2209	1
1253	2326	2
1253	2640	1
1253	2704	1
1253	2724	1
1253	2725	3
1253	2726	1
1253	2775	1
1253	3195	1
1253	3224	1
1253	3401	2
1253	3409	1
1253	3410	4
1253	3411	1
1253	3589	2
1253	3610	1
1253	3726	2
1253	4006	1
1253	4052	1
1253	4253	1
1253	4411	1
1253	4683	4
1253	4710	3
1253	4729	3
1253	5022	1
1253	5207	1
1253	5217	2
1253	5382	1
1253	5410	2
1253	5488	1
1253	5530	2
1253	5533	1
1253	5594	1
1253	5663	1
1253	5732	2
1253	5854	4
1253	5855	4
1253	6134	1
1253	6288	2
1253	6329	2
1253	6839	1
1253	7004	1
1253	7094	1
1253	7097	1
1253	7172	1
1253	7700	1
1253	8038	1
1253	8138	1
1253	8166	1
1253	8475	2
1253	8476	1
1253	8605	1
1253	8673	1
1253	8723	3
1253	8851	1
1253	8974	2
1253	9029	1
1253	9163	1
1253	9284	4
1253	9700	2
1253	9701	1
1253	9806	1
1253	10027	2
1253	10072	2
1253	10118	1
1253	10444	1
1253	10503	1
1253	10677	1
1253	10900	1
1253	10921	1
1253	11021	1
1253	11079	1
1253	11234	2
1253	11240	4
1253	11492	1
1254	1260	2
1254	1447	1
1254	1448	1
1254	1449	11
1254	1453	1
1254	1454	1
1254	1459	6
1254	1460	5
1254	1462	2
1254	1553	3
1254	1588	2
1254	1949	2
1254	2026	2
1254	2155	1
1254	2215	1
1254	2326	5
1254	2519	1
1254	2592	4
1254	2593	1
1254	2640	1
1254	2704	1
1254	2724	1
1254	2725	6
1254	2726	3
1254	2773	2
1254	2775	1
1254	3401	5
1254	3409	4
1254	3410	8
1254	3411	5
1254	3441	1
1254	3450	2
1254	3475	3
1254	3589	2
1254	3592	1
1254	3600	2
1254	3610	1
1254	3685	3
1254	3726	4
1254	3977	5
1254	4006	1
1254	4052	1
1254	4117	1
1254	4253	2
1254	4285	1
1254	4286	1
1254	4287	2
1254	4411	4
1254	4430	1
1254	4465	1
1254	4519	1
1254	4644	1
1254	4683	8
1254	4710	2
1254	4729	6
1254	4959	1
1254	5022	1
1254	5086	1
1254	5207	4
1254	5217	2
1254	5332	1
1254	5382	3
1254	5410	4
1254	5488	5
1254	5503	1
1254	5530	10
1254	5533	4
1254	5562	1
1254	5594	3
1254	5606	1
1254	5623	2
1254	5663	1
1254	5732	3
1254	5793	1
1254	5794	1
1254	5854	6
1254	5855	6
1254	6077	1
1254	6134	4
1254	6209	2
1254	6288	5
1254	6329	7
1254	6508	1
1254	6582	1
1254	6836	1
1254	6839	1
1254	6852	2
1254	6930	2
1254	7004	1
1254	7094	5
1254	7097	6
1254	7098	2
1254	7172	1
1254	7528	1
1254	7700	1
1254	7722	1
1254	7867	3
1254	8038	3
1254	8138	2
1254	8143	1
1254	8147	1
1254	8166	2
1254	8167	1
1254	8385	1
1254	8475	1
1254	8476	1
1254	8574	1
1254	8605	1
1254	8673	2
1254	8699	3
1254	8701	1
1254	8722	2
1254	8723	3
1254	8773	1
1254	8851	3
1254	8918	1
1254	8974	4
1254	9029	2
1254	9122	1
1254	9135	1
1254	9163	3
1254	9260	1
1254	9284	8
1254	9482	1
1254	9533	3
1254	9700	5
1254	9701	2
1254	9806	1
1254	9995	2
1254	10027	2
1254	10072	4
1254	10342	3
1254	10444	1
1254	10503	1
1254	10515	1
1254	10556	1
1254	10584	1
1254	10677	4
1254	10731	3
1254	10734	1
1254	10803	1
1254	10921	1
1254	10950	1
1254	11021	2
1254	11026	1
1254	11079	2
1254	11234	6
1254	11240	6
1254	11288	1
1254	11361	2
1254	11424	1
1254	11456	1
1254	11536	2
1254	11539	1
1260	1447	2
1260	1448	4
1260	1449	5
1260	1453	1
1260	1459	1
1260	1460	2
1260	1462	1
1260	1553	3
1260	1588	4
1260	1815	1
1260	1877	2
1260	1888	1
1260	1949	1
1260	2008	1
1260	2011	2
1260	2101	1
1260	2119	1
1260	2155	4
1260	2208	1
1260	2209	1
1260	2275	2
1260	2326	8
1260	2494	1
1260	2592	1
1260	2593	1
1260	2606	2
1260	2640	3
1260	2704	3
1260	2724	2
1260	2725	2
1260	2726	3
1260	2768	2
1260	2775	1
1260	2850	1
1260	3207	1
1260	3242	1
1260	3401	3
1260	3409	1
1260	3410	1
1260	3475	2
1260	3589	5
1260	3592	2
1260	3600	1
1260	3610	2
1260	3726	7
1260	3881	1
1260	3977	2
1260	3980	1
1260	4008	1
1260	4052	3
1260	4242	1
1260	4253	1
1260	4411	1
1260	4417	1
1260	4485	1
1260	4683	4
1260	4710	4
1260	4729	5
1260	4736	2
1260	4743	1
1260	5022	1
1260	5086	1
1260	5207	2
1260	5217	2
1260	5332	1
1260	5382	3
1260	5410	6
1260	5484	1
1260	5488	5
1260	5530	8
1260	5533	8
1260	5606	1
1260	5623	1
1260	5656	1
1260	5683	1
1260	5731	2
1260	5732	7
1260	5793	1
1260	5854	5
1260	5855	2
1260	5902	1
1260	6134	2
1260	6288	2
1260	6292	2
1260	6311	1
1260	6324	2
1260	6329	3
1260	6342	1
1260	6427	1
1260	6582	1
1260	6707	1
1260	6836	1
1260	6852	1
1260	7004	2
1260	7094	4
1260	7097	7
1260	7098	1
1260	7143	2
1260	7144	1
1260	7150	1
1260	7342	1
1260	7530	1
1260	7577	1
1260	7700	1
1260	7722	1
1260	7730	1
1260	7867	2
1260	7966	1
1260	7973	1
1260	7986	1
1260	8038	4
1260	8039	1
1260	8138	2
1260	8147	2
1260	8166	3
1260	8167	1
1260	8204	1
1260	8244	1
1260	8475	1
1260	8476	1
1260	8605	1
1260	8624	1
1260	8672	2
1260	8673	2
1260	8722	3
1260	8723	6
1260	8801	1
1260	8918	2
1260	8974	5
1260	9029	2
1260	9135	1
1260	9163	1
1260	9256	1
1260	9260	1
1260	9284	11
1260	9533	1
1260	9579	1
1260	9597	1
1260	9700	6
1260	9701	1
1260	9806	2
1260	9995	1
1260	10027	2
1260	10072	3
1260	10118	2
1260	10342	1
1260	10374	1
1260	10460	1
1260	10487	2
1260	10514	1
1260	10515	2
1260	10556	1
1260	10557	2
1260	10561	1
1260	10677	7
1260	10678	1
1260	10803	2
1260	10900	3
1260	10950	1
1260	10995	1
1260	11021	1
1260	11045	2
1260	11079	2
1260	11132	2
1260	11234	6
1260	11240	8
1260	11424	1
1260	11491	2
1260	11492	1
1260	11539	1
1260	11698	1
1260	11734	1
1260	11820	1
1296	1447	1
1296	1449	1
1296	1460	1
1296	1574	1
1296	1588	1
1296	1949	3
1296	2193	1
1296	2208	1
1296	2325	1
1296	2326	3
1296	2519	1
1296	2593	2
1296	2726	2
1296	2773	1
1296	2924	1
1296	3314	1
1296	3401	1
1296	3450	1
1296	3589	2
1296	3679	1
1296	3726	1
1296	3977	1
1296	4052	1
1296	4274	2
1296	4285	1
1296	4287	2
1296	4683	2
1296	4710	1
1296	4729	1
1296	4743	1
1296	4779	1
1296	4792	1
1296	4828	1
1296	4959	1
1296	4991	1
1296	4992	1
1296	5302	2
1296	5410	1
1296	5488	1
1296	5503	1
1296	5655	1
1296	5838	1
1296	5854	2
1296	5855	2
1296	6014	1
1296	6134	2
1296	6288	1
1296	6324	1
1296	6329	1
1296	6531	1
1296	6532	2
1296	6681	1
1296	6836	1
1296	6838	1
1296	6852	1
1296	6930	1
1296	7097	1
1296	7396	1
1296	7574	1
1296	7722	1
1296	7730	2
1296	7809	1
1296	7956	1
1296	7973	1
1296	8038	1
1296	8060	1
1296	8371	1
1296	8374	1
1296	8605	1
1296	8624	1
1296	8673	1
1296	9254	1
1296	9256	1
1296	9614	1
1296	9700	1
1296	10010	1
1296	10072	2
1296	10460	1
1296	10677	1
1296	10734	1
1296	11021	1
1296	11078	1
1296	11234	1
1296	11240	1
1296	11491	1
1296	11539	1
1336	1380	1
1336	1386	1
1336	1440	1
1336	1447	2
1336	1448	2
1336	1588	1
1336	1598	1
1336	1642	1
1336	1677	1
1336	1758	2
1336	1949	2
1336	2008	1
1336	2026	1
1336	2325	2
1336	2326	2
1336	2390	1
1336	2590	1
1336	2592	5
1336	2593	5
1336	2704	1
1336	2724	1
1336	2725	1
1336	2726	1
1336	2782	1
1336	2799	1
1336	2839	1
1336	3195	1
1336	3401	3
1336	3441	1
1336	3475	2
1336	3589	1
1336	3610	2
1336	3726	1
1336	3881	1
1336	3931	2
1336	3974	4
1336	3980	1
1336	3989	2
1336	4017	1
1336	4052	2
1336	4242	4
1336	4243	1
1336	4247	1
1336	4249	2
1336	4287	1
1336	4411	2
1336	4465	1
1336	4683	4
1336	4710	1
1336	4729	4
1336	4803	1
1336	4992	1
1336	5302	2
1336	5332	1
1336	5382	4
1336	5488	5
1336	5530	6
1336	5533	3
1336	5538	1
1336	5663	1
1336	5732	2
1336	5834	1
1336	5855	1
1336	5882	1
1336	6011	1
1336	6054	1
1336	6077	1
1336	6166	2
1336	6427	1
1336	6827	1
1336	6836	3
1336	6839	1
1336	6896	1
1336	6966	1
1336	7094	3
1336	7097	1
1336	7119	1
1336	7132	1
1336	7150	2
1336	7172	2
1336	7434	1
1336	7438	1
1336	7528	1
1336	7698	3
1336	7700	3
1336	7730	1
1336	7767	2
1336	7954	2
1336	8143	3
1336	8147	1
1336	8362	1
1336	8373	3
1336	8378	1
1336	8476	1
1336	8624	1
1336	8672	1
1336	8673	1
1336	8773	1
1336	8851	4
1336	8974	3
1336	9069	1
1336	9135	1
1336	9223	2
1336	9284	3
1336	9700	1
1336	9719	1
1336	9804	1
1336	9995	1
1336	9998	1
1336	10010	1
1336	10011	1
1336	10027	1
1336	10374	2
1336	10444	1
1336	10499	4
1336	10512	1
1336	10514	3
1336	10556	1
1336	10561	1
1336	10621	1
1336	10677	2
1336	10803	1
1336	10949	1
1336	10995	1
1336	11077	1
1336	11234	3
1336	11240	2
1336	11361	1
1336	11424	4
1336	11425	1
1336	11517	1
1336	11791	1
1380	1447	2
1380	1448	1
1380	1449	4
1380	1553	1
1380	1588	1
1380	1758	1
1380	1949	1
1380	2193	1
1380	2325	1
1380	2326	2
1380	2494	1
1380	2592	1
1380	2593	1
1380	2724	2
1380	2775	2
1380	2776	1
1380	3251	1
1380	3401	1
1380	3409	1
1380	3410	1
1380	3525	1
1380	3589	1
1380	3879	1
1380	3974	1
1380	3977	1
1380	3980	1
1380	4683	1
1380	4729	1
1380	5249	1
1380	5332	1
1380	5410	1
1380	5488	2
1380	5533	3
1380	5606	1
1380	5732	1
1380	5854	1
1380	5855	1
1380	6011	1
1380	6014	1
1380	6134	1
1380	6166	1
1380	6288	1
1380	6292	1
1380	6329	2
1380	6508	1
1380	6595	2
1380	6827	1
1380	6838	1
1380	6852	1
1380	6966	1
1380	7004	1
1380	7094	2
1380	7097	3
1380	7098	1
1380	7150	1
1380	7528	1
1380	7609	1
1380	7698	1
1380	7966	1
1380	8030	1
1380	8143	1
1380	8351	1
1380	8476	1
1380	8605	2
1380	8722	1
1380	8723	2
1380	8851	2
1380	8974	1
1380	9135	1
1380	9163	1
1380	9284	3
1380	9533	1
1380	9700	1
1380	9701	1
1380	9806	1
1380	10027	1
1380	10072	1
1380	10460	1
1380	10503	1
1380	10514	1
1380	10515	1
1380	10677	1
1380	10734	1
1380	10803	1
1380	10995	1
1380	11078	1
1380	11079	1
1380	11234	2
1380	11240	2
1380	11424	1
1380	11491	1
1380	11536	1
1386	1447	2
1386	1449	1
1386	1453	1
1386	1454	1
1386	1949	2
1386	2326	1
1386	2526	1
1386	2592	1
1386	2593	1
1386	2704	1
1386	2721	1
1386	2724	1
1386	2725	1
1386	2726	1
1386	2775	1
1386	2895	1
1386	3376	1
1386	3401	1
1386	3441	1
1386	3475	1
1386	3683	1
1386	3726	1
1386	3881	1
1386	3974	1
1386	3977	1
1386	3989	1
1386	4006	1
1386	4050	1
1386	4242	1
1386	4249	1
1386	4286	1
1386	4411	2
1386	4417	1
1386	4465	1
1386	4519	1
1386	4683	3
1386	4710	1
1386	4729	2
1386	4743	1
1386	4803	1
1386	5181	2
1386	5332	1
1386	5382	1
1386	5488	3
1386	5530	2
1386	5533	2
1386	5538	1
1386	5664	1
1386	5732	2
1386	5793	1
1386	5794	1
1386	5854	1
1386	6087	1
1386	6166	1
1386	6170	1
1386	6288	1
1386	6311	1
1386	6329	2
1386	6371	1
1386	6427	1
1386	6508	1
1386	6836	1
1386	7150	1
1386	7172	2
1386	7434	1
1386	7457	1
1386	7664	1
1386	7698	1
1386	7700	1
1386	7947	1
1386	7966	1
1386	8147	2
1386	8373	2
1386	8378	1
1386	8380	1
1386	8605	2
1386	8673	2
1386	8722	1
1386	8723	1
1386	8773	2
1386	8974	2
1386	9163	1
1386	9223	1
1386	9226	1
1386	9284	2
1386	10011	1
1386	10072	1
1386	10499	1
1386	10677	1
1386	10709	1
1386	10949	1
1386	11079	1
1386	11234	3
1386	11240	3
1386	11307	1
1386	11424	1
1386	11491	1
1386	11539	1
1386	11820	1
1440	1447	2
1440	1448	3
1440	1449	1
1440	1784	1
1440	1815	1
1440	1949	1
1440	2078	1
1440	2163	1
1440	2215	1
1440	2325	1
1440	2326	3
1440	2592	2
1440	2640	1
1440	2685	1
1440	2724	1
1440	2725	2
1440	2768	3
1440	2850	1
1440	3314	1
1440	3401	1
1440	3450	1
1440	3475	3
1440	3726	1
1440	3881	1
1440	3977	1
1440	4052	1
1440	4242	1
1440	4249	1
1440	4683	3
1440	4775	1
1440	5382	1
1440	5410	1
1440	5488	2
1440	5530	3
1440	5623	1
1440	5655	1
1440	5656	1
1440	5732	1
1440	5834	1
1440	5918	1
1440	6329	1
1440	6342	1
1440	6532	1
1440	6852	2
1440	6896	1
1440	7094	4
1440	7097	3
1440	7132	1
1440	7528	1
1440	7530	1
1440	7577	1
1440	7698	2
1440	7867	1
1440	7954	1
1440	8147	1
1440	8166	3
1440	8204	1
1440	8378	1
1440	8475	1
1440	8574	2
1440	8722	3
1440	8723	1
1440	8801	1
1440	8918	1
1440	9135	1
1440	9258	1
1440	9284	3
1440	9417	1
1440	9501	1
1440	9531	2
1440	9995	1
1440	10342	2
1440	10512	1
1440	10677	3
1440	10803	1
1440	11021	1
1440	11026	1
1440	11077	2
1440	11132	1
1440	11178	1
1440	11234	2
1440	11237	1
1440	11288	1
1440	11361	1
1440	11425	1
1440	11491	1
1440	11492	1
1440	11536	1
1447	1448	19
1447	1449	28
1447	1453	2
1447	1454	3
1447	1459	1
1447	1460	4
1447	1462	3
1447	1553	5
1447	1574	1
1447	1588	12
1447	1642	1
1447	1677	1
1447	1712	5
1447	1784	2
1447	1815	5
1447	1876	3
1447	1888	1
1447	1889	1
1447	1949	15
1447	2008	4
1447	2011	1
1447	2026	3
1447	2101	1
1447	2119	1
1447	2155	1
1447	2163	2
1447	2193	1
1447	2208	2
1447	2215	2
1447	2275	2
1447	2325	3
1447	2326	23
1447	2383	1
1447	2390	1
1447	2482	1
1447	2494	3
1447	2519	4
1447	2592	6
1447	2593	8
1447	2606	6
1447	2640	3
1447	2685	2
1447	2699	2
1447	2704	7
1447	2721	2
1447	2724	11
1447	2725	15
1447	2726	9
1447	2768	3
1447	2773	1
1447	2775	2
1447	2776	1
1447	2839	1
1447	2850	1
1447	2895	4
1447	2898	1
1447	3195	1
1447	3207	2
1447	3224	1
1447	3251	1
1447	3314	4
1447	3401	23
1447	3409	1
1447	3410	4
1447	3411	1
1447	3441	1
1447	3450	5
1447	3475	8
1447	3525	2
1447	3589	11
1447	3610	1
1447	3683	1
1447	3685	2
1447	3726	21
1447	3881	4
1447	3931	1
1447	3945	1
1447	3977	4
1447	3980	1
1447	3989	2
1447	4006	2
1447	4008	1
1447	4017	1
1447	4052	8
1447	4117	1
1447	4242	9
1447	4243	1
1447	4247	1
1447	4249	3
1447	4253	2
1447	4285	1
1447	4287	8
1447	4411	4
1447	4417	1
1447	4465	1
1447	4485	2
1447	4644	2
1447	4683	26
1447	4710	21
1447	4729	15
1447	4736	4
1447	4743	2
1447	4775	2
1447	4779	2
1447	4828	3
1447	4832	1
1447	4959	1
1447	5022	3
1447	5086	1
1447	5181	2
1447	5207	2
1447	5249	3
1447	5302	4
1447	5332	3
1447	5378	1
1447	5382	18
1447	5410	14
1447	5484	6
1447	5487	1
1447	5488	20
1447	5503	2
1447	5530	31
1447	5533	29
1447	5538	1
1447	5562	1
1447	5594	2
1447	5623	1
1447	5655	3
1447	5656	3
1447	5663	1
1447	5664	1
1447	5683	3
1447	5732	24
1447	5793	1
1447	5794	1
1447	5796	1
1447	5808	2
1447	5834	3
1447	5838	3
1447	5854	15
1447	5855	5
1447	5882	1
1447	5902	2
1447	5918	2
1447	5994	1
1447	5995	1
1447	6011	1
1447	6014	2
1447	6077	1
1447	6087	2
1447	6134	4
1447	6166	1
1447	6288	5
1447	6292	2
1447	6311	3
1447	6324	3
1447	6329	22
1447	6342	5
1447	6427	2
1447	6463	1
1447	6508	1
1447	6532	3
1447	6582	1
1447	6595	3
1447	6681	2
1447	6707	2
1447	6750	1
1447	6827	1
1447	6836	3
1447	6838	2
1447	6839	2
1447	6852	6
1447	6896	2
1447	6910	2
1447	6966	2
1447	7004	6
1447	7094	23
1447	7097	15
1447	7098	2
1447	7115	1
1447	7119	1
1447	7143	4
1447	7144	2
1447	7150	1
1447	7172	2
1447	7342	1
1447	7434	2
1447	7528	1
1447	7530	2
1447	7577	1
1447	7609	1
1447	7698	4
1447	7700	5
1447	7722	1
1447	7730	5
1447	7767	1
1447	7867	5
1447	7878	1
1447	7947	1
1447	7956	2
1447	7966	9
1447	7973	2
1447	7986	2
1447	8018	1
1447	8030	1
1447	8038	7
1447	8039	3
1447	8060	1
1447	8138	4
1447	8143	2
1447	8147	8
1447	8166	9
1447	8167	3
1447	8204	2
1447	8315	1
1447	8351	1
1447	8362	1
1447	8373	1
1447	8378	2
1447	8380	2
1447	8385	3
1447	8475	4
1447	8476	1
1447	8574	3
1447	8605	9
1447	8624	5
1447	8672	4
1447	8673	10
1447	8699	1
1447	8701	2
1447	8722	4
1447	8723	8
1447	8801	2
1447	8851	10
1447	8857	2
1447	8918	8
1447	8919	2
1447	8939	1
1447	8974	10
1447	9029	1
1447	9069	1
1447	9079	1
1447	9122	1
1447	9135	5
1447	9163	3
1447	9246	1
1447	9252	1
1447	9254	2
1447	9256	1
1447	9258	4
1447	9260	5
1447	9284	34
1447	9417	3
1447	9482	1
1447	9501	1
1447	9531	2
1447	9533	2
1447	9579	3
1447	9700	8
1447	9701	1
1447	9806	2
1447	9920	2
1447	9995	5
1447	9998	1
1447	10027	7
1447	10072	12
1447	10118	3
1447	10342	8
1447	10374	1
1447	10460	3
1447	10487	2
1447	10499	3
1447	10503	2
1447	10512	3
1447	10514	1
1447	10515	2
1447	10556	3
1447	10557	2
1447	10559	4
1447	10561	1
1447	10584	1
1447	10677	14
1447	10678	3
1447	10709	4
1447	10734	1
1447	10803	6
1447	10900	2
1447	10949	2
1447	10950	1
1447	10990	1
1447	10995	2
1447	11021	7
1447	11026	2
1447	11045	2
1447	11077	3
1447	11078	2
1447	11079	7
1447	11132	3
1447	11178	2
1447	11234	17
1447	11240	22
1447	11288	2
1447	11307	3
1447	11361	6
1447	11424	6
1447	11425	6
1447	11491	7
1447	11492	8
1447	11502	1
1447	11517	2
1447	11539	1
1447	11575	1
1447	11698	2
1447	11734	2
1447	11777	1
1447	11791	1
1447	11820	3
1448	1449	12
1448	1453	1
1448	1459	1
1448	1460	4
1448	1462	2
1448	1553	3
1448	1588	8
1448	1712	2
1448	1784	2
1448	1815	3
1448	1888	1
1448	1949	4
1448	2008	4
1448	2011	1
1448	2026	2
1448	2119	2
1448	2208	2
1448	2275	1
1448	2325	1
1448	2326	11
1448	2482	1
1448	2494	3
1448	2519	3
1448	2590	1
1448	2592	3
1448	2593	3
1448	2606	3
1448	2640	1
1448	2685	1
1448	2704	4
1448	2724	5
1448	2725	8
1448	2726	3
1448	2768	2
1448	2775	2
1448	2776	1
1448	2839	1
1448	2850	1
1448	2895	2
1448	2898	1
1448	3207	1
1448	3224	1
1448	3314	2
1448	3401	14
1448	3409	2
1448	3410	2
1448	3450	4
1448	3475	7
1448	3525	2
1448	3589	5
1448	3610	1
1448	3683	1
1448	3685	1
1448	3704	1
1448	3726	13
1448	3881	3
1448	3931	1
1448	3977	2
1448	3980	2
1448	3989	1
1448	4006	1
1448	4008	1
1448	4052	4
1448	4242	7
1448	4253	1
1448	4417	2
1448	4485	1
1448	4644	1
1448	4683	18
1448	4710	11
1448	4729	13
1448	4736	3
1448	4743	3
1448	4779	2
1448	4828	2
1448	5022	2
1448	5181	1
1448	5207	1
1448	5217	1
1448	5332	1
1448	5382	11
1448	5410	10
1448	5484	3
1448	5487	1
1448	5488	13
1448	5530	24
1448	5533	16
1448	5538	1
1448	5562	1
1448	5655	1
1448	5656	2
1448	5663	1
1448	5683	2
1448	5731	1
1448	5732	13
1448	5793	1
1448	5808	2
1448	5834	2
1448	5854	10
1448	5855	2
1448	5918	2
1448	6087	2
1448	6134	3
1448	6170	1
1448	6209	1
1448	6288	3
1448	6292	3
1448	6311	2
1448	6324	2
1448	6329	12
1448	6342	4
1448	6427	1
1448	6681	1
1448	6707	1
1448	6750	1
1448	6836	1
1448	6838	1
1448	6839	1
1448	6852	4
1448	6896	2
1448	6966	1
1448	7004	5
1448	7094	13
1448	7097	7
1448	7098	1
1448	7119	1
1448	7132	1
1448	7143	2
1448	7144	1
1448	7150	1
1448	7342	1
1448	7609	1
1448	7698	1
1448	7700	2
1448	7722	1
1448	7730	2
1448	7867	3
1448	7878	2
1448	7947	1
1448	7954	1
1448	7966	1
1448	7973	2
1448	7986	1
1448	8030	1
1448	8038	1
1448	8039	1
1448	8138	3
1448	8143	1
1448	8147	5
1448	8166	7
1448	8167	3
1448	8204	1
1448	8315	1
1448	8351	2
1448	8378	2
1448	8380	2
1448	8385	1
1448	8387	2
1448	8475	2
1448	8476	2
1448	8605	5
1448	8624	2
1448	8672	1
1448	8673	3
1448	8722	3
1448	8723	7
1448	8801	2
1448	8851	7
1448	8857	1
1448	8918	4
1448	8919	1
1448	8939	2
1448	8974	7
1448	9029	1
1448	9079	1
1448	9135	3
1448	9163	3
1448	9246	2
1448	9252	1
1448	9254	1
1448	9258	1
1448	9260	3
1448	9284	17
1448	9531	1
1448	9533	1
1448	9579	1
1448	9700	5
1448	9701	2
1448	9806	3
1448	9920	2
1448	9995	3
1448	9998	1
1448	10027	4
1448	10072	10
1448	10342	4
1448	10374	1
1448	10460	2
1448	10487	2
1448	10499	5
1448	10512	2
1448	10514	1
1448	10515	2
1448	10557	1
1448	10561	1
1448	10677	7
1448	10678	3
1448	10731	1
1448	10734	2
1448	10766	1
1448	10803	5
1448	10900	1
1448	10949	2
1448	10950	2
1448	10995	3
1448	11021	3
1448	11026	1
1448	11045	1
1448	11077	4
1448	11079	4
1448	11132	3
1448	11234	10
1448	11240	8
1448	11307	2
1448	11361	2
1448	11424	6
1448	11425	4
1448	11491	1
1448	11492	5
1448	11517	2
1448	11575	1
1448	11734	3
1448	11777	1
1448	11820	2
1449	1453	4
1449	1454	6
1449	1459	5
1449	1460	9
1449	1462	4
1449	1553	9
1449	1588	9
1449	1712	3
1449	1783	1
1449	1784	1
1449	1811	1
1449	1815	2
1449	1876	3
1449	1877	1
1449	1888	1
1449	1889	1
1449	1949	20
1449	2008	6
1449	2011	2
1449	2025	1
1449	2026	3
1449	2101	2
1449	2119	1
1449	2155	2
1449	2163	2
1449	2193	1
1449	2208	5
1449	2209	4
1449	2210	3
1449	2215	3
1449	2275	4
1449	2325	4
1449	2326	25
1449	2482	2
1449	2494	4
1449	2519	4
1449	2592	6
1449	2593	10
1449	2606	3
1449	2640	3
1449	2685	2
1449	2699	1
1449	2704	9
1449	2721	1
1449	2724	10
1449	2725	18
1449	2726	12
1449	2768	1
1449	2773	2
1449	2775	3
1449	2776	4
1449	2782	1
1449	2819	1
1449	2850	2
1449	2895	2
1449	2898	1
1449	3195	2
1449	3207	2
1449	3224	2
1449	3251	1
1449	3314	2
1449	3401	20
1449	3409	5
1449	3410	13
1449	3411	3
1449	3441	1
1449	3450	4
1449	3475	7
1449	3525	2
1449	3589	14
1449	3592	1
1449	3600	1
1449	3610	1
1449	3683	2
1449	3685	2
1449	3726	23
1449	3783	1
1449	3881	1
1449	3931	2
1449	3977	11
1449	3980	1
1449	3989	1
1449	4006	6
1449	4008	1
1449	4017	2
1449	4052	9
1449	4117	2
1449	4242	6
1449	4243	1
1449	4253	2
1449	4285	4
1449	4286	1
1449	4287	10
1449	4411	10
1449	4417	2
1449	4485	1
1449	4519	1
1449	4683	34
1449	4710	21
1449	4729	25
1449	4736	3
1449	4743	3
1449	4775	1
1449	4779	1
1449	4828	2
1449	4959	2
1449	5022	4
1449	5086	2
1449	5087	2
1449	5181	1
1449	5207	3
1449	5217	4
1449	5249	1
1449	5302	1
1449	5332	3
1449	5378	2
1449	5382	21
1449	5410	12
1449	5484	7
1449	5488	21
1449	5503	3
1449	5530	37
1449	5533	24
1449	5562	1
1449	5594	4
1449	5606	1
1449	5623	3
1449	5655	1
1449	5656	1
1449	5663	1
1449	5664	1
1449	5683	3
1449	5732	18
1449	5793	1
1449	5796	1
1449	5808	2
1449	5834	2
1449	5838	1
1449	5854	24
1449	5855	9
1449	5882	1
1449	5902	1
1449	5918	2
1449	5994	1
1449	5995	1
1449	6011	1
1449	6014	2
1449	6044	1
1449	6077	1
1449	6087	1
1449	6134	9
1449	6166	1
1449	6170	1
1449	6209	1
1449	6288	13
1449	6292	4
1449	6311	2
1449	6324	6
1449	6329	27
1449	6342	5
1449	6427	1
1449	6463	1
1449	6508	1
1449	6531	2
1449	6532	4
1449	6582	1
1449	6595	3
1449	6681	1
1449	6707	1
1449	6749	1
1449	6750	1
1449	6836	5
1449	6838	4
1449	6839	2
1449	6852	8
1449	6910	5
1449	6930	3
1449	6966	3
1449	7004	12
1449	7094	17
1449	7097	17
1449	7098	3
1449	7115	1
1449	7143	1
1449	7144	2
1449	7172	4
1449	7342	1
1449	7434	1
1449	7524	1
1449	7528	2
1449	7574	1
1449	7577	1
1449	7609	1
1449	7664	1
1449	7698	2
1449	7700	3
1449	7722	3
1449	7730	3
1449	7867	6
1449	7878	1
1449	7947	3
1449	7956	1
1449	7966	3
1449	7973	1
1449	7986	1
1449	8038	9
1449	8039	4
1449	8060	2
1449	8138	3
1449	8143	1
1449	8147	9
1449	8166	6
1449	8167	4
1449	8204	2
1449	8315	1
1449	8351	3
1449	8362	1
1449	8378	1
1449	8380	1
1449	8385	2
1449	8475	3
1449	8476	3
1449	8574	4
1449	8605	13
1449	8624	2
1449	8672	4
1449	8673	13
1449	8699	4
1449	8701	2
1449	8722	5
1449	8723	11
1449	8801	3
1449	8851	10
1449	8857	1
1449	8918	9
1449	8919	4
1449	8974	17
1449	9029	2
1449	9079	1
1449	9122	1
1449	9135	5
1449	9163	7
1449	9246	1
1449	9252	1
1449	9254	1
1449	9258	3
1449	9260	3
1449	9284	31
1449	9417	3
1449	9482	4
1449	9501	2
1449	9531	1
1449	9533	4
1449	9579	3
1449	9700	19
1449	9701	5
1449	9719	1
1449	9806	6
1449	9995	5
1449	10027	12
1449	10072	18
1449	10118	2
1449	10342	9
1449	10374	1
1449	10444	1
1449	10460	2
1449	10487	3
1449	10499	4
1449	10503	1
1449	10513	1
1449	10514	1
1449	10515	2
1449	10556	6
1449	10557	2
1449	10559	4
1449	10561	3
1449	10584	2
1449	10677	15
1449	10678	6
1449	10709	3
1449	10731	1
1449	10734	1
1449	10766	1
1449	10803	9
1449	10900	4
1449	10921	2
1449	10949	1
1449	10950	1
1449	10990	1
1449	10995	3
1449	11021	4
1449	11026	1
1449	11045	3
1449	11077	2
1449	11078	4
1449	11079	9
1449	11132	1
1449	11178	2
1449	11234	21
1449	11240	25
1449	11288	3
1449	11307	2
1449	11361	8
1449	11424	4
1449	11425	3
1449	11456	2
1449	11491	6
1449	11492	3
1449	11502	1
1449	11517	1
1449	11536	3
1449	11539	2
1449	11575	1
1449	11698	2
1449	11734	3
1449	11777	1
1449	11820	3
1453	1454	2
1453	1459	1
1453	1460	1
1453	1588	1
1453	1815	1
1453	2011	1
1453	2326	3
1453	2494	1
1453	2592	1
1453	2606	1
1453	2704	1
1453	2721	1
1453	2724	2
1453	2725	1
1453	2726	1
1453	2773	1
1453	2775	1
1453	3207	1
1453	3401	1
1453	3475	1
1453	3589	1
1453	3683	1
1453	3726	2
1453	3977	2
1453	4008	1
1453	4052	2
1453	4417	1
1453	4683	3
1453	4710	2
1453	4729	2
1453	4736	1
1453	4743	1
1453	5086	1
1453	5382	1
1453	5410	1
1453	5484	1
1453	5488	2
1453	5530	4
1453	5533	2
1453	5562	2
1453	5623	1
1453	5656	1
1453	5732	2
1453	5793	1
1453	5854	3
1453	5855	1
1453	6288	2
1453	6292	1
1453	6311	2
1453	6324	1
1453	6329	3
1453	6342	1
1453	6427	1
1453	6532	1
1453	6836	1
1453	6852	1
1453	7094	1
1453	7097	2
1453	7172	1
1453	7342	1
1453	7722	1
1453	7730	1
1453	8147	3
1453	8166	1
1453	8204	1
1453	8385	1
1453	8605	2
1453	8672	1
1453	8673	1
1453	8722	1
1453	8723	1
1453	8801	1
1453	8974	2
1453	9135	1
1453	9163	1
1453	9284	3
1453	9482	1
1453	9533	1
1453	9700	1
1453	9806	1
1453	9995	1
1453	10072	4
1453	10342	2
1453	10374	1
1453	10514	1
1453	10515	1
1453	10677	2
1453	10803	1
1453	11021	1
1453	11045	1
1453	11079	3
1453	11234	3
1453	11240	3
1453	11307	1
1453	11734	1
1453	11820	1
1454	1459	1
1454	1553	2
1454	1949	1
1454	2163	1
1454	2215	1
1454	2326	2
1454	2592	1
1454	2704	1
1454	2721	1
1454	2724	2
1454	2725	1
1454	2726	1
1454	2775	1
1454	2776	1
1454	3401	1
1454	3589	1
1454	3683	1
1454	3977	1
1454	4683	2
1454	4710	2
1454	4729	2
1454	5022	1
1454	5086	1
1454	5382	1
1454	5488	1
1454	5530	5
1454	5533	1
1454	5562	1
1454	5623	1
1454	5854	1
1454	5855	1
1454	6288	1
1454	6311	1
1454	6324	2
1454	6329	6
1454	6595	1
1454	6852	1
1454	7094	1
1454	7722	1
1454	8147	1
1454	8385	1
1454	8574	1
1454	8605	1
1454	8624	1
1454	8673	1
1454	8723	1
1454	9163	1
1454	9284	3
1454	9417	1
1454	9482	1
1454	9533	1
1454	9579	1
1454	9806	1
1454	10027	1
1454	10072	3
1454	10342	3
1454	10677	1
1454	10803	1
1454	11077	1
1454	11079	2
1454	11178	1
1454	11234	1
1454	11240	2
1454	11361	2
1459	1460	4
1459	1553	1
1459	1712	1
1459	1949	1
1459	2155	1
1459	2215	1
1459	2326	2
1459	2592	4
1459	2593	2
1459	2609	1
1459	2704	1
1459	2725	2
1459	2726	1
1459	2773	2
1459	2800	1
1459	2805	1
1459	3401	3
1459	3409	2
1459	3410	3
1459	3411	3
1459	3450	1
1459	3475	2
1459	3589	1
1459	3600	1
1459	3685	1
1459	3726	2
1459	3977	2
1459	4242	2
1459	4253	1
1459	4287	1
1459	4411	1
1459	4683	4
1459	4710	2
1459	4729	4
1459	4959	1
1459	5086	1
1459	5207	2
1459	5332	1
1459	5382	1
1459	5410	1
1459	5503	1
1459	5530	8
1459	5533	2
1459	5562	1
1459	5594	1
1459	5606	1
1459	5623	2
1459	5854	3
1459	5855	4
1459	5918	1
1459	5994	1
1459	6077	1
1459	6134	2
1459	6209	1
1459	6288	1
1459	6329	6
1459	6582	1
1459	6852	1
1459	6930	1
1459	6966	1
1459	7004	1
1459	7094	2
1459	7097	2
1459	7098	1
1459	7172	1
1459	7722	1
1459	7867	2
1459	8147	1
1459	8385	2
1459	8574	1
1459	8699	2
1459	8701	1
1459	8722	2
1459	8723	1
1459	8918	1
1459	9029	1
1459	9163	1
1459	9260	1
1459	9284	3
1459	9482	1
1459	9533	4
1459	9700	2
1459	9920	1
1459	9995	1
1459	10027	1
1459	10072	3
1459	10342	4
1459	10515	1
1459	10677	2
1459	10731	3
1459	10734	1
1459	10803	2
1459	10950	1
1459	11021	1
1459	11026	1
1459	11079	1
1459	11234	1
1459	11240	2
1459	11288	1
1459	11361	1
1459	11424	1
1459	11456	1
1459	11492	1
1459	11536	1
1459	11539	1
1460	1462	2
1460	1525	1
1460	1553	1
1460	1588	3
1460	1784	1
1460	1811	1
1460	1815	1
1460	1949	3
1460	2011	1
1460	2163	1
1460	2193	1
1460	2209	1
1460	2215	2
1460	2275	1
1460	2326	7
1460	2482	1
1460	2494	2
1460	2519	1
1460	2592	6
1460	2593	3
1460	2606	1
1460	2640	2
1460	2704	2
1460	2724	1
1460	2725	10
1460	2726	5
1460	2773	4
1460	2775	1
1460	2776	1
1460	3207	1
1460	3224	1
1460	3314	1
1460	3401	8
1460	3409	5
1460	3410	9
1460	3411	5
1460	3450	3
1460	3475	4
1460	3589	3
1460	3600	2
1460	3683	1
1460	3685	4
1460	3726	6
1460	3977	3
1460	4008	1
1460	4052	2
1460	4117	1
1460	4242	1
1460	4253	2
1460	4287	2
1460	4411	3
1460	4417	1
1460	4683	10
1460	4710	5
1460	4729	10
1460	4736	1
1460	4743	2
1460	4803	1
1460	4828	1
1460	4959	3
1460	5022	1
1460	5207	3
1460	5217	1
1460	5332	2
1460	5378	1
1460	5382	4
1460	5410	6
1460	5488	5
1460	5503	2
1460	5530	13
1460	5533	8
1460	5594	3
1460	5606	1
1460	5623	1
1460	5656	1
1460	5732	4
1460	5793	1
1460	5808	1
1460	5834	1
1460	5838	1
1460	5854	8
1460	5855	3
1460	5902	1
1460	5995	1
1460	6014	1
1460	6134	7
1460	6209	4
1460	6288	4
1460	6292	1
1460	6324	2
1460	6329	11
1460	6342	1
1460	6427	1
1460	6437	1
1460	6532	2
1460	6582	1
1460	6681	1
1460	6749	1
1460	6836	2
1460	6852	4
1460	6930	3
1460	7004	3
1460	7094	7
1460	7097	7
1460	7098	2
1460	7342	1
1460	7528	2
1460	7577	1
1460	7698	1
1460	7700	2
1460	7722	1
1460	7730	1
1460	7771	1
1460	7867	6
1460	7947	1
1460	8038	2
1460	8138	2
1460	8147	2
1460	8166	1
1460	8167	1
1460	8204	2
1460	8315	1
1460	8378	1
1460	8385	1
1460	8475	1
1460	8476	2
1460	8574	1
1460	8605	4
1460	8624	1
1460	8672	2
1460	8673	3
1460	8699	3
1460	8701	2
1460	8722	2
1460	8723	5
1460	8851	1
1460	8918	1
1460	8974	2
1460	9029	4
1460	9135	1
1460	9163	2
1460	9252	1
1460	9258	1
1460	9284	9
1460	9417	1
1460	9482	1
1460	9533	2
1460	9579	1
1460	9700	5
1460	9701	2
1460	9806	2
1460	9995	3
1460	10027	2
1460	10072	4
1460	10342	4
1460	10374	1
1460	10460	1
1460	10512	1
1460	10513	1
1460	10514	1
1460	10515	4
1460	10556	2
1460	10559	1
1460	10561	1
1460	10677	4
1460	10731	5
1460	10734	4
1460	10766	2
1460	10803	2
1460	10900	1
1460	11021	2
1460	11026	2
1460	11045	1
1460	11078	1
1460	11079	3
1460	11086	1
1460	11178	1
1460	11234	5
1460	11240	5
1460	11288	1
1460	11361	1
1460	11456	1
1460	11491	3
1460	11492	2
1460	11536	1
1460	11539	2
1460	11734	1
1460	11820	2
1462	1553	2
1462	1588	1
1462	2193	1
1462	2208	1
1462	2326	2
1462	2482	1
1462	2494	1
1462	2592	1
1462	2593	1
1462	2640	2
1462	2704	1
1462	2724	1
1462	2725	2
1462	2726	2
1462	2773	1
1462	2775	1
1462	2895	1
1462	3401	3
1462	3409	1
1462	3410	4
1462	3411	2
1462	3589	1
1462	3685	1
1462	3726	3
1462	4253	2
1462	4411	1
1462	4683	6
1462	4710	2
1462	4729	3
1462	5022	1
1462	5207	1
1462	5217	1
1462	5410	3
1462	5484	1
1462	5488	2
1462	5503	1
1462	5530	3
1462	5533	3
1462	5683	1
1462	5732	2
1462	5854	5
1462	5855	2
1462	6011	1
1462	6134	1
1462	6288	1
1462	6292	1
1462	6329	2
1462	7094	1
1462	7097	1
1462	7700	2
1462	7867	1
1462	8038	1
1462	8138	1
1462	8143	1
1462	8166	1
1462	8167	1
1462	8204	1
1462	8475	1
1462	8476	1
1462	8605	2
1462	8673	1
1462	8699	1
1462	8723	2
1462	8851	1
1462	8974	1
1462	9029	2
1462	9135	1
1462	9163	1
1462	9246	1
1462	9284	3
1462	9700	3
1462	9701	1
1462	9806	1
1462	10027	2
1462	10072	3
1462	10342	1
1462	10677	1
1462	10678	1
1462	10803	1
1462	11021	1
1462	11078	1
1462	11079	3
1462	11234	2
1462	11240	3
1497	1598	1
1497	1642	1
1497	1653	1
1497	1758	1
1497	1815	1
1497	2383	1
1497	2592	1
1497	2593	1
1497	2606	1
1497	2699	1
1497	2725	1
1497	2839	1
1497	2890	1
1497	3295	1
1497	3376	1
1497	3525	1
1497	3679	1
1497	3879	1
1497	3945	1
1497	3974	1
1497	3989	1
1497	4050	1
1497	4242	1
1497	4285	1
1497	4286	1
1497	4367	2
1497	4471	1
1497	4476	1
1497	4519	1
1497	4525	1
1497	4683	1
1497	4710	1
1497	4775	1
1497	4803	1
1497	4991	1
1497	5302	2
1497	5382	1
1497	5533	1
1497	5792	1
1497	5855	1
1497	6371	2
1497	7341	1
1497	7342	1
1497	7664	2
1497	7700	1
1497	7928	1
1497	7973	1
1497	8018	1
1497	8030	1
1497	8362	1
1497	8672	1
1497	8974	2
1497	9135	1
1497	9226	1
1497	9246	1
1497	9284	1
1497	9920	2
1497	10866	1
1525	1588	2
1525	1677	1
1525	1712	1
1525	1758	1
1525	2011	1
1525	2208	1
1525	2209	1
1525	2275	1
1525	2326	4
1525	2482	1
1525	2725	2
1525	2726	1
1525	2773	1
1525	2850	1
1525	3401	2
1525	3450	1
1525	3475	2
1525	3525	1
1525	3726	1
1525	3989	1
1525	4052	1
1525	4242	1
1525	4411	1
1525	4430	1
1525	4436	1
1525	4664	2
1525	4683	2
1525	4729	2
1525	4775	1
1525	4828	1
1525	4959	1
1525	5249	1
1525	5378	2
1525	5382	2
1525	5410	2
1525	5488	2
1525	5530	3
1525	5533	1
1525	5664	1
1525	5732	1
1525	5854	2
1525	6054	1
1525	6134	1
1525	6209	1
1525	6311	1
1525	6329	2
1525	6531	1
1525	6836	3
1525	6839	1
1525	6930	1
1525	7004	2
1525	7097	4
1525	7115	1
1525	7143	1
1525	7150	1
1525	7341	1
1525	7342	1
1525	7528	1
1525	7530	1
1525	8030	1
1525	8038	2
1525	8143	1
1525	8204	1
1525	8476	1
1525	8605	1
1525	8672	1
1525	8723	1
1525	8851	1
1525	8918	1
1525	8974	2
1525	9029	1
1525	9069	1
1525	9252	1
1525	9284	3
1525	10460	2
1525	10515	1
1525	10621	1
1525	10677	3
1525	10734	1
1525	10900	1
1525	11234	2
1525	11237	1
1525	11240	3
1525	11307	2
1525	11491	1
1525	11517	1
1525	11539	2
1553	1588	2
1553	1815	1
1553	1949	4
1553	2008	2
1553	2026	1
1553	2155	1
1553	2326	5
1553	2383	1
1553	2482	2
1553	2494	1
1553	2519	2
1553	2592	3
1553	2593	3
1553	2640	2
1553	2704	3
1553	2721	1
1553	2724	3
1553	2725	5
1553	2726	4
1553	2768	1
1553	2773	1
1553	2775	2
1553	2776	1
1553	2782	1
1553	3401	5
1553	3409	2
1553	3410	3
1553	3411	1
1553	3441	1
1553	3589	3
1553	3592	2
1553	3600	2
1553	3683	1
1553	3685	2
1553	3726	3
1553	3881	1
1553	3977	2
1553	3980	1
1553	4052	3
1553	4117	1
1553	4242	3
1553	4253	1
1553	4285	2
1553	4286	1
1553	4287	2
1553	4519	1
1553	4644	1
1553	4683	9
1553	4710	6
1553	4729	4
1553	4743	1
1553	5022	3
1553	5086	2
1553	5089	1
1553	5217	1
1553	5332	1
1553	5382	1
1553	5410	3
1553	5488	3
1553	5503	1
1553	5530	11
1553	5533	12
1553	5562	2
1553	5623	1
1553	5732	4
1553	5854	5
1553	5855	2
1553	6014	1
1553	6077	1
1553	6134	5
1553	6288	2
1553	6292	2
1553	6311	1
1553	6324	1
1553	6329	8
1553	6750	1
1553	6852	6
1553	6910	1
1553	6966	3
1553	7004	1
1553	7094	4
1553	7097	7
1553	7143	1
1553	7144	1
1553	7351	1
1553	7530	1
1553	7609	1
1553	7698	1
1553	7700	2
1553	7730	1
1553	7867	1
1553	7954	1
1553	7956	2
1553	7966	3
1553	8138	2
1553	8147	2
1553	8166	3
1553	8351	2
1553	8385	2
1553	8475	1
1553	8476	1
1553	8574	1
1553	8605	2
1553	8624	3
1553	8722	3
1553	8723	10
1553	8851	2
1553	8974	2
1553	9029	1
1553	9135	1
1553	9163	2
1553	9284	13
1553	9531	2
1553	9579	1
1553	9700	3
1553	9701	1
1553	9806	2
1553	9920	2
1553	10027	4
1553	10072	3
1553	10118	1
1553	10342	5
1553	10503	1
1553	10512	2
1553	10515	1
1553	10584	1
1553	10677	6
1553	10734	1
1553	10766	1
1553	10803	3
1553	10995	1
1553	11021	1
1553	11077	1
1553	11078	1
1553	11079	2
1553	11234	5
1553	11240	10
1553	11288	1
1553	11361	2
1553	11424	4
1553	11425	5
1553	11456	1
1553	11491	3
1553	11492	4
1574	1627	2
1574	1712	1
1574	1949	2
1574	2060	1
1574	2519	2
1574	2699	1
1574	2726	1
1574	2895	1
1574	3945	1
1574	3989	1
1574	4274	1
1574	4285	1
1574	4287	2
1574	4465	1
1574	4775	1
1574	4779	1
1574	4792	2
1574	4832	1
1574	5302	3
1574	5838	1
1574	6371	1
1574	6531	1
1574	6532	1
1574	7097	1
1574	7341	1
1574	7342	1
1574	7396	1
1574	7664	1
1574	7771	1
1574	7809	1
1574	8019	1
1574	8371	1
1574	8374	2
1574	8851	1
1574	8918	1
1574	9226	1
1574	9482	1
1574	9614	1
1574	9900	1
1574	10010	1
1574	10866	1
1574	11791	1
1588	1815	1
1588	1888	1
1588	1889	1
1588	1949	7
1588	2008	4
1588	2011	2
1588	2101	2
1588	2119	2
1588	2208	4
1588	2209	1
1588	2275	2
1588	2325	2
1588	2326	25
1588	2482	2
1588	2494	1
1588	2519	2
1588	2590	1
1588	2592	1
1588	2593	4
1588	2606	4
1588	2640	1
1588	2699	1
1588	2704	5
1588	2724	5
1588	2725	6
1588	2726	4
1588	2768	2
1588	2773	1
1588	2775	1
1588	2850	2
1588	2895	2
1588	2898	1
1588	3195	3
1588	3207	1
1588	3224	1
1588	3401	13
1588	3409	1
1588	3410	2
1588	3411	1
1588	3450	5
1588	3475	10
1588	3589	10
1588	3592	1
1588	3600	2
1588	3683	1
1588	3726	17
1588	3881	2
1588	3931	1
1588	3977	6
1588	3980	3
1588	4008	1
1588	4052	4
1588	4242	8
1588	4249	1
1588	4253	1
1588	4287	1
1588	4411	4
1588	4417	2
1588	4485	1
1588	4683	17
1588	4710	9
1588	4729	8
1588	4736	4
1588	4743	2
1588	4775	1
1588	4828	3
1588	4959	3
1588	5086	2
1588	5087	1
1588	5089	1
1588	5207	4
1588	5217	1
1588	5332	2
1588	5378	2
1588	5382	12
1588	5410	12
1588	5484	11
1588	5487	4
1588	5488	11
1588	5503	1
1588	5530	20
1588	5533	20
1588	5538	2
1588	5562	2
1588	5594	3
1588	5623	1
1588	5655	1
1588	5656	1
1588	5663	1
1588	5664	1
1588	5683	2
1588	5731	1
1588	5732	14
1588	5793	1
1588	5794	1
1588	5854	10
1588	5855	2
1588	6014	1
1588	6054	2
1588	6134	4
1588	6209	2
1588	6288	5
1588	6292	3
1588	6311	4
1588	6324	2
1588	6329	14
1588	6342	1
1588	6427	1
1588	6508	1
1588	6582	3
1588	6616	1
1588	6681	1
1588	6707	3
1588	6750	1
1588	6836	2
1588	6838	2
1588	6852	3
1588	6910	2
1588	6930	4
1588	6966	1
1588	7004	7
1588	7094	6
1588	7097	18
1588	7098	3
1588	7119	3
1588	7143	2
1588	7144	2
1588	7150	4
1588	7172	1
1588	7342	1
1588	7528	1
1588	7700	1
1588	7730	3
1588	7867	3
1588	7878	1
1588	7956	2
1588	7966	2
1588	7973	1
1588	7986	1
1588	8019	1
1588	8038	7
1588	8039	1
1588	8138	2
1588	8143	1
1588	8147	5
1588	8166	4
1588	8167	5
1588	8204	1
1588	8315	1
1588	8387	1
1588	8476	2
1588	8605	7
1588	8672	2
1588	8673	7
1588	8699	1
1588	8701	1
1588	8722	7
1588	8723	10
1588	8801	2
1588	8918	3
1588	8974	9
1588	9029	1
1588	9069	1
1588	9079	2
1588	9122	2
1588	9135	3
1588	9163	2
1588	9246	3
1588	9252	2
1588	9254	1
1588	9258	1
1588	9260	4
1588	9284	24
1588	9579	2
1588	9597	1
1588	9700	6
1588	9701	1
1588	9806	1
1588	9995	7
1588	10027	4
1588	10072	7
1588	10118	1
1588	10342	3
1588	10374	1
1588	10460	5
1588	10487	1
1588	10499	1
1588	10512	1
1588	10514	1
1588	10515	2
1588	10556	1
1588	10677	27
1588	10678	3
1588	10734	2
1588	10766	1
1588	10803	2
1588	10900	4
1588	10950	1
1588	10990	1
1588	10995	1
1588	11021	2
1588	11045	1
1588	11078	1
1588	11079	4
1588	11132	2
1588	11234	15
1588	11240	13
1588	11288	1
1588	11424	3
1588	11425	1
1588	11491	4
1588	11492	5
1588	11502	1
1588	11539	1
1588	11734	3
1588	11777	2
1588	11820	1
1598	1642	1
1598	1653	2
1598	1677	1
1598	1758	2
1598	1877	1
1598	1949	2
1598	2033	1
1598	2390	1
1598	2590	1
1598	2592	1
1598	2685	1
1598	2799	1
1598	2803	2
1598	2805	1
1598	3679	1
1598	3783	1
1598	3945	2
1598	3974	2
1598	4017	1
1598	4117	1
1598	4242	1
1598	4243	1
1598	4247	1
1598	4249	1
1598	4285	2
1598	4287	1
1598	4288	1
1598	4367	1
1598	4519	2
1598	4525	2
1598	4664	1
1598	5302	2
1598	5382	1
1598	5530	1
1598	5533	1
1598	5854	1
1598	6011	1
1598	6166	1
1598	6311	1
1598	6342	1
1598	6371	1
1598	7132	1
1598	7172	1
1598	7396	1
1598	7434	1
1598	7438	1
1598	7664	1
1598	7700	1
1598	7767	2
1598	7809	1
1598	7954	1
1598	7973	1
1598	8030	1
1598	8147	1
1598	8373	1
1598	8374	1
1598	8773	1
1598	8857	1
1598	8939	1
1598	9223	1
1598	9226	1
1598	9487	1
1598	9614	1
1598	9920	2
1598	9995	1
1598	10010	1
1598	10514	1
1598	10621	1
1627	1642	1
1627	1653	1
1627	1949	4
1627	2008	1
1627	2060	2
1627	2390	1
1627	2494	1
1627	2721	1
1627	2726	1
1627	2895	1
1627	3295	1
1627	3441	1
1627	3881	1
1627	3945	3
1627	4050	1
1627	4117	1
1627	4274	1
1627	4285	1
1627	4286	1
1627	4287	3
1627	4367	1
1627	4465	1
1627	4664	1
1627	4710	1
1627	4775	2
1627	5302	2
1627	5769	1
1627	5855	1
1627	5918	1
1627	6044	1
1627	6329	1
1627	7097	1
1627	7396	2
1627	7436	1
1627	7730	1
1627	7771	2
1627	7809	1
1627	8019	1
1627	8147	1
1627	8373	1
1627	8374	4
1627	8722	1
1627	8851	1
1627	8918	1
1627	9258	1
1627	9284	1
1627	9482	1
1627	9487	1
1627	9597	1
1627	9614	2
1627	9900	1
1627	11086	1
1627	11361	1
1627	11424	1
1627	11791	1
1642	1653	5
1642	1677	1
1642	1712	1
1642	1758	1
1642	1931	1
1642	1949	4
1642	2008	1
1642	2025	1
1642	2383	1
1642	2390	2
1642	2592	1
1642	2593	1
1642	2606	1
1642	2819	1
1642	2890	1
1642	2924	1
1642	3207	3
1642	3525	1
1642	3679	3
1642	3783	1
1642	3945	3
1642	3974	1
1642	3989	1
1642	4050	1
1642	4247	1
1642	4249	1
1642	4285	2
1642	4286	1
1642	4287	3
1642	4367	1
1642	4476	1
1642	4519	2
1642	4525	2
1642	4664	2
1642	4710	1
1642	4775	1
1642	4992	1
1642	5302	9
1642	5382	1
1642	5530	1
1642	6077	1
1642	6371	2
1642	6444	3
1642	6749	1
1642	6827	1
1642	6836	1
1642	7115	1
1642	7342	1
1642	7351	1
1642	7434	1
1642	7436	1
1642	7438	1
1642	7528	1
1642	7574	1
1642	7664	5
1642	7698	1
1642	7700	1
1642	7767	2
1642	7771	2
1642	7954	1
1642	7973	1
1642	8030	2
1642	8143	1
1642	8147	1
1642	8362	1
1642	8373	3
1642	8374	1
1642	8851	2
1642	8857	2
1642	9223	1
1642	9226	1
1642	9260	1
1642	9614	1
1642	9804	3
1642	9900	1
1642	9920	1
1642	10010	1
1642	10512	1
1642	10621	1
1642	11575	2
1642	11791	1
1653	1758	1
1653	1877	1
1653	1949	3
1653	2008	1
1653	2033	1
1653	2390	3
1653	2606	1
1653	2685	1
1653	2924	1
1653	3207	1
1653	3679	3
1653	3783	1
1653	3945	3
1653	3974	1
1653	4050	1
1653	4117	1
1653	4247	1
1653	4249	1
1653	4285	2
1653	4287	2
1653	4288	1
1653	4367	1
1653	4476	1
1653	4519	3
1653	4525	3
1653	4664	2
1653	4710	2
1653	4992	1
1653	5302	5
1653	5854	2
1653	6311	1
1653	6371	1
1653	6444	1
1653	6749	1
1653	7115	1
1653	7342	1
1653	7351	1
1653	7396	1
1653	7436	1
1653	7438	1
1653	7574	1
1653	7664	3
1653	7698	1
1653	7700	1
1653	7767	1
1653	7771	1
1653	7809	1
1653	7954	1
1653	7973	1
1653	8030	1
1653	8147	1
1653	8373	3
1653	8374	2
1653	8857	2
1653	9223	1
1653	9226	1
1653	9487	1
1653	9614	1
1653	9804	1
1653	9900	1
1653	9920	2
1653	10010	1
1653	10512	1
1653	11575	1
1677	1712	1
1677	1758	2
1677	1931	1
1677	1949	1
1677	2060	1
1677	2326	1
1677	2590	1
1677	2592	2
1677	2724	1
1677	2725	1
1677	2799	1
1677	3207	1
1677	3525	2
1677	3783	1
1677	3945	1
1677	3974	1
1677	4017	1
1677	4243	1
1677	4247	1
1677	4664	2
1677	4729	2
1677	4832	1
1677	4991	1
1677	5302	3
1677	5530	1
1677	5533	2
1677	5655	1
1677	5732	1
1677	5796	1
1677	5854	1
1677	6011	1
1677	6166	1
1677	6444	1
1677	6531	1
1677	6827	1
1677	6836	2
1677	6839	1
1677	7094	1
1677	7172	1
1677	7341	1
1677	7342	1
1677	7438	1
1677	7700	1
1677	7767	1
1677	7954	1
1677	7966	1
1677	8166	1
1677	8204	1
1677	8371	1
1677	8373	1
1677	8773	1
1677	9223	1
1677	9284	1
1677	10010	1
1677	10027	1
1677	10514	1
1677	10584	1
1677	10866	1
1677	11021	1
1677	11517	1
1677	11575	1
1677	11791	1
1712	1758	1
1712	1815	1
1712	1889	1
1712	1931	1
1712	1949	4
1712	2008	2
1712	2326	3
1712	2482	1
1712	2519	5
1712	2590	1
1712	2592	2
1712	2593	4
1712	2609	2
1712	2685	1
1712	2699	1
1712	2725	2
1712	2726	1
1712	2768	1
1712	2800	1
1712	2805	1
1712	3195	1
1712	3401	5
1712	3589	1
1712	3592	2
1712	3600	1
1712	3726	3
1712	3945	1
1712	4006	1
1712	4017	1
1712	4117	1
1712	4242	2
1712	4243	1
1712	4249	1
1712	4285	2
1712	4286	1
1712	4287	4
1712	4476	1
1712	4664	1
1712	4683	5
1712	4710	6
1712	4729	2
1712	4779	2
1712	4832	1
1712	4992	1
1712	5087	1
1712	5181	1
1712	5302	2
1712	5382	4
1712	5530	6
1712	5533	4
1712	5683	1
1712	5732	3
1712	5796	1
1712	5808	3
1712	5834	2
1712	5854	5
1712	5855	3
1712	5902	1
1712	5918	1
1712	5920	1
1712	5994	1
1712	6077	1
1712	6087	2
1712	6134	1
1712	6329	1
1712	6437	1
1712	6531	1
1712	6532	1
1712	6616	1
1712	6836	1
1712	6838	2
1712	6839	1
1712	6852	1
1712	6910	1
1712	6966	1
1712	7004	2
1712	7094	3
1712	7097	1
1712	7143	1
1712	7172	1
1712	7524	1
1712	7867	3
1712	7947	1
1712	8018	1
1712	8039	1
1712	8143	2
1712	8147	1
1712	8204	1
1712	8378	2
1712	8380	2
1712	8672	1
1712	8673	1
1712	8851	3
1712	8918	1
1712	8919	1
1712	9258	1
1712	9284	2
1712	9614	1
1712	9920	2
1712	9995	1
1712	10072	1
1712	10487	1
1712	10515	1
1712	10556	1
1712	10557	1
1712	10559	1
1712	10561	1
1712	10678	1
1712	10709	1
1712	11086	1
1712	11234	1
1712	11240	2
1712	11361	1
1712	11424	1
1712	11517	3
1712	11698	1
1712	11734	1
1712	11791	1
1758	1949	1
1758	2326	1
1758	2590	1
1758	2592	1
1758	2593	1
1758	2725	1
1758	2799	1
1758	3401	1
1758	3679	1
1758	3945	1
1758	3974	3
1758	4017	1
1758	4243	1
1758	4247	1
1758	4285	1
1758	4367	1
1758	4519	1
1758	4525	1
1758	4664	1
1758	4729	1
1758	5302	2
1758	5382	1
1758	5533	1
1758	5854	1
1758	6011	1
1758	6166	2
1758	6371	1
1758	6531	1
1758	6827	2
1758	6836	1
1758	6839	1
1758	6966	1
1758	7172	1
1758	7438	1
1758	7528	1
1758	7664	1
1758	7700	1
1758	7767	1
1758	7954	2
1758	7973	1
1758	8204	1
1758	8378	1
1758	8773	1
1758	8851	1
1758	9223	1
1758	9226	1
1758	9920	1
1758	10010	1
1758	10514	2
1758	11424	1
1758	11517	1
1783	1931	2
1783	1949	3
1783	2008	3
1783	2033	1
1783	2101	1
1783	2326	1
1783	2390	2
1783	2519	2
1783	2593	2
1783	2685	1
1783	2704	1
1783	2890	2
1783	3207	3
1783	3295	1
1783	3376	1
1783	3726	1
1783	3783	3
1783	3945	1
1783	4285	1
1783	4287	2
1783	4367	1
1783	4411	1
1783	4683	1
1783	4710	2
1783	4775	1
1783	5382	1
1783	5488	1
1783	5683	1
1783	5834	4
1783	5854	1
1783	5855	1
1783	5882	1
1783	6044	1
1783	6170	1
1783	6342	1
1783	6437	3
1783	6444	1
1783	6531	2
1783	6532	1
1783	6838	1
1783	7664	1
1783	7698	1
1783	7771	1
1783	7928	1
1783	8038	1
1783	8039	1
1783	8143	1
1783	8147	1
1783	8166	1
1783	8362	1
1783	8378	3
1783	8380	1
1783	8673	1
1783	8857	1
1783	8918	1
1783	8919	1
1783	9135	1
1783	9226	1
1783	9719	1
1783	9900	1
1783	10010	1
1783	10011	1
1783	10487	1
1783	10900	1
1783	11456	2
1783	11791	1
1784	1811	2
1784	1815	1
1784	2590	1
1784	2592	1
1784	2593	1
1784	2768	1
1784	2799	1
1784	3450	1
1784	3881	2
1784	4242	3
1784	4243	1
1784	4247	1
1784	4249	1
1784	4411	1
1784	4710	1
1784	4828	1
1784	5382	2
1784	5488	1
1784	5530	1
1784	5533	2
1784	5655	1
1784	5656	1
1784	5732	1
1784	5918	2
1784	5920	1
1784	5995	1
1784	6011	1
1784	6427	1
1784	6681	1
1784	6749	1
1784	6750	1
1784	6896	1
1784	7094	4
1784	7150	1
1784	7698	3
1784	7867	1
1784	7966	1
1784	8166	1
1784	8605	2
1784	8672	1
1784	8851	2
1784	8939	2
1784	9284	2
1784	9700	1
1784	9701	1
1784	9995	1
1784	9998	1
1784	10512	2
1784	10556	1
1784	10559	1
1784	10561	1
1784	10803	1
1784	11021	1
1784	11026	1
1784	11077	1
1784	11078	1
1784	11361	1
1784	11424	1
1784	11425	1
1811	1815	1
1811	1889	1
1811	2025	1
1811	2606	1
1811	2799	2
1811	2803	1
1811	2805	1
1811	3173	1
1811	3401	1
1811	3881	1
1811	4242	1
1811	4243	1
1811	4249	1
1811	4411	1
1811	4710	1
1811	5382	3
1811	5488	1
1811	5533	1
1811	5793	1
1811	5794	1
1811	5920	1
1811	5994	1
1811	5995	1
1811	6011	1
1811	6054	1
1811	6324	1
1811	6427	1
1811	6749	1
1811	6750	1
1811	7094	1
1811	7115	1
1811	7132	1
1811	7150	1
1811	7341	1
1811	7342	1
1811	7436	1
1811	7528	1
1811	7698	1
1811	7867	1
1811	8030	2
1811	8147	1
1811	8605	1
1811	8624	1
1811	8672	1
1811	8723	1
1811	8851	1
1811	9284	1
1811	9700	1
1811	9701	1
1811	9920	1
1811	9995	2
1811	9998	1
1811	10503	1
1811	10512	1
1811	10513	1
1811	10556	1
1811	10559	1
1811	10561	1
1811	11026	1
1811	11234	1
1815	2011	1
1815	2326	3
1815	2494	1
1815	2592	2
1815	2593	1
1815	2606	1
1815	2704	1
1815	2721	1
1815	2724	1
1815	2725	3
1815	2768	1
1815	2800	1
1815	2839	1
1815	3207	1
1815	3314	1
1815	3376	1
1815	3401	4
1815	3450	2
1815	3475	2
1815	3525	1
1815	3589	1
1815	3685	1
1815	3726	3
1815	3879	1
1815	3931	1
1815	4006	1
1815	4008	1
1815	4052	1
1815	4242	2
1815	4243	1
1815	4417	1
1815	4471	1
1815	4476	1
1815	4683	3
1815	4710	3
1815	4729	2
1815	4736	1
1815	4743	2
1815	4803	1
1815	4828	1
1815	5382	1
1815	5410	1
1815	5488	3
1815	5530	2
1815	5533	2
1815	5656	1
1815	5732	3
1815	5792	1
1815	5793	1
1815	5854	1
1815	6044	1
1815	6134	2
1815	6288	1
1815	6292	1
1815	6324	1
1815	6329	1
1815	6342	2
1815	6427	1
1815	6681	1
1815	6836	1
1815	6852	2
1815	6896	1
1815	7094	4
1815	7097	2
1815	7150	1
1815	7341	2
1815	7342	3
1815	7528	1
1815	7530	2
1815	7700	1
1815	7730	1
1815	7928	1
1815	7966	1
1815	8018	1
1815	8030	2
1815	8138	2
1815	8147	1
1815	8166	3
1815	8204	1
1815	8475	1
1815	8624	1
1815	8672	2
1815	8673	1
1815	8722	1
1815	8801	1
1815	8918	1
1815	8939	1
1815	8974	2
1815	9135	1
1815	9284	2
1815	9700	1
1815	9806	1
1815	9995	2
1815	10027	1
1815	10072	1
1815	10342	1
1815	10374	1
1815	10512	2
1815	10514	1
1815	10515	1
1815	10556	1
1815	10557	1
1815	10559	1
1815	10561	1
1815	10677	2
1815	10709	1
1815	10803	1
1815	10866	1
1815	11021	3
1815	11026	1
1815	11045	1
1815	11077	2
1815	11079	1
1815	11132	1
1815	11234	1
1815	11240	2
1815	11424	1
1815	11425	1
1815	11492	1
1815	11502	1
1815	11698	1
1815	11734	1
1815	11820	1
1876	1877	1
1876	1949	4
1876	2101	1
1876	2326	1
1876	2519	1
1876	2593	1
1876	2726	1
1876	3401	2
1876	3589	1
1876	4052	1
1876	4242	1
1876	4287	3
1876	4411	1
1876	4683	1
1876	4710	1
1876	4729	1
1876	5249	1
1876	5382	2
1876	5488	2
1876	5530	1
1876	5533	1
1876	5838	2
1876	5882	1
1876	5994	1
1876	6166	1
1876	6288	1
1876	6292	1
1876	6463	1
1876	6531	1
1876	6532	2
1876	6681	1
1876	7094	1
1876	7434	1
1876	8018	1
1876	8060	1
1876	8147	1
1876	8362	1
1876	8385	2
1876	8699	1
1876	8851	1
1876	8918	1
1876	8919	2
1876	9284	2
1876	9700	1
1876	9806	1
1876	9995	1
1876	10027	1
1876	10499	1
1876	10921	1
1876	11045	1
1876	11077	1
1876	11234	2
1876	11240	1
1877	1949	3
1877	2008	1
1877	2033	3
1877	2101	1
1877	2155	1
1877	2208	1
1877	2275	1
1877	2326	2
1877	2390	1
1877	2606	1
1877	2685	1
1877	2704	1
1877	2725	1
1877	2726	2
1877	3242	1
1877	3401	2
1877	3589	1
1877	3610	1
1877	3783	1
1877	3881	1
1877	3945	2
1877	3974	1
1877	3989	1
1877	4008	1
1877	4052	2
1877	4117	3
1877	4242	2
1877	4274	1
1877	4285	2
1877	4286	1
1877	4287	4
1877	4288	2
1877	4411	2
1877	4519	1
1877	4525	1
1877	4664	1
1877	4683	2
1877	4710	2
1877	4729	2
1877	5382	2
1877	5410	1
1877	5488	1
1877	5530	3
1877	5533	2
1877	5732	2
1877	5854	2
1877	6077	1
1877	6134	1
1877	6166	1
1877	6288	1
1877	6292	1
1877	6311	1
1877	6437	1
1877	6531	2
1877	6532	2
1877	7004	1
1877	7094	1
1877	7396	1
1877	7530	1
1877	7771	1
1877	7809	2
1877	7986	1
1877	8038	2
1877	8147	2
1877	8244	1
1877	8373	1
1877	8374	1
1877	8672	1
1877	8699	1
1877	8722	1
1877	8723	1
1877	8851	1
1877	8857	1
1877	8919	1
1877	8974	1
1877	9029	1
1877	9256	1
1877	9284	4
1877	9482	1
1877	9487	1
1877	9614	2
1877	9700	3
1877	9920	1
1877	9995	1
1877	10027	1
1877	10118	2
1877	10444	1
1877	10499	1
1877	10556	1
1877	10557	1
1877	10561	1
1877	10677	1
1877	10921	1
1877	11045	1
1877	11077	1
1877	11234	2
1877	11240	3
1877	11517	1
1877	11575	1
1877	11698	1
1888	1949	1
1888	2008	2
1888	2119	1
1888	2275	1
1888	2326	1
1888	2593	1
1888	2606	2
1888	2699	1
1888	2704	1
1888	2725	1
1888	2726	1
1888	2850	1
1888	3173	1
1888	3401	1
1888	3475	1
1888	3589	1
1888	3726	1
1888	3881	2
1888	3977	1
1888	4017	1
1888	4052	2
1888	4242	5
1888	4247	1
1888	4249	1
1888	4485	1
1888	4683	1
1888	4710	1
1888	4729	1
1888	4736	1
1888	5382	4
1888	5410	1
1888	5484	1
1888	5487	1
1888	5488	1
1888	5530	1
1888	5533	1
1888	5683	1
1888	5732	1
1888	5854	1
1888	5918	1
1888	5920	1
1888	6134	1
1888	6292	1
1888	6324	1
1888	6329	1
1888	6707	2
1888	7004	1
1888	7097	1
1888	7098	1
1888	7119	1
1888	7132	1
1888	7143	1
1888	7144	1
1888	7767	1
1888	7878	1
1888	7973	1
1888	7986	1
1888	8038	1
1888	8039	1
1888	8147	2
1888	8166	1
1888	8167	1
1888	8723	1
1888	8918	1
1888	8974	1
1888	9284	1
1888	9579	1
1888	9995	1
1888	9998	1
1888	10460	2
1888	10487	1
1888	10677	1
1888	10678	1
1888	10900	1
1888	11132	1
1888	11234	2
1888	11240	1
1888	11288	1
1888	11491	1
1889	2011	1
1889	2078	1
1889	2101	1
1889	2606	2
1889	2609	1
1889	2799	1
1889	2803	1
1889	2805	1
1889	2850	1
1889	3173	2
1889	3251	1
1889	3401	3
1889	3475	3
1889	3726	2
1889	3881	1
1889	4052	2
1889	4242	4
1889	4249	1
1889	4411	1
1889	4683	1
1889	4710	1
1889	4729	2
1889	4743	1
1889	5382	5
1889	5484	1
1889	5488	2
1889	5562	1
1889	5664	1
1889	5732	1
1889	5854	1
1889	5918	1
1889	5920	2
1889	5994	1
1889	6311	1
1889	6324	1
1889	6750	1
1889	7004	1
1889	7094	1
1889	7097	1
1889	7132	2
1889	7172	1
1889	7436	1
1889	7528	2
1889	8030	1
1889	8038	2
1889	8147	1
1889	8672	1
1889	8673	1
1889	8699	1
1889	8974	1
1889	9920	1
1889	9995	3
1889	9998	1
1889	10460	1
1889	11234	4
1889	11240	1
1889	11288	1
1889	11307	1
1889	11539	2
1931	1949	4
1931	2033	1
1931	2390	1
1931	2519	1
1931	2593	1
1931	3207	4
1931	3475	1
1931	3525	1
1931	3783	3
1931	3945	2
1931	4287	1
1931	4367	1
1931	4430	1
1931	4436	1
1931	4683	1
1931	5302	1
1931	5488	1
1931	5808	1
1931	5854	1
1931	6044	1
1931	6292	1
1931	6329	1
1931	6437	2
1931	6444	2
1931	6532	1
1931	6827	1
1931	7143	2
1931	7457	1
1931	7524	1
1931	7867	1
1931	8851	1
1931	8918	1
1931	10460	1
1931	11086	1
1931	11240	1
1949	2008	15
1949	2033	4
1949	2060	2
1949	2078	1
1949	2101	1
1949	2119	2
1949	2163	2
1949	2182	1
1949	2193	1
1949	2208	5
1949	2209	6
1949	2210	2
1949	2215	4
1949	2275	3
1949	2325	2
1949	2326	17
1949	2383	2
1949	2390	7
1949	2482	3
1949	2494	1
1949	2519	9
1949	2526	5
1949	2592	7
1949	2593	13
1949	2606	4
1949	2640	2
1949	2685	4
1949	2699	3
1949	2704	6
1949	2721	1
1949	2725	10
1949	2726	8
1949	2768	1
1949	2776	3
1949	2782	2
1949	2803	1
1949	2819	1
1949	2839	2
1949	2850	1
1949	2924	3
1949	3195	3
1949	3207	5
1949	3224	1
1949	3251	2
1949	3314	1
1949	3376	1
1949	3401	11
1949	3410	3
1949	3441	4
1949	3450	1
1949	3475	3
1949	3525	1
1949	3589	7
1949	3592	2
1949	3600	1
1949	3679	1
1949	3685	3
1949	3726	8
1949	3783	6
1949	3879	1
1949	3881	5
1949	3931	1
1949	3945	6
1949	3974	1
1949	3977	3
1949	3980	1
1949	4006	1
1949	4008	1
1949	4017	2
1949	4050	1
1949	4052	6
1949	4117	6
1949	4242	10
1949	4247	1
1949	4249	3
1949	4274	5
1949	4285	9
1949	4286	3
1949	4287	36
1949	4288	3
1949	4367	1
1949	4411	6
1949	4430	1
1949	4436	1
1949	4465	1
1949	4476	1
1949	4479	2
1949	4485	2
1949	4519	2
1949	4525	3
1949	4664	2
1949	4683	17
1949	4710	16
1949	4729	10
1949	4736	2
1949	4743	2
1949	4775	3
1949	4779	1
1949	4792	1
1949	4803	6
1949	4828	2
1949	4832	1
1949	4959	2
1949	4991	1
1949	4992	4
1949	5087	1
1949	5089	1
1949	5181	2
1949	5249	1
1949	5302	12
1949	5332	2
1949	5378	3
1949	5382	15
1949	5410	5
1949	5484	6
1949	5488	15
1949	5503	1
1949	5530	18
1949	5533	13
1949	5538	1
1949	5594	2
1949	5606	1
1949	5655	1
1949	5663	2
1949	5683	4
1949	5732	11
1949	5769	2
1949	5792	1
1949	5793	1
1949	5794	1
1949	5796	4
1949	5808	2
1949	5834	7
1949	5838	7
1949	5854	11
1949	5855	6
1949	5882	1
1949	5902	2
1949	5918	1
1949	5994	1
1949	6011	2
1949	6014	1
1949	6044	3
1949	6077	5
1949	6134	5
1949	6209	1
1949	6288	4
1949	6292	2
1949	6311	1
1949	6324	3
1949	6329	13
1949	6342	2
1949	6427	1
1949	6437	5
1949	6444	2
1949	6531	9
1949	6532	15
1949	6582	1
1949	6595	1
1949	6707	2
1949	6749	1
1949	6827	2
1949	6836	7
1949	6838	7
1949	6852	5
1949	6910	2
1949	6930	1
1949	6966	5
1949	7004	6
1949	7094	3
1949	7097	8
1949	7098	2
1949	7115	3
1949	7119	3
1949	7132	1
1949	7143	2
1949	7144	1
1949	7150	2
1949	7172	3
1949	7341	2
1949	7342	1
1949	7351	2
1949	7396	4
1949	7434	2
1949	7436	2
1949	7438	1
1949	7524	3
1949	7528	1
1949	7574	4
1949	7577	4
1949	7609	2
1949	7664	4
1949	7698	5
1949	7700	2
1949	7730	2
1949	7767	3
1949	7771	6
1949	7809	5
1949	7867	2
1949	7928	2
1949	7947	2
1949	7954	3
1949	7956	2
1949	7966	1
1949	7973	1
1949	7986	3
1949	8018	2
1949	8030	1
1949	8038	3
1949	8039	5
1949	8060	6
1949	8138	1
1949	8143	2
1949	8147	12
1949	8166	3
1949	8167	2
1949	8204	2
1949	8362	1
1949	8371	1
1949	8373	5
1949	8374	5
1949	8378	5
1949	8380	1
1949	8385	4
1949	8475	2
1949	8476	1
1949	8574	7
1949	8605	9
1949	8624	3
1949	8672	1
1949	8673	6
1949	8699	1
1949	8722	4
1949	8723	4
1949	8773	2
1949	8849	1
1949	8851	8
1949	8857	5
1949	8918	11
1949	8919	4
1949	8939	1
1949	8974	8
1949	9069	1
1949	9079	2
1949	9135	3
1949	9163	2
1949	9223	3
1949	9226	1
1949	9246	1
1949	9252	1
1949	9254	1
1949	9258	3
1949	9260	6
1949	9284	15
1949	9292	1
1949	9417	3
1949	9482	2
1949	9487	4
1949	9579	3
1949	9614	4
1949	9700	8
1949	9701	1
1949	9719	1
1949	9806	2
1949	9900	1
1949	9920	1
1949	9995	4
1949	10010	2
1949	10011	2
1949	10027	4
1949	10072	5
1949	10118	2
1949	10342	3
1949	10374	1
1949	10444	1
1949	10460	4
1949	10487	3
1949	10499	3
1949	10512	4
1949	10514	1
1949	10515	2
1949	10556	2
1949	10557	1
1949	10559	1
1949	10561	1
1949	10584	3
1949	10621	1
1949	10677	12
1949	10678	4
1949	10709	1
1949	10731	1
1949	10734	2
1949	10766	1
1949	10803	1
1949	10900	4
1949	10921	1
1949	10949	2
1949	10990	1
1949	10995	1
1949	11021	1
1949	11045	1
1949	11077	1
1949	11078	2
1949	11079	2
1949	11086	5
1949	11132	1
1949	11178	3
1949	11234	17
1949	11240	9
1949	11288	4
1949	11361	4
1949	11424	5
1949	11425	3
1949	11456	2
1949	11491	8
1949	11492	4
1949	11517	2
1949	11536	1
1949	11539	2
1949	11575	3
1949	11647	2
1949	11734	1
1949	11777	3
1949	11791	1
1949	11820	2
2008	2033	2
2008	2060	1
2008	2119	2
2008	2182	1
2008	2208	1
2008	2209	2
2008	2275	2
2008	2326	6
2008	2390	5
2008	2482	1
2008	2519	6
2008	2526	2
2008	2590	1
2008	2592	2
2008	2593	6
2008	2606	3
2008	2685	2
2008	2699	2
2008	2704	5
2008	2724	1
2008	2725	3
2008	2726	3
2008	2782	1
2008	2819	1
2008	2839	2
2008	2850	1
2008	2895	2
2008	2898	1
2008	2924	1
2008	3173	1
2008	3195	1
2008	3207	1
2008	3224	1
2008	3251	1
2008	3401	8
2008	3450	1
2008	3475	1
2008	3589	4
2008	3726	3
2008	3783	1
2008	3881	3
2008	3945	1
2008	3974	1
2008	3977	2
2008	4008	1
2008	4017	3
2008	4050	1
2008	4117	2
2008	4242	6
2008	4253	1
2008	4285	2
2008	4287	4
2008	4411	2
2008	4485	2
2008	4664	1
2008	4683	8
2008	4710	11
2008	4729	2
2008	4736	3
2008	4743	2
2008	4779	1
2008	4803	1
2008	4991	1
2008	4992	1
2008	5086	1
2008	5087	1
2008	5089	1
2008	5181	1
2008	5302	1
2008	5378	2
2008	5382	9
2008	5410	1
2008	5484	2
2008	5488	3
2008	5530	7
2008	5533	8
2008	5562	1
2008	5594	2
2008	5663	1
2008	5683	3
2008	5732	7
2008	5769	1
2008	5796	1
2008	5808	1
2008	5834	3
2008	5854	7
2008	5855	5
2008	5882	1
2008	5918	1
2008	5920	1
2008	6011	1
2008	6077	2
2008	6087	1
2008	6134	2
2008	6209	1
2008	6288	2
2008	6292	2
2008	6311	1
2008	6324	2
2008	6329	3
2008	6342	1
2008	6427	1
2008	6437	1
2008	6531	3
2008	6532	2
2008	6616	1
2008	6707	1
2008	6750	1
2008	6836	3
2008	6838	4
2008	6852	1
2008	6910	1
2008	6930	1
2008	7004	2
2008	7094	2
2008	7097	4
2008	7098	1
2008	7119	2
2008	7132	1
2008	7143	1
2008	7144	1
2008	7172	1
2008	7341	1
2008	7524	1
2008	7574	1
2008	7609	1
2008	7664	1
2008	7698	1
2008	7767	1
2008	7771	3
2008	7867	2
2008	7878	2
2008	7947	1
2008	7973	1
2008	7986	2
2008	8038	4
2008	8039	3
2008	8143	3
2008	8147	3
2008	8166	2
2008	8167	1
2008	8315	1
2008	8362	1
2008	8373	1
2008	8374	1
2008	8378	3
2008	8380	1
2008	8385	2
2008	8387	1
2008	8475	1
2008	8574	1
2008	8605	1
2008	8624	1
2008	8672	1
2008	8673	1
2008	8722	1
2008	8723	2
2008	8851	3
2008	8857	1
2008	8918	2
2008	8919	2
2008	8974	3
2008	9069	1
2008	9135	2
2008	9223	1
2008	9258	1
2008	9260	1
2008	9284	6
2008	9292	1
2008	9531	1
2008	9579	2
2008	9719	1
2008	9900	1
2008	9995	1
2008	9998	1
2008	10011	3
2008	10027	4
2008	10072	1
2008	10342	1
2008	10374	1
2008	10444	2
2008	10460	1
2008	10487	3
2008	10499	2
2008	10512	1
2008	10514	1
2008	10556	1
2008	10561	1
2008	10677	4
2008	10678	3
2008	10900	2
2008	10949	1
2008	10950	1
2008	11078	1
2008	11132	1
2008	11178	1
2008	11234	5
2008	11240	6
2008	11361	1
2008	11424	1
2008	11425	1
2008	11491	2
2008	11502	2
2008	11517	3
2008	11539	1
2008	11575	2
2008	11647	1
2008	11698	1
2008	11734	2
2008	11777	1
2011	2208	1
2011	2326	3
2011	2494	1
2011	2606	1
2011	2640	1
2011	2704	1
2011	2724	1
2011	2768	1
2011	2803	1
2011	2850	2
2011	3207	1
2011	3251	1
2011	3401	2
2011	3475	3
2011	3589	2
2011	3726	3
2011	3974	1
2011	3989	1
2011	4008	2
2011	4052	2
2011	4411	2
2011	4417	1
2011	4683	2
2011	4710	1
2011	4729	2
2011	4736	1
2011	4743	2
2011	4828	1
2011	5207	1
2011	5378	1
2011	5382	3
2011	5410	1
2011	5488	2
2011	5530	2
2011	5533	2
2011	5656	1
2011	5664	2
2011	5731	1
2011	5732	1
2011	5793	1
2011	5854	2
2011	5855	1
2011	5902	1
2011	5994	1
2011	6054	1
2011	6170	1
2011	6288	1
2011	6292	1
2011	6324	2
2011	6329	1
2011	6342	1
2011	6427	1
2011	6463	1
2011	6836	2
2011	6852	1
2011	7004	1
2011	7094	1
2011	7097	3
2011	7150	1
2011	7342	1
2011	7730	1
2011	8038	1
2011	8143	1
2011	8147	1
2011	8166	2
2011	8204	1
2011	8362	1
2011	8672	3
2011	8673	2
2011	8699	1
2011	8722	2
2011	8918	1
2011	8974	3
2011	9135	1
2011	9284	2
2011	9700	1
2011	9719	1
2011	9806	1
2011	10072	2
2011	10342	1
2011	10374	1
2011	10514	1
2011	10515	1
2011	10621	1
2011	10677	2
2011	10803	1
2011	10900	1
2011	11021	1
2011	11045	2
2011	11079	1
2011	11234	3
2011	11240	3
2011	11288	1
2011	11307	1
2011	11539	2
2011	11734	1
2011	11820	2
2025	2325	1
2025	2592	1
2025	2593	1
2025	3401	1
2025	3525	1
2025	3704	1
2025	3974	1
2025	4242	1
2025	4417	1
2025	4430	1
2025	4436	1
2025	4465	1
2025	4683	3
2025	4729	2
2025	4743	1
2025	4832	1
2025	5302	1
2025	5382	3
2025	5793	1
2025	5794	1
2025	6054	1
2025	6166	1
2025	6324	1
2025	6427	1
2025	6463	1
2025	6749	1
2025	6836	2
2025	7115	1
2025	7150	1
2025	7342	1
2025	7771	1
2025	7878	1
2025	7947	1
2025	8143	2
2025	8362	1
2025	8371	1
2025	8624	1
2025	8723	1
2025	8849	3
2025	8851	6
2025	8974	1
2025	9069	1
2025	9284	1
2025	9501	1
2025	9719	2
2025	9920	1
2025	9995	1
2025	10460	1
2025	10499	2
2025	10503	2
2025	10513	1
2025	10866	2
2025	10921	1
2025	11240	1
2025	11425	1
2026	2325	1
2026	2326	1
2026	2494	1
2026	2592	3
2026	2593	1
2026	2725	1
2026	3401	4
2026	3410	1
2026	3525	2
2026	3589	2
2026	3610	2
2026	3685	1
2026	3726	1
2026	3881	1
2026	4006	1
2026	4052	3
2026	4242	2
2026	4430	1
2026	4465	1
2026	4644	3
2026	4683	5
2026	4710	1
2026	4729	4
2026	5022	1
2026	5217	1
2026	5382	4
2026	5410	2
2026	5488	4
2026	5530	3
2026	5533	1
2026	5594	1
2026	5663	1
2026	5793	1
2026	5794	1
2026	5854	1
2026	5855	1
2026	5918	1
2026	6054	1
2026	6134	1
2026	6288	1
2026	6329	2
2026	6508	1
2026	6839	1
2026	6852	1
2026	6966	1
2026	7094	4
2026	7097	2
2026	7143	1
2026	7150	1
2026	7172	1
2026	7698	2
2026	7700	2
2026	7878	1
2026	7966	2
2026	8147	2
2026	8373	1
2026	8624	1
2026	8773	1
2026	8851	7
2026	8939	1
2026	8974	2
2026	9284	4
2026	9531	2
2026	9920	1
2026	9995	1
2026	10027	1
2026	10072	2
2026	10118	1
2026	10342	1
2026	10444	1
2026	10499	3
2026	10503	1
2026	10512	1
2026	10514	1
2026	10515	1
2026	10677	1
2026	10803	1
2026	10921	1
2026	10995	2
2026	11234	3
2026	11240	2
2026	11288	1
2026	11361	2
2026	11424	4
2026	11425	1
2026	11491	1
2033	2390	1
2033	2606	1
2033	2685	1
2033	2704	1
2033	2725	1
2033	2726	1
2033	2819	1
2033	3207	1
2033	3401	1
2033	3783	2
2033	3881	1
2033	3945	2
2033	3974	1
2033	3989	1
2033	4008	1
2033	4117	2
2033	4242	1
2033	4285	1
2033	4287	2
2033	4288	1
2033	4411	1
2033	4519	1
2033	4525	1
2033	4664	1
2033	4683	1
2033	4710	1
2033	5302	1
2033	5382	1
2033	5530	1
2033	5533	1
2033	5769	1
2033	5854	3
2033	6044	1
2033	6077	1
2033	6134	1
2033	6311	1
2033	6437	2
2033	6444	1
2033	6531	1
2033	6532	1
2033	7396	1
2033	7771	1
2033	7809	1
2033	7986	1
2033	8147	1
2033	8373	1
2033	8374	1
2033	8857	1
2033	9284	1
2033	9482	1
2033	9487	1
2033	9614	1
2033	9900	1
2033	9920	1
2033	10444	1
2033	11240	1
2033	11517	1
2033	11575	1
2033	11647	1
2060	2182	1
2060	2209	1
2060	2326	1
2060	2592	1
2060	2839	1
2060	3295	1
2060	3525	3
2060	3589	1
2060	3945	1
2060	3989	1
2060	4117	1
2060	4285	1
2060	4287	1
2060	4367	2
2060	4664	1
2060	4729	1
2060	4775	1
2060	4792	1
2060	4832	2
2060	4991	1
2060	5302	4
2060	5378	1
2060	5732	1
2060	5796	1
2060	6371	1
2060	6532	1
2060	6595	1
2060	6836	1
2060	6838	1
2060	7341	4
2060	7342	2
2060	7396	2
2060	7574	1
2060	7664	1
2060	8147	1
2060	8371	3
2060	8373	2
2060	8374	2
2060	8574	1
2060	8851	1
2060	9226	1
2060	9260	1
2060	9487	1
2060	9579	1
2060	9597	1
2060	9614	1
2060	9920	1
2060	10027	2
2060	10584	1
2060	10866	4
2060	11086	1
2060	11178	1
2060	11575	1
2060	11791	2
2078	2209	1
2078	2325	1
2078	2326	3
2078	2592	1
2078	2593	2
2078	2606	1
2078	2768	1
2078	2850	1
2078	3173	1
2078	3251	1
2078	3401	2
2078	3475	2
2078	3592	1
2078	3881	1
2078	4052	5
2078	4242	3
2078	4249	2
2078	4430	1
2078	4436	1
2078	4683	4
2078	4729	3
2078	4743	2
2078	5302	1
2078	5332	1
2078	5382	4
2078	5488	4
2078	5530	1
2078	5533	1
2078	5663	1
2078	5683	1
2078	5918	1
2078	6044	1
2078	7094	2
2078	7097	1
2078	7132	1
2078	7150	1
2078	7172	1
2078	7342	1
2078	7524	1
2078	7528	3
2078	7530	1
2078	7698	1
2078	7767	1
2078	7956	1
2078	7986	2
2078	8143	1
2078	8147	1
2078	8722	1
2078	8723	1
2078	8849	1
2078	8851	1
2078	8974	1
2078	9079	1
2078	9135	2
2078	9258	1
2078	9284	3
2078	9920	1
2078	9995	3
2078	10460	3
2078	10677	1
2078	10731	1
2078	11078	1
2078	11234	5
2078	11237	1
2078	11240	1
2078	11288	2
2078	11307	2
2078	11491	1
2078	11492	1
2078	11536	1
2078	11539	4
2078	11777	1
2101	2326	2
2101	2519	1
2101	2592	1
2101	2593	1
2101	2724	1
2101	2726	1
2101	2890	1
2101	3376	1
2101	3401	3
2101	3475	2
2101	3589	2
2101	3726	1
2101	4006	1
2101	4052	1
2101	4242	2
2101	4287	3
2101	4411	1
2101	4683	3
2101	4710	3
2101	4729	3
2101	4828	1
2101	5217	1
2101	5382	2
2101	5484	1
2101	5488	1
2101	5530	3
2101	5533	2
2101	5538	1
2101	5562	1
2101	5731	1
2101	5732	3
2101	5834	1
2101	5854	1
2101	6288	1
2101	6292	1
2101	6311	1
2101	6329	1
2101	6437	2
2101	6531	2
2101	6532	4
2101	6582	1
2101	6966	1
2101	7094	2
2101	7097	1
2101	7150	1
2101	7722	1
2101	7867	1
2101	7928	1
2101	8019	1
2101	8038	1
2101	8147	2
2101	8166	1
2101	8378	1
2101	8605	2
2101	8624	1
2101	8673	1
2101	8699	1
2101	8722	1
2101	8723	1
2101	8851	1
2101	8919	1
2101	8974	1
2101	9284	4
2101	9579	1
2101	9700	2
2101	9701	1
2101	9995	3
2101	10027	1
2101	10118	1
2101	10499	1
2101	10556	1
2101	10677	1
2101	10921	1
2101	11045	2
2101	11077	1
2101	11234	4
2101	11240	2
2101	11424	1
2101	11456	2
2101	11492	1
2101	11698	1
2101	11791	1
2119	2193	1
2119	2275	1
2119	2326	2
2119	2590	1
2119	2593	1
2119	2606	1
2119	2704	2
2119	2725	2
2119	2726	1
2119	2850	1
2119	3401	3
2119	3475	1
2119	3589	2
2119	3592	1
2119	3726	2
2119	3881	2
2119	3977	1
2119	4242	4
2119	4479	1
2119	4485	1
2119	4683	4
2119	4710	3
2119	4729	2
2119	4736	1
2119	5382	2
2119	5410	1
2119	5484	1
2119	5488	1
2119	5530	4
2119	5533	3
2119	5683	1
2119	5732	2
2119	5854	4
2119	6044	2
2119	6134	1
2119	6292	1
2119	6311	1
2119	6324	1
2119	6329	1
2119	6707	1
2119	6750	1
2119	6966	1
2119	7004	1
2119	7097	1
2119	7098	1
2119	7119	1
2119	7143	1
2119	7144	1
2119	7150	1
2119	7172	1
2119	7698	1
2119	7878	1
2119	7973	1
2119	7986	1
2119	8038	1
2119	8039	1
2119	8147	3
2119	8166	1
2119	8167	1
2119	8385	1
2119	8387	1
2119	8723	1
2119	8918	1
2119	8974	1
2119	9079	1
2119	9135	1
2119	9252	1
2119	9260	1
2119	9284	2
2119	9579	1
2119	9995	2
2119	10027	2
2119	10460	1
2119	10487	1
2119	10499	1
2119	10677	2
2119	10678	1
2119	10900	1
2119	10950	1
2119	11132	1
2119	11234	2
2119	11240	2
2119	11424	1
2119	11491	1
2119	11492	1
2119	11734	2
2119	11777	1
2155	2208	1
2155	2209	1
2155	2275	1
2155	2326	1
2155	2640	1
2155	2726	1
2155	3242	1
2155	3589	1
2155	3977	1
2155	4683	1
2155	4710	2
2155	5332	1
2155	5488	1
2155	5530	2
2155	5533	2
2155	5732	1
2155	8038	2
2155	8244	1
2155	8723	2
2155	8918	1
2155	9256	1
2155	9260	1
2155	9284	2
2155	9533	1
2155	9700	3
2155	10027	1
2155	10118	1
2155	10556	1
2155	10557	1
2155	10561	1
2155	10803	1
2155	10950	1
2155	11240	1
2155	11492	2
2163	2215	1
2163	2685	1
2163	2725	2
2163	2768	1
2163	3242	1
2163	3410	1
2163	3610	1
2163	4287	2
2163	4683	1
2163	4710	3
2163	4775	1
2163	5488	1
2163	5623	1
2163	5732	1
2163	5834	1
2163	5838	1
2163	5854	1
2163	5902	1
2163	6288	1
2163	6329	2
2163	6532	2
2163	6852	1
2163	7004	1
2163	7097	2
2163	7577	2
2163	7867	1
2163	7947	1
2163	8166	2
2163	8204	2
2163	8378	1
2163	8385	1
2163	8574	4
2163	8624	2
2163	8673	1
2163	8722	1
2163	8918	1
2163	9122	1
2163	9258	1
2163	9284	2
2163	9417	2
2163	9482	1
2163	9579	1
2163	9700	1
2163	9806	1
2163	10342	1
2163	10677	1
2163	11178	3
2163	11234	1
2163	11240	1
2163	11361	3
2163	11491	1
2163	11536	1
2163	11820	1
2182	2390	1
2182	2526	1
2182	2593	1
2182	2803	1
2182	3207	1
2182	3525	1
2182	3783	1
2182	3879	1
2182	3974	1
2182	4050	1
2182	4367	1
2182	4471	1
2182	4476	1
2182	4775	1
2182	4792	3
2182	4991	1
2182	4992	1
2182	5249	1
2182	5302	1
2182	6444	1
2182	6966	1
2182	7342	1
2182	8030	1
2182	8371	1
2182	8373	1
2182	9226	1
2182	10621	1
2182	11424	1
2193	2208	1
2193	2326	1
2193	2494	1
2193	2640	1
2193	2721	1
2193	2725	2
2193	2726	1
2193	3410	1
2193	3525	1
2193	3589	1
2193	3592	1
2193	3679	1
2193	3685	1
2193	3726	2
2193	3879	2
2193	4274	1
2193	4287	1
2193	4465	1
2193	4476	1
2193	4479	1
2193	4644	1
2193	4683	2
2193	4710	1
2193	4729	2
2193	4992	1
2193	5302	1
2193	5410	1
2193	5488	1
2193	5530	3
2193	5533	1
2193	5606	1
2193	5793	1
2193	5854	2
2193	5855	1
2193	6324	1
2193	6329	2
2193	6508	1
2193	6532	1
2193	7150	1
2193	7341	1
2193	7574	1
2193	7700	1
2193	8019	1
2193	8030	1
2193	8060	1
2193	8143	1
2193	8204	1
2193	8605	1
2193	8699	1
2193	9029	1
2193	9135	1
2193	9252	1
2193	9533	1
2193	10027	1
2193	10342	2
2193	10460	1
2193	10803	1
2193	11078	1
2193	11079	1
2193	11234	1
2193	11492	1
2193	11734	1
2208	2209	1
2208	2210	1
2208	2275	3
2208	2326	5
2208	2482	1
2208	2606	1
2208	2699	1
2208	2704	1
2208	2725	1
2208	2726	1
2208	2768	2
2208	2782	1
2208	2850	1
2208	2895	1
2208	3195	1
2208	3242	1
2208	3401	4
2208	3450	1
2208	3475	3
2208	3589	1
2208	3679	1
2208	3726	3
2208	3945	1
2208	3977	1
2208	4017	1
2208	4052	1
2208	4242	1
2208	4274	1
2208	4285	1
2208	4287	4
2208	4288	1
2208	4411	2
2208	4525	1
2208	4683	4
2208	4710	2
2208	4729	2
2208	4828	1
2208	4992	1
2208	5302	2
2208	5378	3
2208	5382	4
2208	5410	3
2208	5484	3
2208	5487	1
2208	5488	2
2208	5530	6
2208	5533	3
2208	5664	1
2208	5731	1
2208	5732	4
2208	5834	1
2208	5854	2
2208	6014	1
2208	6054	1
2208	6288	2
2208	6311	1
2208	6324	1
2208	6329	3
2208	6532	2
2208	6836	1
2208	6910	1
2208	6966	1
2208	7004	2
2208	7097	2
2208	7119	1
2208	7150	1
2208	7172	1
2208	7438	1
2208	7524	1
2208	7574	1
2208	8038	1
2208	8039	1
2208	8060	1
2208	8143	1
2208	8167	2
2208	8244	1
2208	8385	1
2208	8605	2
2208	8672	1
2208	8673	2
2208	8722	1
2208	8723	1
2208	8801	2
2208	8857	1
2208	8918	2
2208	8974	2
2208	9079	1
2208	9135	1
2208	9246	2
2208	9256	1
2208	9258	1
2208	9260	2
2208	9284	6
2208	9700	2
2208	9995	1
2208	10027	2
2208	10072	1
2208	10118	2
2208	10460	1
2208	10556	1
2208	10557	1
2208	10561	1
2208	10584	1
2208	10677	6
2208	10678	4
2208	10900	1
2208	10990	1
2208	11079	1
2208	11234	4
2208	11240	3
2208	11288	1
2208	11425	1
2208	11491	1
2208	11539	1
2208	11734	1
2208	11777	1
2209	2210	3
2209	2275	4
2209	2326	6
2209	2482	1
2209	2592	1
2209	2593	1
2209	2725	2
2209	2726	1
2209	2773	1
2209	2782	1
2209	2839	1
2209	3195	1
2209	3224	1
2209	3401	2
2209	3410	1
2209	3450	2
2209	3589	3
2209	3592	1
2209	3610	1
2209	3726	1
2209	3881	1
2209	3977	1
2209	4017	1
2209	4052	1
2209	4242	4
2209	4253	1
2209	4287	2
2209	4430	1
2209	4436	1
2209	4683	6
2209	4710	3
2209	4729	2
2209	4743	1
2209	4828	1
2209	4959	2
2209	4992	1
2209	5086	1
2209	5217	1
2209	5332	1
2209	5378	3
2209	5382	4
2209	5410	1
2209	5484	1
2209	5488	2
2209	5530	5
2209	5533	3
2209	5663	1
2209	5683	1
2209	5732	5
2209	5854	4
2209	5855	1
2209	6044	1
2209	6134	2
2209	6209	1
2209	6288	1
2209	6324	2
2209	6329	3
2209	6531	1
2209	6532	2
2209	6838	1
2209	6930	1
2209	7004	2
2209	7094	1
2209	7097	3
2209	7119	1
2209	7150	1
2209	7341	1
2209	7524	3
2209	7574	1
2209	7698	1
2209	7809	1
2209	7947	1
2209	7956	1
2209	7986	1
2209	8038	2
2209	8143	2
2209	8147	1
2209	8167	1
2209	8373	1
2209	8385	1
2209	8475	1
2209	8476	1
2209	8574	1
2209	8605	2
2209	8723	2
2209	8849	1
2209	8918	2
2209	9029	1
2209	9079	1
2209	9246	1
2209	9252	1
2209	9258	1
2209	9260	1
2209	9284	6
2209	9579	1
2209	9700	1
2209	10027	3
2209	10118	1
2209	10460	1
2209	10515	1
2209	10584	1
2209	10677	3
2209	10678	2
2209	10734	1
2209	10900	2
2209	10949	1
2209	11078	1
2209	11086	1
2209	11178	1
2209	11234	2
2209	11240	4
2209	11288	1
2209	11491	4
2209	11492	1
2209	11539	1
2209	11734	1
2209	11777	1
2210	2275	1
2210	2326	2
2210	2782	1
2210	3401	1
2210	3450	1
2210	4006	1
2210	4052	1
2210	4287	2
2210	4683	2
2210	4729	1
2210	4959	1
2210	4992	1
2210	5217	1
2210	5302	1
2210	5378	1
2210	5382	2
2210	5530	1
2210	5533	1
2210	5732	1
2210	5854	1
2210	6134	1
2210	6288	1
2210	6531	1
2210	6532	1
2210	6836	1
2210	7722	1
2210	7809	1
2210	8167	1
2210	8373	1
2210	8605	1
2210	8801	1
2210	8918	1
2210	8974	1
2210	9135	1
2210	9246	1
2210	9284	2
2210	9700	1
2210	10027	1
2210	10460	1
2210	10584	1
2210	10677	1
2210	10678	1
2210	10949	1
2210	11086	1
2210	11240	3
2210	11491	3
2210	11539	1
2210	11734	1
2215	2326	1
2215	2383	1
2215	2592	2
2215	2640	2
2215	2724	1
2215	2725	2
2215	2773	1
2215	2776	1
2215	3409	1
2215	3410	2
2215	3411	1
2215	3600	1
2215	3685	1
2215	3977	2
2215	4287	1
2215	4411	1
2215	4683	1
2215	4710	1
2215	4729	1
2215	5302	1
2215	5530	3
2215	5533	1
2215	5594	1
2215	5623	2
2215	5732	1
2215	5838	1
2215	5854	2
2215	5902	1
2215	6134	1
2215	6209	1
2215	6288	1
2215	6324	1
2215	6329	4
2215	6531	1
2215	6532	2
2215	6595	1
2215	6852	3
2215	7004	1
2215	7094	1
2215	7097	2
2215	7577	1
2215	7867	1
2215	8147	2
2215	8166	1
2215	8574	4
2215	8624	2
2215	8673	1
2215	8699	1
2215	8701	1
2215	8722	1
2215	8918	1
2215	9029	1
2215	9163	1
2215	9258	1
2215	9260	1
2215	9284	2
2215	9417	4
2215	9482	1
2215	9501	1
2215	9531	1
2215	9579	1
2215	9700	1
2215	10072	1
2215	10342	1
2215	10515	1
2215	10677	1
2215	10731	1
2215	11178	1
2215	11240	1
2215	11361	1
2215	11491	2
2215	11539	1
2215	11820	1
2275	2326	4
2275	2482	1
2275	2593	1
2275	2606	1
2275	2704	1
2275	2725	2
2275	2726	3
2275	2773	1
2275	2782	1
2275	2850	1
2275	3242	1
2275	3401	3
2275	3450	2
2275	3475	1
2275	3589	1
2275	3610	1
2275	3726	2
2275	3881	1
2275	3977	2
2275	4017	1
2275	4242	3
2275	4287	1
2275	4485	1
2275	4683	2
2275	4710	2
2275	4729	1
2275	4736	1
2275	4828	1
2275	4959	1
2275	5217	1
2275	5378	3
2275	5382	3
2275	5410	2
2275	5484	2
2275	5488	1
2275	5530	4
2275	5533	5
2275	5683	1
2275	5732	5
2275	5834	1
2275	5854	2
2275	6134	2
2275	6209	1
2275	6288	2
2275	6292	1
2275	6324	3
2275	6329	3
2275	6532	1
2275	6707	1
2275	6930	1
2275	7004	2
2275	7094	1
2275	7097	4
2275	7098	1
2275	7119	1
2275	7143	1
2275	7144	1
2275	7524	1
2275	7947	1
2275	7973	1
2275	7986	1
2275	8038	3
2275	8039	2
2275	8147	1
2275	8166	1
2275	8167	1
2275	8244	1
2275	8385	1
2275	8476	1
2275	8605	1
2275	8723	4
2275	8918	2
2275	8974	1
2275	9029	1
2275	9252	1
2275	9256	1
2275	9258	1
2275	9284	5
2275	9579	1
2275	9700	1
2275	10118	1
2275	10460	1
2275	10487	1
2275	10515	1
2275	10556	1
2275	10557	1
2275	10561	1
2275	10584	1
2275	10677	4
2275	10678	4
2275	10734	1
2275	10900	2
2275	11132	1
2275	11234	1
2275	11240	4
2275	11491	3
2275	11734	1
2325	2326	4
2325	2592	2
2325	2593	3
2325	2606	1
2325	2726	1
2325	2768	1
2325	2782	1
2325	2850	1
2325	3401	1
2325	3450	1
2325	3475	2
2325	3589	1
2325	3610	2
2325	3980	1
2325	3989	1
2325	4052	2
2325	4242	1
2325	4249	1
2325	4683	6
2325	4729	4
2325	4743	1
2325	5382	3
2325	5410	1
2325	5488	3
2325	5503	1
2325	5530	2
2325	5655	1
2325	5732	2
2325	5794	1
2325	5994	1
2325	6054	1
2325	6329	2
2325	6838	2
2325	6839	1
2325	6852	1
2325	6896	1
2325	7094	4
2325	7097	5
2325	7098	1
2325	7150	1
2325	7528	1
2325	7530	1
2325	7698	2
2325	7700	1
2325	7730	1
2325	7947	1
2325	7956	1
2325	7986	1
2325	8147	1
2325	8166	1
2325	8373	1
2325	8476	1
2325	8605	3
2325	8672	1
2325	8673	1
2325	8722	1
2325	8723	1
2325	8851	2
2325	8974	1
2325	9135	2
2325	9258	2
2325	9284	3
2325	9501	1
2325	9700	2
2325	9701	1
2325	9995	1
2325	9998	1
2325	10072	1
2325	10499	3
2325	10514	1
2325	10677	4
2325	10803	2
2325	11021	1
2325	11078	1
2325	11079	1
2325	11234	3
2325	11237	1
2325	11240	1
2325	11288	1
2325	11361	1
2325	11424	3
2325	11491	1
2325	11575	1
2325	11820	1
2326	2390	1
2326	2482	4
2326	2494	1
2326	2519	2
2326	2592	13
2326	2593	12
2326	2606	7
2326	2640	5
2326	2685	2
2326	2699	3
2326	2704	4
2326	2721	3
2326	2724	11
2326	2725	17
2326	2726	11
2326	2768	5
2326	2773	5
2326	2775	2
2326	2776	2
2326	2782	4
2326	2819	1
2326	2839	1
2326	2850	4
2326	2895	2
2326	2898	2
2326	2924	2
2326	3195	6
2326	3207	2
2326	3224	4
2326	3242	1
2326	3314	3
2326	3401	30
2326	3409	3
2326	3410	7
2326	3411	4
2326	3450	13
2326	3475	14
2326	3589	16
2326	3592	4
2326	3600	2
2326	3610	3
2326	3683	3
2326	3685	1
2326	3704	1
2326	3726	30
2326	3783	1
2326	3879	1
2326	3881	3
2326	3931	2
2326	3977	13
2326	3980	4
2326	3989	2
2326	4008	1
2326	4017	2
2326	4052	16
2326	4117	1
2326	4242	9
2326	4249	2
2326	4253	1
2326	4285	2
2326	4286	1
2326	4287	5
2326	4411	9
2326	4417	3
2326	4430	2
2326	4436	2
2326	4476	1
2326	4479	3
2326	4485	2
2326	4644	4
2326	4664	1
2326	4683	33
2326	4710	13
2326	4729	28
2326	4736	5
2326	4743	4
2326	4803	1
2326	4828	6
2326	4959	5
2326	4991	1
2326	5086	3
2326	5087	3
2326	5089	2
2326	5181	1
2326	5207	9
2326	5217	1
2326	5249	1
2326	5332	10
2326	5378	5
2326	5382	28
2326	5410	22
2326	5484	10
2326	5487	4
2326	5488	25
2326	5503	4
2326	5530	44
2326	5533	31
2326	5538	4
2326	5562	2
2326	5594	4
2326	5606	3
2326	5623	2
2326	5655	2
2326	5656	2
2326	5663	2
2326	5664	1
2326	5683	5
2326	5731	2
2326	5732	28
2326	5792	2
2326	5793	3
2326	5794	1
2326	5796	4
2326	5838	1
2326	5854	21
2326	5855	10
2326	5902	3
2326	6011	3
2326	6014	2
2326	6054	1
2326	6134	9
2326	6209	2
2326	6288	10
2326	6292	6
2326	6311	6
2326	6324	4
2326	6329	30
2326	6342	3
2326	6427	2
2326	6508	1
2326	6531	4
2326	6532	2
2326	6582	3
2326	6595	1
2326	6616	1
2326	6681	2
2326	6707	2
2326	6836	6
2326	6838	5
2326	6839	2
2326	6852	8
2326	6896	1
2326	6910	4
2326	6930	6
2326	6966	1
2326	7004	10
2326	7094	26
2326	7097	37
2326	7098	4
2326	7115	2
2326	7119	4
2326	7143	5
2326	7144	2
2326	7150	6
2326	7172	3
2326	7341	3
2326	7342	3
2326	7524	2
2326	7528	2
2326	7530	3
2326	7574	1
2326	7577	1
2326	7609	1
2326	7664	2
2326	7698	3
2326	7700	2
2326	7722	1
2326	7730	3
2326	7767	3
2326	7771	1
2326	7867	9
2326	7928	1
2326	7947	1
2326	7954	1
2326	7956	3
2326	7966	7
2326	7973	1
2326	7986	2
2326	8018	1
2326	8019	1
2326	8030	3
2326	8038	11
2326	8039	4
2326	8060	1
2326	8138	5
2326	8143	5
2326	8147	13
2326	8166	12
2326	8167	5
2326	8204	3
2326	8315	1
2326	8351	1
2326	8373	1
2326	8385	1
2326	8475	5
2326	8476	2
2326	8574	4
2326	8605	10
2326	8624	4
2326	8672	6
2326	8673	13
2326	8699	3
2326	8701	3
2326	8722	14
2326	8723	14
2326	8801	3
2326	8849	1
2326	8851	6
2326	8857	1
2326	8918	6
2326	8919	3
2326	8974	17
2326	9029	2
2326	9079	4
2326	9122	3
2326	9135	12
2326	9163	4
2326	9246	3
2326	9252	5
2326	9254	3
2326	9256	2
2326	9258	5
2326	9260	6
2326	9284	49
2326	9292	1
2326	9417	1
2326	9501	3
2326	9531	3
2326	9533	1
2326	9579	4
2326	9700	10
2326	9701	2
2326	9806	1
2326	9920	2
2326	9995	11
2326	9998	1
2326	10027	11
2326	10072	11
2326	10118	5
2326	10342	8
2326	10374	1
2326	10460	11
2326	10487	4
2326	10499	2
2326	10512	2
2326	10514	1
2326	10515	5
2326	10556	2
2326	10557	2
2326	10559	1
2326	10561	1
2326	10621	1
2326	10677	42
2326	10678	6
2326	10709	1
2326	10731	3
2326	10734	5
2326	10766	3
2326	10803	3
2326	10866	1
2326	10900	9
2326	10921	1
2326	10949	2
2326	10950	1
2326	10990	1
2326	10995	2
2326	11021	6
2326	11026	3
2326	11045	3
2326	11077	8
2326	11078	2
2326	11079	6
2326	11086	1
2326	11132	2
2326	11178	2
2326	11234	31
2326	11237	2
2326	11240	32
2326	11288	5
2326	11307	4
2326	11361	2
2326	11424	3
2326	11425	5
2326	11491	11
2326	11492	12
2326	11502	3
2326	11517	1
2326	11536	1
2326	11539	10
2326	11575	1
2326	11698	1
2326	11734	5
2326	11777	4
2326	11820	2
2383	2592	1
2383	2593	2
2383	2640	1
2383	2725	1
2383	3592	1
2383	3600	2
2383	3704	1
2383	4286	1
2383	4367	1
2383	4775	1
2383	5089	1
2383	5302	2
2383	5332	1
2383	5533	1
2383	5854	1
2383	6134	1
2383	6329	1
2383	6852	1
2383	6966	1
2383	7351	2
2383	7609	2
2383	7664	2
2383	7700	2
2383	7954	1
2383	8362	1
2383	8373	1
2383	8574	1
2383	8624	1
2383	9417	1
2383	10512	1
2383	10515	1
2383	11425	1
2383	11491	1
2390	2519	1
2390	2526	1
2390	2592	2
2390	2593	4
2390	2685	1
2390	2699	1
2390	2819	1
2390	2839	2
2390	2924	1
2390	3207	2
2390	3251	1
2390	3295	1
2390	3401	1
2390	3679	1
2390	3783	2
2390	3879	1
2390	3945	3
2390	3989	1
2390	4050	1
2390	4117	1
2390	4242	1
2390	4249	1
2390	4285	2
2390	4286	1
2390	4287	2
2390	4288	2
2390	4367	1
2390	4411	1
2390	4476	2
2390	4479	1
2390	4485	1
2390	4519	2
2390	4525	2
2390	4664	2
2390	4683	1
2390	4710	2
2390	4729	2
2390	4775	1
2390	4779	1
2390	4991	1
2390	4992	1
2390	5249	1
2390	5302	3
2390	5382	1
2390	5488	2
2390	5530	1
2390	5792	1
2390	5793	1
2390	5794	1
2390	5796	1
2390	5834	2
2390	5854	1
2390	6011	1
2390	6311	1
2390	6444	1
2390	6836	2
2390	7115	1
2390	7119	2
2390	7341	1
2390	7342	2
2390	7396	1
2390	7438	2
2390	7609	1
2390	7664	1
2390	7767	2
2390	7771	2
2390	7809	2
2390	8018	1
2390	8030	2
2390	8143	1
2390	8166	1
2390	8373	5
2390	8374	2
2390	8378	1
2390	8851	3
2390	8857	2
2390	9069	2
2390	9292	1
2390	9487	1
2390	9614	1
2390	9920	1
2390	9995	1
2390	10010	1
2390	10011	1
2390	10027	1
2390	10514	1
2390	10515	1
2390	10621	1
2390	10766	1
2390	11234	1
2390	11425	1
2390	11647	1
2390	11777	1
2482	2592	1
2482	2593	1
2482	2685	1
2482	2725	1
2482	2726	1
2482	2773	1
2482	2782	1
2482	2895	1
2482	2924	1
2482	3401	2
2482	3450	1
2482	3475	1
2482	3726	2
2482	4017	1
2482	4117	1
2482	4242	1
2482	4285	1
2482	4286	1
2482	4287	3
2482	4288	1
2482	4683	2
2482	4710	1
2482	4729	2
2482	4803	1
2482	4959	1
2482	5181	1
2482	5378	1
2482	5382	2
2482	5410	2
2482	5484	1
2482	5488	2
2482	5530	6
2482	5533	4
2482	5683	1
2482	5732	1
2482	5796	1
2482	5854	2
2482	5855	1
2482	6134	1
2482	6209	1
2482	6329	1
2482	6531	1
2482	6852	1
2482	6930	1
2482	6966	1
2482	7004	1
2482	7094	1
2482	7097	4
2482	7119	1
2482	7771	1
2482	7867	1
2482	7928	1
2482	7947	1
2482	7956	2
2482	8038	1
2482	8039	1
2482	8147	1
2482	8166	2
2482	8167	1
2482	8385	1
2482	8476	1
2482	8723	2
2482	8857	1
2482	8919	1
2482	9029	1
2482	9135	1
2482	9246	1
2482	9252	1
2482	9284	5
2482	9700	1
2482	10072	1
2482	10487	1
2482	10515	1
2482	10677	4
2482	10678	2
2482	10734	1
2482	10900	1
2482	11079	2
2482	11086	1
2482	11234	2
2482	11240	5
2482	11361	1
2482	11424	1
2482	11425	1
2482	11491	1
2482	11734	1
2494	2606	1
2494	2640	1
2494	2704	1
2494	2721	1
2494	2724	1
2494	2725	1
2494	2726	1
2494	2775	1
2494	2776	1
2494	3207	1
2494	3401	2
2494	3409	1
2494	3410	2
2494	3475	1
2494	3525	1
2494	3589	2
2494	3685	1
2494	3726	2
2494	3977	1
2494	4008	1
2494	4052	1
2494	4287	1
2494	4417	1
2494	4683	4
2494	4710	2
2494	4729	4
2494	4736	1
2494	4743	1
2494	5382	1
2494	5410	2
2494	5488	2
2494	5530	2
2494	5533	3
2494	5656	1
2494	5732	1
2494	5769	1
2494	5793	1
2494	5854	2
2494	5918	1
2494	6288	2
2494	6292	2
2494	6324	1
2494	6329	3
2494	6342	1
2494	6427	1
2494	6836	1
2494	6852	2
2494	6966	1
2494	7004	1
2494	7094	2
2494	7097	2
2494	7342	1
2494	7700	1
2494	7730	2
2494	8147	1
2494	8166	1
2494	8204	2
2494	8351	1
2494	8374	1
2494	8605	2
2494	8672	1
2494	8699	1
2494	8722	2
2494	8723	1
2494	8851	3
2494	8974	2
2494	9029	1
2494	9135	1
2494	9163	1
2494	9258	1
2494	9284	3
2494	9700	1
2494	9806	2
2494	10027	1
2494	10072	3
2494	10342	2
2494	10374	1
2494	10499	1
2494	10514	1
2494	10515	1
2494	10677	1
2494	10734	1
2494	10803	3
2494	10995	1
2494	11021	1
2494	11045	1
2494	11078	1
2494	11079	2
2494	11234	3
2494	11240	1
2494	11361	1
2494	11424	1
2494	11425	1
2494	11734	1
2494	11820	1
2519	2592	1
2519	2593	4
2519	2699	1
2519	2725	1
2519	2726	1
2519	2890	1
2519	2895	1
2519	2898	1
2519	3195	3
2519	3224	1
2519	3251	1
2519	3376	1
2519	3401	6
2519	3441	2
2519	3475	1
2519	3525	1
2519	3589	3
2519	3685	1
2519	3726	3
2519	3945	1
2519	4006	1
2519	4117	2
2519	4249	1
2519	4274	2
2519	4285	2
2519	4286	2
2519	4287	9
2519	4411	1
2519	4519	1
2519	4683	9
2519	4710	6
2519	4729	2
2519	4736	1
2519	4743	1
2519	4775	1
2519	4779	3
2519	4792	1
2519	4803	1
2519	4832	2
2519	5086	2
2519	5087	3
2519	5089	1
2519	5217	1
2519	5302	2
2519	5382	3
2519	5410	1
2519	5488	3
2519	5530	6
2519	5533	4
2519	5594	3
2519	5732	2
2519	5796	1
2519	5808	4
2519	5834	5
2519	5838	2
2519	5854	6
2519	5855	2
2519	5902	1
2519	6011	1
2519	6044	1
2519	6087	2
2519	6134	1
2519	6288	2
2519	6292	1
2519	6329	1
2519	6437	2
2519	6531	1
2519	6532	5
2519	6616	1
2519	6836	2
2519	6838	5
2519	6910	3
2519	6930	1
2519	6966	2
2519	7004	2
2519	7094	3
2519	7097	1
2519	7115	1
2519	7143	1
2519	7172	1
2519	7396	1
2519	7524	1
2519	7698	1
2519	7771	2
2519	7809	2
2519	7867	2
2519	7947	1
2519	8038	2
2519	8060	2
2519	8143	4
2519	8147	1
2519	8166	2
2519	8315	1
2519	8371	1
2519	8374	1
2519	8378	5
2519	8380	2
2519	8385	1
2519	8605	2
2519	8723	1
2519	8851	5
2519	8918	3
2519	8974	2
2519	9135	2
2519	9284	3
2519	9292	1
2519	9614	2
2519	9700	1
2519	9701	1
2519	9900	1
2519	10010	1
2519	10011	1
2519	10027	3
2519	10072	1
2519	10512	2
2519	10515	1
2519	10556	1
2519	10584	1
2519	10677	1
2519	11086	2
2519	11234	4
2519	11240	4
2519	11424	3
2519	11425	1
2519	11456	2
2519	11502	2
2519	11517	2
2519	11647	1
2519	11698	1
2519	11791	1
2526	2592	1
2526	2593	1
2526	3376	2
2526	4050	1
2526	4286	1
2526	4287	1
2526	4519	1
2526	4775	1
2526	4803	2
2526	5488	1
2526	5834	2
2526	5838	1
2526	6371	1
2526	6531	2
2526	7436	1
2526	7528	1
2526	7664	1
2526	7771	1
2526	7928	1
2526	8373	1
2526	8378	1
2526	8380	1
2526	8624	1
2526	8773	2
2526	10011	2
2526	11517	1
2526	11575	1
2590	2592	2
2590	2593	3
2590	2699	1
2590	2704	1
2590	2725	1
2590	2726	1
2590	2799	1
2590	3401	2
2590	3592	1
2590	3881	3
2590	3974	1
2590	4017	1
2590	4242	2
2590	4243	1
2590	4247	2
2590	4249	1
2590	4253	1
2590	4683	2
2590	4710	1
2590	4992	1
2590	5302	1
2590	5382	3
2590	5530	1
2590	5533	3
2590	5732	1
2590	5854	1
2590	5918	1
2590	5920	1
2590	6011	1
2590	6134	1
2590	6166	1
2590	6311	1
2590	6329	1
2590	6750	3
2590	6852	1
2590	7119	1
2590	7172	1
2590	7438	1
2590	7698	2
2590	7700	1
2590	7767	1
2590	7878	1
2590	7954	1
2590	7986	1
2590	8147	2
2590	8387	2
2590	8773	1
2590	8851	1
2590	9223	1
2590	9258	1
2590	9284	2
2590	9995	3
2590	9998	1
2590	10010	1
2590	10499	1
2590	10512	2
2590	10513	1
2590	10514	1
2590	10515	2
2590	10950	1
2590	11237	1
2590	11734	1
2590	11777	2
2592	2593	16
2592	2609	2
2592	2699	2
2592	2704	1
2592	2721	2
2592	2725	7
2592	2726	1
2592	2773	4
2592	2775	1
2592	2776	2
2592	2782	1
2592	2799	1
2592	2800	1
2592	2805	2
2592	2819	1
2592	2839	2
2592	2890	1
2592	2924	1
2592	3224	2
2592	3251	3
2592	3376	1
2592	3401	16
2592	3409	4
2592	3410	7
2592	3411	6
2592	3441	2
2592	3450	1
2592	3475	6
2592	3525	4
2592	3589	5
2592	3592	2
2592	3600	5
2592	3610	3
2592	3683	1
2592	3685	3
2592	3704	5
2592	3726	7
2592	3879	2
2592	3881	5
2592	3974	1
2592	3977	4
2592	3989	1
2592	4017	1
2592	4052	7
2592	4242	12
2592	4243	1
2592	4247	2
2592	4249	2
2592	4253	2
2592	4286	2
2592	4287	2
2592	4411	4
2592	4417	2
2592	4430	1
2592	4436	1
2592	4465	1
2592	4471	1
2592	4476	3
2592	4479	2
2592	4485	1
2592	4644	1
2592	4664	2
2592	4683	17
2592	4710	6
2592	4729	17
2592	4736	1
2592	4743	1
2592	4775	2
2592	4803	2
2592	4828	1
2592	4832	2
2592	4959	1
2592	4991	1
2592	5022	2
2592	5086	2
2592	5089	1
2592	5207	3
2592	5249	2
2592	5302	3
2592	5332	5
2592	5382	14
2592	5410	4
2592	5484	2
2592	5488	14
2592	5503	3
2592	5530	18
2592	5533	15
2592	5538	3
2592	5594	3
2592	5606	1
2592	5623	1
2592	5663	3
2592	5683	2
2592	5731	1
2592	5732	5
2592	5792	2
2592	5793	1
2592	5794	1
2592	5796	3
2592	5808	1
2592	5854	8
2592	5855	3
2592	5918	1
2592	5920	2
2592	5994	1
2592	6011	5
2592	6054	1
2592	6134	8
2592	6166	1
2592	6209	2
2592	6288	2
2592	6292	2
2592	6311	1
2592	6324	1
2592	6329	10
2592	6371	1
2592	6427	2
2592	6444	1
2592	6531	2
2592	6582	2
2592	6595	2
2592	6616	1
2592	6749	1
2592	6750	1
2592	6827	1
2592	6836	2
2592	6852	4
2592	6896	1
2592	6910	1
2592	6930	3
2592	6966	1
2592	7004	2
2592	7094	13
2592	7097	8
2592	7098	2
2592	7115	2
2592	7119	3
2592	7132	2
2592	7143	1
2592	7150	5
2592	7172	4
2592	7341	3
2592	7342	3
2592	7351	2
2592	7434	2
2592	7438	1
2592	7524	2
2592	7528	2
2592	7530	1
2592	7609	2
2592	7664	2
2592	7698	7
2592	7700	6
2592	7722	1
2592	7767	3
2592	7771	1
2592	7809	1
2592	7867	6
2592	7878	1
2592	7928	2
2592	7954	2
2592	7956	2
2592	7966	3
2592	7986	1
2592	8018	3
2592	8030	3
2592	8038	1
2592	8138	3
2592	8143	2
2592	8147	7
2592	8167	1
2592	8315	1
2592	8362	1
2592	8371	1
2592	8373	5
2592	8624	4
2592	8673	1
2592	8699	2
2592	8701	2
2592	8722	1
2592	8723	3
2592	8773	1
2592	8801	1
2592	8849	2
2592	8851	6
2592	8974	5
2592	9029	1
2592	9069	1
2592	9079	1
2592	9135	1
2592	9163	1
2592	9223	1
2592	9260	1
2592	9284	18
2592	9292	1
2592	9501	1
2592	9531	2
2592	9533	1
2592	9579	1
2592	9614	1
2592	9719	1
2592	9804	1
2592	9920	2
2592	9995	7
2592	9998	4
2592	10010	1
2592	10011	1
2592	10027	4
2592	10072	2
2592	10118	1
2592	10342	3
2592	10460	2
2592	10499	5
2592	10503	3
2592	10512	6
2592	10513	1
2592	10514	3
2592	10515	7
2592	10556	1
2592	10584	1
2592	10621	2
2592	10677	5
2592	10731	4
2592	10734	1
2592	10766	5
2592	10803	1
2592	10866	4
2592	10921	1
2592	10990	1
2592	10995	1
2592	11021	1
2592	11026	1
2592	11077	1
2592	11078	1
2592	11086	1
2592	11234	12
2592	11237	1
2592	11240	14
2592	11288	3
2592	11307	3
2592	11361	2
2592	11424	3
2592	11425	4
2592	11491	2
2592	11492	3
2592	11502	1
2592	11517	1
2592	11536	1
2592	11539	2
2592	11575	3
2592	11777	4
2592	11791	2
2593	2606	2
2593	2609	2
2593	2685	2
2593	2699	3
2593	2704	5
2593	2721	1
2593	2724	3
2593	2725	7
2593	2726	4
2593	2773	2
2593	2776	1
2593	2782	1
2593	2800	2
2593	2805	3
2593	2819	1
2593	2839	1
2593	2850	1
2593	2890	1
2593	3195	1
2593	3207	2
2593	3224	1
2593	3251	3
2593	3314	1
2593	3401	19
2593	3409	1
2593	3410	2
2593	3411	1
2593	3441	1
2593	3450	1
2593	3475	3
2593	3525	1
2593	3589	5
2593	3592	2
2593	3600	1
2593	3610	2
2593	3683	3
2593	3704	3
2593	3726	5
2593	3783	2
2593	3879	2
2593	3881	5
2593	3931	3
2593	3945	1
2593	3974	1
2593	3977	1
2593	3989	2
2593	4006	1
2593	4017	1
2593	4052	8
2593	4117	1
2593	4242	15
2593	4247	1
2593	4249	6
2593	4253	3
2593	4274	1
2593	4285	2
2593	4286	1
2593	4287	5
2593	4367	4
2593	4411	3
2593	4417	3
2593	4430	1
2593	4436	1
2593	4465	2
2593	4476	1
2593	4479	1
2593	4485	2
2593	4519	1
2593	4664	2
2593	4683	17
2593	4710	9
2593	4729	15
2593	4736	1
2593	4743	4
2593	4775	2
2593	4828	1
2593	4959	1
2593	4992	1
2593	5022	2
2593	5087	1
2593	5181	1
2593	5217	1
2593	5249	2
2593	5302	5
2593	5332	3
2593	5382	22
2593	5410	2
2593	5484	1
2593	5488	16
2593	5503	3
2593	5530	20
2593	5533	15
2593	5538	3
2593	5655	1
2593	5663	2
2593	5683	6
2593	5732	8
2593	5769	1
2593	5792	1
2593	5793	1
2593	5794	1
2593	5796	2
2593	5808	1
2593	5854	6
2593	5855	3
2593	5882	2
2593	5902	1
2593	5918	2
2593	5920	1
2593	5994	2
2593	5995	1
2593	6011	6
2593	6014	2
2593	6044	1
2593	6054	1
2593	6077	1
2593	6134	8
2593	6166	2
2593	6288	2
2593	6292	2
2593	6311	1
2593	6324	2
2593	6329	12
2593	6342	1
2593	6371	1
2593	6427	3
2593	6444	1
2593	6463	2
2593	6531	1
2593	6532	2
2593	6616	1
2593	6681	2
2593	6707	1
2593	6749	2
2593	6750	3
2593	6827	2
2593	6836	6
2593	6838	5
2593	6839	1
2593	6852	5
2593	6966	4
2593	7004	1
2593	7094	4
2593	7097	6
2593	7098	1
2593	7115	3
2593	7119	2
2593	7143	1
2593	7144	1
2593	7150	6
2593	7172	3
2593	7341	2
2593	7342	3
2593	7351	1
2593	7434	3
2593	7524	2
2593	7528	5
2593	7530	2
2593	7609	2
2593	7664	5
2593	7698	8
2593	7700	4
2593	7722	1
2593	7730	1
2593	7767	6
2593	7867	3
2593	7878	1
2593	7947	1
2593	7954	2
2593	7956	2
2593	7966	2
2593	7973	1
2593	7986	4
2593	8018	1
2593	8019	1
2593	8030	2
2593	8038	2
2593	8039	3
2593	8138	2
2593	8143	5
2593	8147	7
2593	8166	2
2593	8167	1
2593	8315	2
2593	8362	3
2593	8371	1
2593	8373	4
2593	8374	2
2593	8378	2
2593	8387	3
2593	8574	1
2593	8605	2
2593	8624	1
2593	8673	3
2593	8701	1
2593	8722	3
2593	8723	10
2593	8849	2
2593	8851	7
2593	8857	1
2593	8918	3
2593	8919	2
2593	8939	1
2593	8974	5
2593	9069	1
2593	9079	1
2593	9135	5
2593	9226	1
2593	9252	1
2593	9258	1
2593	9260	1
2593	9284	19
2593	9487	3
2593	9501	1
2593	9579	1
2593	9597	1
2593	9700	3
2593	9701	1
2593	9719	1
2593	9804	1
2593	9920	3
2593	9995	8
2593	9998	3
2593	10027	3
2593	10072	4
2593	10342	1
2593	10444	1
2593	10460	6
2593	10487	4
2593	10499	5
2593	10503	2
2593	10512	6
2593	10513	3
2593	10514	1
2593	10515	7
2593	10556	1
2593	10621	2
2593	10677	6
2593	10678	2
2593	10734	1
2593	10766	5
2593	10803	1
2593	10900	2
2593	10995	1
2593	11021	1
2593	11078	5
2593	11132	1
2593	11234	15
2593	11237	1
2593	11240	16
2593	11288	1
2593	11307	2
2593	11361	3
2593	11424	6
2593	11425	4
2593	11456	2
2593	11491	2
2593	11492	7
2593	11502	1
2593	11517	1
2593	11536	2
2593	11539	3
2593	11575	1
2593	11698	1
2593	11734	1
2593	11777	5
2593	11791	1
2593	11820	1
2606	2685	1
2606	2699	4
2606	2704	4
2606	2724	1
2606	2725	5
2606	2726	2
2606	2782	1
2606	2799	1
2606	2803	1
2606	2805	1
2606	2819	1
2606	2850	1
2606	2924	1
2606	3173	3
2606	3195	1
2606	3207	1
2606	3314	1
2606	3401	6
2606	3475	4
2606	3589	3
2606	3726	5
2606	3881	4
2606	3974	1
2606	3977	2
2606	4008	2
2606	4017	1
2606	4050	1
2606	4052	5
2606	4117	1
2606	4242	10
2606	4247	1
2606	4249	2
2606	4287	3
2606	4411	2
2606	4417	1
2606	4485	1
2606	4644	1
2606	4683	8
2606	4710	9
2606	4729	6
2606	4736	2
2606	4743	1
2606	4992	1
2606	5302	1
2606	5382	14
2606	5410	4
2606	5484	2
2606	5488	7
2606	5530	8
2606	5533	8
2606	5562	2
2606	5623	1
2606	5656	1
2606	5683	1
2606	5732	4
2606	5792	1
2606	5793	2
2606	5794	1
2606	5854	5
2606	5855	3
2606	5902	2
2606	5918	2
2606	5920	2
2606	5994	4
2606	6014	1
2606	6077	1
2606	6134	2
2606	6288	3
2606	6292	2
2606	6311	1
2606	6324	2
2606	6329	6
2606	6342	2
2606	6427	2
2606	6437	1
2606	6531	1
2606	6532	1
2606	6707	1
2606	6749	1
2606	6750	1
2606	6836	1
2606	6852	1
2606	6896	1
2606	6910	1
2606	6930	1
2606	6966	1
2606	7004	3
2606	7094	4
2606	7097	5
2606	7098	1
2606	7115	1
2606	7119	1
2606	7132	3
2606	7143	1
2606	7144	2
2606	7150	2
2606	7172	4
2606	7342	1
2606	7351	1
2606	7436	1
2606	7528	2
2606	7574	1
2606	7664	1
2606	7698	1
2606	7700	2
2606	7730	1
2606	7767	3
2606	7867	1
2606	7878	1
2606	7954	2
2606	7973	2
2606	7986	3
2606	8030	1
2606	8038	3
2606	8039	1
2606	8147	11
2606	8166	3
2606	8167	1
2606	8204	2
2606	8385	1
2606	8605	1
2606	8672	3
2606	8673	1
2606	8722	3
2606	8723	3
2606	8918	2
2606	8919	1
2606	8974	4
2606	9079	3
2606	9122	1
2606	9135	3
2606	9246	1
2606	9252	2
2606	9260	1
2606	9284	11
2606	9482	1
2606	9579	1
2606	9700	1
2606	9806	1
2606	9920	1
2606	9995	3
2606	9998	3
2606	10027	1
2606	10072	1
2606	10118	2
2606	10342	1
2606	10374	1
2606	10444	1
2606	10460	3
2606	10487	1
2606	10499	1
2606	10512	2
2606	10514	1
2606	10515	1
2606	10677	7
2606	10678	1
2606	10803	1
2606	10900	2
2606	10949	1
2606	10950	1
2606	10990	1
2606	11021	1
2606	11045	1
2606	11079	1
2606	11132	2
2606	11234	7
2606	11240	4
2606	11288	1
2606	11307	3
2606	11425	1
2606	11491	1
2606	11492	2
2606	11517	1
2606	11539	3
2606	11575	2
2606	11734	1
2606	11777	1
2606	11820	1
2609	2699	1
2609	2800	2
2609	2805	3
2609	3401	3
2609	4242	5
2609	4249	1
2609	4683	1
2609	4710	1
2609	5022	1
2609	5382	2
2609	5530	1
2609	5683	1
2609	5854	1
2609	5855	1
2609	5918	1
2609	5920	1
2609	5994	2
2609	6011	1
2609	6427	1
2609	6966	2
2609	7172	1
2609	8143	1
2609	9501	1
2609	9920	3
2609	9995	1
2609	9998	1
2609	10512	1
2609	10515	1
2609	11240	1
2609	11424	2
2609	11777	1
2640	2704	1
2640	2724	1
2640	2725	1
2640	2726	2
2640	2768	1
2640	2775	2
2640	2776	1
2640	2782	1
2640	3401	2
2640	3409	1
2640	3410	2
2640	3450	1
2640	3589	1
2640	3685	1
2640	3726	4
2640	3977	2
2640	4253	1
2640	4683	4
2640	4710	3
2640	4729	2
2640	5022	1
2640	5207	1
2640	5217	1
2640	5302	1
2640	5332	1
2640	5382	1
2640	5410	4
2640	5487	1
2640	5488	1
2640	5530	6
2640	5533	5
2640	5606	1
2640	5623	1
2640	5731	1
2640	5732	2
2640	5854	4
2640	5855	2
2640	5902	1
2640	6288	1
2640	6329	5
2640	6852	2
2640	7097	2
2640	7143	1
2640	7700	2
2640	7956	1
2640	8138	1
2640	8147	1
2640	8166	2
2640	8167	1
2640	8204	2
2640	8475	1
2640	8476	1
2640	8574	2
2640	8605	3
2640	8673	2
2640	8699	1
2640	8722	3
2640	8723	2
2640	8974	1
2640	9029	2
2640	9163	1
2640	9246	1
2640	9254	1
2640	9256	1
2640	9258	1
2640	9260	1
2640	9284	2
2640	9417	2
2640	9501	1
2640	9531	2
2640	9700	2
2640	9701	1
2640	9806	1
2640	10027	2
2640	10072	3
2640	10342	3
2640	10677	2
2640	10803	1
2640	10900	1
2640	11045	1
2640	11078	1
2640	11079	2
2640	11234	2
2640	11240	3
2640	11491	1
2640	11492	2
2640	11539	1
2685	2704	1
2685	2725	2
2685	2768	1
2685	3207	1
2685	3314	1
2685	3726	1
2685	3783	2
2685	3945	1
2685	4017	1
2685	4117	2
2685	4285	3
2685	4287	3
2685	4288	1
2685	4519	1
2685	4525	1
2685	4664	1
2685	4683	1
2685	4710	3
2685	4775	1
2685	5181	1
2685	5382	2
2685	5488	1
2685	5530	2
2685	5533	1
2685	5683	2
2685	5834	1
2685	5854	1
2685	5855	2
2685	6311	1
2685	6342	2
2685	6531	1
2685	6532	1
2685	6838	1
2685	6852	1
2685	7094	1
2685	7097	2
2685	7396	1
2685	7577	1
2685	7664	1
2685	7698	1
2685	7809	1
2685	7867	2
2685	7947	1
2685	7973	1
2685	8038	1
2685	8039	2
2685	8166	1
2685	8204	1
2685	8373	1
2685	8374	1
2685	8378	1
2685	8574	1
2685	8673	1
2685	8722	1
2685	8857	2
2685	8918	2
2685	8919	3
2685	9135	1
2685	9284	3
2685	9487	1
2685	9614	1
2685	9920	1
2685	10487	2
2685	10677	1
2685	10678	1
2685	10900	1
2685	10949	1
2685	11132	1
2685	11178	1
2685	11234	2
2685	11240	1
2685	11361	1
2685	11536	1
2685	11734	1
2699	2704	2
2699	2721	1
2699	2725	2
2699	2800	1
2699	2839	1
2699	3173	2
2699	3195	1
2699	3251	1
2699	3401	5
2699	3589	1
2699	3704	1
2699	3726	1
2699	3881	2
2699	3945	1
2699	4017	2
2699	4050	1
2699	4052	1
2699	4242	5
2699	4249	1
2699	4253	1
2699	4287	2
2699	4411	1
2699	4417	1
2699	4683	3
2699	4710	2
2699	4729	2
2699	4832	1
2699	5302	1
2699	5382	6
2699	5410	1
2699	5484	1
2699	5488	2
2699	5530	4
2699	5533	4
2699	5732	1
2699	5854	2
2699	5855	1
2699	5918	1
2699	5920	1
2699	6011	1
2699	6014	1
2699	6134	1
2699	6288	1
2699	6329	3
2699	6427	1
2699	6750	1
2699	6910	1
2699	6966	1
2699	7004	1
2699	7115	1
2699	7119	2
2699	7132	1
2699	7150	2
2699	7172	1
2699	7698	1
2699	7767	1
2699	7878	1
2699	7986	1
2699	8147	2
2699	8373	1
2699	8387	1
2699	8672	1
2699	8673	1
2699	8722	1
2699	8723	2
2699	8851	1
2699	8974	2
2699	9069	1
2699	9079	1
2699	9135	1
2699	9246	1
2699	9252	1
2699	9260	1
2699	9284	4
2699	9292	1
2699	9920	1
2699	9995	1
2699	9998	1
2699	10027	1
2699	10118	1
2699	10460	1
2699	10512	1
2699	10513	1
2699	10514	1
2699	10515	1
2699	10677	2
2699	10900	1
2699	10990	2
2699	11234	1
2699	11237	1
2699	11240	3
2699	11288	1
2699	11425	2
2699	11492	1
2699	11539	1
2699	11777	2
2699	11791	1
2704	2724	1
2704	2725	4
2704	2726	2
2704	2775	1
2704	2799	2
2704	2800	1
2704	2850	1
2704	3173	2
2704	3195	1
2704	3207	2
2704	3401	7
2704	3409	1
2704	3410	1
2704	3441	1
2704	3475	3
2704	3589	5
2704	3726	8
2704	3783	1
2704	3881	6
2704	3974	1
2704	3977	1
2704	4008	2
2704	4017	1
2704	4052	3
2704	4117	1
2704	4242	8
2704	4247	1
2704	4249	3
2704	4253	2
2704	4285	2
2704	4287	3
2704	4411	3
2704	4417	1
2704	4465	1
2704	4479	1
2704	4485	1
2704	4683	10
2704	4710	14
2704	4729	7
2704	4736	2
2704	4743	1
2704	4775	1
2704	5022	4
2704	5217	1
2704	5382	11
2704	5410	4
2704	5484	3
2704	5488	7
2704	5530	8
2704	5533	12
2704	5538	1
2704	5594	1
2704	5656	1
2704	5683	2
2704	5732	6
2704	5793	1
2704	5854	9
2704	5855	2
2704	5918	2
2704	6011	1
2704	6014	1
2704	6077	1
2704	6134	3
2704	6288	3
2704	6292	2
2704	6311	1
2704	6324	3
2704	6329	5
2704	6342	3
2704	6427	2
2704	6437	1
2704	6531	2
2704	6532	1
2704	6582	1
2704	6707	2
2704	6750	1
2704	6827	1
2704	6836	1
2704	6838	1
2704	6852	1
2704	6910	1
2704	6966	1
2704	7004	3
2704	7094	1
2704	7097	2
2704	7098	1
2704	7115	1
2704	7119	2
2704	7143	1
2704	7144	3
2704	7172	2
2704	7342	1
2704	7434	1
2704	7664	1
2704	7698	2
2704	7700	2
2704	7730	1
2704	7767	1
2704	7878	2
2704	7954	1
2704	7973	1
2704	7986	2
2704	8038	2
2704	8039	2
2704	8138	1
2704	8147	8
2704	8166	2
2704	8167	1
2704	8204	1
2704	8351	1
2704	8373	1
2704	8387	2
2704	8475	1
2704	8476	1
2704	8605	1
2704	8672	1
2704	8673	2
2704	8722	1
2704	8723	3
2704	8857	1
2704	8918	3
2704	8919	1
2704	8974	6
2704	9029	1
2704	9079	1
2704	9135	2
2704	9163	1
2704	9260	1
2704	9284	10
2704	9579	2
2704	9700	2
2704	9701	1
2704	9806	2
2704	9995	2
2704	10027	4
2704	10072	3
2704	10118	1
2704	10342	1
2704	10374	1
2704	10444	1
2704	10460	2
2704	10487	2
2704	10499	3
2704	10512	1
2704	10514	2
2704	10515	1
2704	10677	5
2704	10678	1
2704	10803	4
2704	10900	3
2704	10950	1
2704	10990	2
2704	11021	1
2704	11045	1
2704	11078	1
2704	11079	2
2704	11132	1
2704	11234	7
2704	11240	5
2704	11288	1
2704	11424	2
2704	11425	1
2704	11491	1
2704	11517	1
2704	11539	1
2704	11575	1
2704	11734	2
2704	11777	4
2704	11820	1
2721	2724	1
2721	2725	2
2721	2726	1
2721	2775	1
2721	3401	2
2721	3683	1
2721	3685	1
2721	3704	1
2721	3879	1
2721	3977	1
2721	4242	1
2721	4287	1
2721	4417	1
2721	4465	1
2721	4476	1
2721	4644	1
2721	4683	1
2721	4729	2
2721	5488	1
2721	5530	3
2721	5533	1
2721	5769	1
2721	5793	1
2721	6011	1
2721	6134	1
2721	6288	1
2721	6311	1
2721	6324	1
2721	6329	4
2721	6508	1
2721	6852	1
2721	7094	1
2721	7097	1
2721	7115	1
2721	7150	1
2721	7341	1
2721	7530	1
2721	7700	1
2721	7730	1
2721	7966	1
2721	8019	1
2721	8138	1
2721	8374	1
2721	8605	1
2721	8624	1
2721	8673	1
2721	8722	1
2721	8723	1
2721	8851	1
2721	9163	1
2721	9258	1
2721	9284	3
2721	10072	1
2721	10342	1
2721	10677	3
2721	11079	1
2721	11234	1
2721	11240	2
2721	11361	1
2721	11425	2
2724	2725	8
2724	2726	7
2724	2775	1
2724	2819	1
2724	2850	1
2724	3207	1
2724	3314	1
2724	3401	8
2724	3409	1
2724	3410	2
2724	3411	1
2724	3450	1
2724	3475	3
2724	3589	3
2724	3683	3
2724	3726	5
2724	3931	1
2724	3977	3
2724	3980	2
2724	4008	1
2724	4052	2
2724	4242	1
2724	4411	1
2724	4417	2
2724	4465	1
2724	4644	1
2724	4683	5
2724	4710	2
2724	4729	7
2724	4736	1
2724	4743	1
2724	4828	1
2724	4959	1
2724	5207	2
2724	5217	1
2724	5332	1
2724	5382	5
2724	5410	2
2724	5488	9
2724	5503	1
2724	5530	17
2724	5533	11
2724	5538	1
2724	5562	1
2724	5623	1
2724	5655	1
2724	5656	1
2724	5683	1
2724	5732	13
2724	5793	1
2724	5854	2
2724	5855	2
2724	6011	1
2724	6014	1
2724	6134	3
2724	6288	3
2724	6292	1
2724	6311	2
2724	6324	1
2724	6329	10
2724	6342	3
2724	6427	1
2724	6508	1
2724	6582	1
2724	6595	3
2724	6836	1
2724	6852	6
2724	6966	1
2724	7004	1
2724	7094	12
2724	7097	9
2724	7119	1
2724	7144	1
2724	7172	1
2724	7342	1
2724	7609	2
2724	7722	1
2724	7730	3
2724	7767	1
2724	7867	3
2724	7966	5
2724	8019	1
2724	8038	2
2724	8138	1
2724	8147	3
2724	8166	9
2724	8204	1
2724	8351	1
2724	8385	1
2724	8475	1
2724	8476	2
2724	8574	1
2724	8605	2
2724	8624	2
2724	8672	1
2724	8673	4
2724	8722	4
2724	8723	7
2724	8801	2
2724	8851	1
2724	8918	1
2724	8974	4
2724	9122	1
2724	9135	3
2724	9163	2
2724	9284	17
2724	9417	1
2724	9482	1
2724	9501	1
2724	9531	2
2724	9533	1
2724	9597	1
2724	9700	4
2724	9701	1
2724	9806	1
2724	10072	4
2724	10118	1
2724	10342	6
2724	10374	1
2724	10460	1
2724	10514	1
2724	10515	2
2724	10677	8
2724	10734	1
2724	10766	2
2724	10803	1
2724	10995	2
2724	11021	4
2724	11026	1
2724	11045	3
2724	11077	3
2724	11078	2
2724	11079	5
2724	11132	1
2724	11234	8
2724	11240	12
2724	11361	2
2724	11424	1
2724	11425	3
2724	11491	2
2724	11492	5
2724	11536	1
2724	11734	1
2724	11820	1
2725	2726	17
2725	2768	2
2725	2773	2
2725	2775	1
2725	2776	2
2725	2800	1
2725	2819	1
2725	2850	2
2725	2895	1
2725	3195	2
2725	3224	4
2725	3314	4
2725	3401	20
2725	3409	4
2725	3410	11
2725	3411	5
2725	3441	1
2725	3450	3
2725	3475	5
2725	3589	7
2725	3592	6
2725	3600	6
2725	3610	1
2725	3683	3
2725	3685	6
2725	3704	1
2725	3726	13
2725	3881	2
2725	3931	2
2725	3974	2
2725	3977	5
2725	3980	3
2725	4006	2
2725	4008	1
2725	4050	1
2725	4052	4
2725	4117	2
2725	4242	7
2725	4249	1
2725	4253	1
2725	4285	1
2725	4286	1
2725	4287	4
2725	4411	5
2725	4430	1
2725	4436	1
2725	4465	1
2725	4479	1
2725	4485	1
2725	4519	1
2725	4644	1
2725	4664	1
2725	4683	25
2725	4710	9
2725	4729	17
2725	4736	1
2725	4743	2
2725	4775	1
2725	4828	1
2725	4959	2
2725	4992	1
2725	5086	4
2725	5089	2
2725	5207	3
2725	5217	1
2725	5332	1
2725	5378	1
2725	5382	11
2725	5410	9
2725	5484	2
2725	5488	13
2725	5503	3
2725	5530	28
2725	5533	18
2725	5594	3
2725	5606	1
2725	5623	2
2725	5663	3
2725	5683	1
2725	5732	15
2725	5808	1
2725	5834	1
2725	5838	1
2725	5854	18
2725	5855	6
2725	5902	1
2725	6011	1
2725	6014	1
2725	6044	1
2725	6077	1
2725	6134	20
2725	6209	6
2725	6288	5
2725	6292	1
2725	6311	1
2725	6324	1
2725	6329	17
2725	6342	4
2725	6427	2
2725	6437	1
2725	6531	3
2725	6532	4
2725	6582	2
2725	6595	2
2725	6707	1
2725	6836	2
2725	6839	3
2725	6852	7
2725	6910	1
2725	6930	3
2725	6966	2
2725	7004	7
2725	7094	13
2725	7097	12
2725	7098	2
2725	7115	1
2725	7143	1
2725	7144	1
2725	7172	3
2725	7351	1
2725	7457	1
2725	7528	3
2725	7530	2
2725	7577	2
2725	7609	2
2725	7698	1
2725	7700	2
2725	7730	1
2725	7767	1
2725	7867	7
2725	7954	2
2725	7966	5
2725	7973	2
2725	7986	2
2725	8019	1
2725	8038	5
2725	8039	1
2725	8138	5
2725	8143	3
2725	8147	4
2725	8166	7
2725	8167	2
2725	8204	3
2725	8315	1
2725	8378	1
2725	8387	1
2725	8475	5
2725	8476	3
2725	8574	2
2725	8605	4
2725	8624	3
2725	8672	1
2725	8673	8
2725	8699	2
2725	8701	2
2725	8722	1
2725	8723	11
2725	8801	2
2725	8851	3
2725	8918	6
2725	8919	1
2725	8939	1
2725	8974	9
2725	9029	3
2725	9079	1
2725	9135	3
2725	9163	3
2725	9246	1
2725	9252	2
2725	9258	2
2725	9260	1
2725	9284	28
2725	9417	1
2725	9482	2
2725	9533	2
2725	9579	2
2725	9700	5
2725	9701	1
2725	9920	1
2725	9995	3
2725	10027	7
2725	10072	5
2725	10118	2
2725	10342	2
2725	10444	3
2725	10460	2
2725	10487	1
2725	10499	1
2725	10503	1
2725	10512	3
2725	10513	1
2725	10515	4
2725	10556	2
2725	10557	1
2725	10559	1
2725	10584	1
2725	10677	10
2725	10678	1
2725	10709	1
2725	10731	4
2725	10734	2
2725	10766	2
2725	10803	1
2725	10900	4
2725	10921	1
2725	10949	1
2725	10990	1
2725	10995	3
2725	11021	3
2725	11026	2
2725	11045	1
2725	11077	3
2725	11078	2
2725	11079	5
2725	11132	3
2725	11178	2
2725	11234	12
2725	11240	16
2725	11288	1
2725	11307	1
2725	11361	2
2725	11424	3
2725	11425	7
2725	11491	4
2725	11492	8
2725	11502	2
2725	11517	2
2725	11536	2
2725	11539	3
2725	11575	1
2725	11698	1
2725	11734	1
2725	11777	1
2725	11820	2
2726	2768	1
2726	2773	3
2726	2775	1
2726	2819	1
2726	2850	2
2726	2895	2
2726	3314	2
2726	3401	9
2726	3409	2
2726	3410	4
2726	3411	2
2726	3441	1
2726	3450	4
2726	3475	3
2726	3589	4
2726	3592	2
2726	3600	1
2726	3683	1
2726	3685	3
2726	3726	7
2726	3881	2
2726	3931	1
2726	3974	1
2726	3977	5
2726	3980	2
2726	4008	1
2726	4052	3
2726	4117	2
2726	4242	5
2726	4247	1
2726	4285	1
2726	4286	1
2726	4287	4
2726	4411	3
2726	4465	1
2726	4485	1
2726	4519	1
2726	4644	1
2726	4683	14
2726	4710	7
2726	4729	9
2726	4736	1
2726	4743	2
2726	4775	1
2726	4828	1
2726	4959	2
2726	4992	1
2726	5086	2
2726	5207	2
2726	5332	2
2726	5378	2
2726	5382	5
2726	5410	5
2726	5484	1
2726	5488	9
2726	5503	3
2726	5530	17
2726	5533	11
2726	5623	1
2726	5655	1
2726	5656	1
2726	5663	1
2726	5683	1
2726	5732	9
2726	5834	1
2726	5854	8
2726	5855	3
2726	5995	1
2726	6014	2
2726	6077	1
2726	6134	8
2726	6209	3
2726	6288	3
2726	6292	2
2726	6311	1
2726	6324	2
2726	6329	12
2726	6342	1
2726	6427	1
2726	6437	1
2726	6531	2
2726	6532	3
2726	6582	1
2726	6595	2
2726	6681	1
2726	6707	1
2726	6836	1
2726	6838	2
2726	6852	5
2726	6930	1
2726	7004	3
2726	7094	7
2726	7097	8
2726	7098	3
2726	7143	1
2726	7144	1
2726	7172	1
2726	7700	1
2726	7722	1
2726	7730	3
2726	7767	1
2726	7867	2
2726	7956	1
2726	7966	4
2726	7973	1
2726	7986	2
2726	8019	1
2726	8038	3
2726	8039	3
2726	8143	1
2726	8147	4
2726	8166	4
2726	8167	1
2726	8204	1
2726	8475	3
2726	8476	4
2726	8605	4
2726	8624	1
2726	8672	1
2726	8673	4
2726	8699	3
2726	8722	1
2726	8723	7
2726	8801	1
2726	8851	3
2726	8918	3
2726	8919	1
2726	8974	4
2726	9029	2
2726	9135	1
2726	9163	2
2726	9252	1
2726	9258	1
2726	9284	15
2726	9482	2
2726	9533	1
2726	9579	1
2726	9700	5
2726	9900	1
2726	9995	1
2726	10027	3
2726	10072	7
2726	10342	3
2726	10444	2
2726	10460	2
2726	10487	1
2726	10499	1
2726	10515	2
2726	10584	2
2726	10677	7
2726	10678	2
2726	10731	2
2726	10734	4
2726	10803	1
2726	10900	2
2726	10921	1
2726	10995	2
2726	11021	4
2726	11026	3
2726	11045	3
2726	11077	2
2726	11078	3
2726	11079	3
2726	11132	1
2726	11234	9
2726	11240	10
2726	11288	1
2726	11361	1
2726	11424	3
2726	11425	2
2726	11491	4
2726	11492	5
2726	11517	1
2726	11539	2
2726	11575	1
2726	11698	2
2726	11820	1
2768	2850	2
2768	3314	1
2768	3401	4
2768	3450	1
2768	3475	4
2768	3589	1
2768	3592	1
2768	3600	1
2768	3726	5
2768	3881	2
2768	3980	1
2768	4006	1
2768	4008	1
2768	4052	3
2768	4243	1
2768	4249	1
2768	4683	4
2768	4710	2
2768	4775	1
2768	5086	1
2768	5207	1
2768	5382	3
2768	5410	3
2768	5487	1
2768	5488	3
2768	5530	3
2768	5533	1
2768	5623	1
2768	5655	1
2768	5656	1
2768	5731	2
2768	5732	3
2768	5834	1
2768	5854	3
2768	5855	1
2768	5902	1
2768	5918	1
2768	6134	1
2768	6170	1
2768	6311	2
2768	6329	1
2768	6532	1
2768	6852	1
2768	7004	3
2768	7094	3
2768	7097	6
2768	7119	1
2768	7528	1
2768	7530	1
2768	7577	1
2768	7698	1
2768	7867	2
2768	7947	1
2768	8038	1
2768	8138	1
2768	8147	1
2768	8166	2
2768	8167	1
2768	8204	1
2768	8378	1
2768	8475	1
2768	8574	1
2768	8605	1
2768	8672	1
2768	8673	4
2768	8701	1
2768	8722	4
2768	8723	2
2768	8801	1
2768	9135	2
2768	9246	1
2768	9254	2
2768	9256	2
2768	9258	2
2768	9260	2
2768	9284	7
2768	9501	1
2768	9995	3
2768	10072	2
2768	10460	1
2768	10499	1
2768	10556	2
2768	10557	1
2768	10559	3
2768	10561	1
2768	10677	6
2768	10678	1
2768	10709	3
2768	10803	1
2768	10900	1
2768	10949	2
2768	10995	1
2768	11045	1
2768	11178	1
2768	11234	5
2768	11237	1
2768	11240	2
2768	11288	1
2768	11307	1
2768	11361	1
2768	11424	1
2768	11425	1
2768	11491	2
2768	11536	1
2768	11539	2
2768	11698	1
2768	11734	1
2773	3195	1
2773	3224	1
2773	3314	1
2773	3401	3
2773	3409	2
2773	3410	3
2773	3411	3
2773	3450	3
2773	3475	1
2773	3589	2
2773	3600	1
2773	3685	1
2773	3726	3
2773	3977	4
2773	4052	4
2773	4242	1
2773	4411	1
2773	4683	4
2773	4729	3
2773	4736	1
2773	4743	2
2773	4828	2
2773	4959	2
2773	5207	1
2773	5332	1
2773	5378	1
2773	5410	3
2773	5484	1
2773	5488	1
2773	5503	1
2773	5530	4
2773	5533	3
2773	5594	1
2773	5623	2
2773	5732	3
2773	5854	3
2773	6014	1
2773	6134	3
2773	6209	2
2773	6288	1
2773	6292	1
2773	6311	1
2773	6324	1
2773	6329	3
2773	6681	1
2773	6836	1
2773	6852	1
2773	6910	1
2773	6930	1
2773	7004	1
2773	7094	1
2773	7097	3
2773	7098	1
2773	7172	1
2773	7722	1
2773	7867	2
2773	8038	2
2773	8476	1
2773	8699	2
2773	8701	3
2773	8722	1
2773	8723	2
2773	8801	1
2773	8974	3
2773	9029	2
2773	9122	1
2773	9163	2
2773	9252	1
2773	9284	5
2773	10027	1
2773	10072	1
2773	10342	1
2773	10460	1
2773	10515	2
2773	10677	2
2773	10731	2
2773	10734	3
2773	10900	1
2773	11021	1
2773	11026	1
2773	11234	4
2773	11240	4
2773	11288	1
2773	11307	2
2773	11491	2
2773	11539	3
2775	2776	1
2775	3251	1
2775	3409	2
2775	3410	2
2775	3450	1
2775	3589	1
2775	3683	1
2775	3726	1
2775	3977	3
2775	3980	1
2775	4253	1
2775	4683	3
2775	4710	1
2775	4729	3
2775	4828	1
2775	5022	1
2775	5207	1
2775	5217	1
2775	5249	1
2775	5332	1
2775	5410	2
2775	5488	1
2775	5530	2
2775	5533	4
2775	5854	2
2775	5855	1
2775	6288	3
2775	6292	1
2775	6311	1
2775	6329	3
2775	6595	1
2775	6681	1
2775	6852	1
2775	7004	1
2775	7094	1
2775	7097	1
2775	7698	1
2775	7700	1
2775	8138	1
2775	8351	1
2775	8475	1
2775	8476	1
2775	8605	3
2775	8673	1
2775	8723	2
2775	8851	1
2775	8974	2
2775	9029	1
2775	9163	3
2775	9254	1
2775	9256	1
2775	9284	5
2775	9531	1
2775	9700	1
2775	9701	1
2775	9806	2
2775	10027	2
2775	10072	4
2775	10342	1
2775	10503	1
2775	10677	2
2775	10734	1
2775	10803	1
2775	11079	2
2775	11234	4
2775	11240	3
2776	2782	1
2776	3314	1
2776	3401	2
2776	3409	2
2776	3410	2
2776	3589	1
2776	3683	1
2776	3726	1
2776	3977	1
2776	4006	1
2776	4411	1
2776	4683	2
2776	4729	2
2776	4828	1
2776	5332	1
2776	5488	1
2776	5503	1
2776	5530	3
2776	5533	3
2776	5606	1
2776	5732	1
2776	5854	2
2776	6134	1
2776	6288	2
2776	6292	1
2776	6324	1
2776	6329	3
2776	6595	1
2776	6852	2
2776	7004	1
2776	7094	1
2776	7097	2
2776	7867	1
2776	8038	1
2776	8204	1
2776	8351	1
2776	8475	1
2776	8605	2
2776	8673	1
2776	8701	1
2776	8723	1
2776	8851	1
2776	8974	1
2776	9163	1
2776	9284	2
2776	9700	1
2776	9806	1
2776	10027	1
2776	10072	2
2776	10342	1
2776	10556	1
2776	10557	1
2776	10559	1
2776	10709	1
2776	10734	1
2776	10803	1
2776	11079	1
2776	11234	1
2776	11240	1
2776	11492	1
2782	2819	1
2782	3401	4
2782	3610	1
2782	3977	1
2782	4017	1
2782	4052	2
2782	4644	1
2782	4683	2
2782	4729	3
2782	5378	2
2782	5382	2
2782	5484	1
2782	5488	2
2782	5530	4
2782	5533	2
2782	5562	1
2782	5606	1
2782	5732	2
2782	5792	1
2782	5793	1
2782	6324	1
2782	6329	2
2782	6852	1
2782	7094	2
2782	7097	2
2782	7172	1
2782	7524	1
2782	7767	1
2782	7954	1
2782	7956	1
2782	8147	1
2782	8166	1
2782	8204	1
2782	8385	2
2782	8605	1
2782	8722	1
2782	8723	1
2782	8974	1
2782	9079	1
2782	9135	1
2782	9252	1
2782	9258	1
2782	9284	4
2782	9998	1
2782	10342	1
2782	10460	1
2782	10499	2
2782	10677	3
2782	10678	1
2782	11079	1
2782	11234	1
2782	11240	3
2782	11307	1
2782	11424	1
2782	11491	2
2782	11492	2
2782	11539	2
2799	2803	1
2799	2805	1
2799	3173	2
2799	3401	1
2799	3475	1
2799	3881	2
2799	3974	1
2799	4017	1
2799	4242	2
2799	4243	2
2799	4247	3
2799	4249	3
2799	4479	1
2799	5022	2
2799	5302	1
2799	5382	3
2799	5487	1
2799	5488	1
2799	5533	1
2799	5918	1
2799	5920	1
2799	5994	1
2799	5995	1
2799	6011	2
2799	6166	1
2799	6427	1
2799	6749	1
2799	6750	1
2799	6827	1
2799	7132	1
2799	7144	1
2799	7172	1
2799	7436	1
2799	7438	1
2799	7528	1
2799	7698	1
2799	7700	1
2799	7767	1
2799	7954	1
2799	8030	1
2799	8147	1
2799	8387	1
2799	8773	1
2799	9223	1
2799	9995	3
2799	9998	1
2799	10010	1
2799	10513	1
2799	10514	2
2799	10866	1
2799	11234	2
2799	11424	1
2800	2805	2
2800	2895	1
2800	3173	1
2800	3401	3
2800	3726	1
2800	3881	1
2800	3931	1
2800	4017	1
2800	4242	2
2800	4683	3
2800	4710	2
2800	4729	1
2800	4743	1
2800	5382	1
2800	5488	1
2800	5530	3
2800	5533	3
2800	5854	3
2800	5855	1
2800	5994	2
2800	6044	1
2800	6134	2
2800	6966	2
2800	7119	1
2800	7172	1
2800	7528	1
2800	7530	1
2800	8138	1
2800	8147	1
2800	9284	2
2800	9920	2
2800	10027	1
2800	10512	1
2800	10990	1
2800	11240	2
2800	11424	2
2800	11492	1
2800	11502	1
2803	2805	2
2803	3173	2
2803	3251	1
2803	3401	2
2803	3879	1
2803	3881	2
2803	3974	1
2803	3989	1
2803	4008	1
2803	4242	3
2803	4249	2
2803	4471	1
2803	4476	1
2803	4792	1
2803	5382	3
2803	5530	1
2803	5918	1
2803	5920	2
2803	5994	3
2803	6170	1
2803	6342	1
2803	6463	1
2803	6750	1
2803	7132	2
2803	7434	1
2803	7436	1
2803	7528	1
2803	7767	1
2803	8030	2
2803	8147	2
2803	8362	1
2803	8939	1
2803	9719	1
2803	9995	2
2803	9998	1
2803	10621	2
2803	11234	1
2803	11307	1
2803	11820	1
2805	3173	1
2805	3401	3
2805	3879	1
2805	3881	1
2805	4242	5
2805	4249	2
2805	4465	1
2805	4683	1
2805	4710	1
2805	5022	1
2805	5382	2
2805	5530	1
2805	5683	1
2805	5769	1
2805	5854	1
2805	5855	1
2805	5920	1
2805	5994	4
2805	6011	1
2805	6427	1
2805	6750	1
2805	6966	2
2805	7132	1
2805	7172	1
2805	7436	1
2805	7528	1
2805	7767	1
2805	8019	1
2805	8030	2
2805	8143	1
2805	8147	1
2805	8371	1
2805	8374	1
2805	9487	1
2805	9501	1
2805	9920	3
2805	9995	2
2805	9998	2
2805	10512	1
2805	10515	1
2805	10621	1
2805	11234	1
2805	11240	1
2805	11424	2
2805	11777	1
2819	2890	1
2819	3295	1
2819	3314	1
2819	3401	1
2819	3704	1
2819	3726	1
2819	3989	1
2819	4052	1
2819	4285	1
2819	4286	1
2819	4287	1
2819	4288	1
2819	4644	1
2819	4664	1
2819	4683	2
2819	4729	2
2819	4775	2
2819	4779	1
2819	4803	1
2819	5302	4
2819	5382	2
2819	5488	1
2819	5530	1
2819	5533	1
2819	5562	1
2819	5732	1
2819	5769	1
2819	5792	2
2819	5793	1
2819	5834	1
2819	6134	1
2819	6342	1
2819	6371	1
2819	6444	1
2819	6839	1
2819	7004	1
2819	7094	1
2819	7172	2
2819	7351	1
2819	7434	1
2819	7438	1
2819	7528	1
2819	7664	1
2819	7767	2
2819	7771	2
2819	7809	1
2819	7954	1
2819	8030	1
2819	8147	1
2819	8362	2
2819	8373	1
2819	8378	1
2819	8476	1
2819	8722	1
2819	8723	1
2819	8918	1
2819	8974	1
2819	9079	1
2819	9252	1
2819	9284	2
2819	9482	1
2819	9804	1
2819	9900	1
2819	10499	1
2819	10621	1
2819	10677	1
2819	11045	1
2819	11234	1
2819	11307	1
2819	11492	1
2819	11539	1
2819	11575	1
2819	11647	2
2819	11791	1
2839	3251	1
2839	3376	1
2839	3401	1
2839	3525	1
2839	3589	1
2839	3879	1
2839	3989	1
2839	4242	1
2839	4249	1
2839	4471	1
2839	4476	1
2839	4683	1
2839	4710	2
2839	4729	1
2839	4803	1
2839	5302	1
2839	5378	1
2839	5382	1
2839	5530	1
2839	5533	1
2839	5732	2
2839	5792	1
2839	6532	1
2839	6836	1
2839	6838	1
2839	7119	1
2839	7341	2
2839	7342	1
2839	7574	1
2839	7767	1
2839	7928	1
2839	8018	1
2839	8030	1
2839	8373	1
2839	8574	1
2839	8851	2
2839	8974	1
2839	9069	2
2839	9260	1
2839	9292	1
2839	9579	1
2839	10027	1
2839	10514	1
2839	10866	1
2839	11178	1
2850	3242	1
2850	3251	1
2850	3401	5
2850	3450	1
2850	3475	6
2850	3589	1
2850	3726	3
2850	3881	3
2850	3931	1
2850	3977	1
2850	4008	3
2850	4052	3
2850	4242	1
2850	4249	1
2850	4411	2
2850	4485	1
2850	4644	1
2850	4683	1
2850	4710	1
2850	4729	2
2850	4736	1
2850	4743	1
2850	4828	1
2850	5378	1
2850	5382	4
2850	5410	1
2850	5484	1
2850	5488	3
2850	5503	1
2850	5530	5
2850	5533	2
2850	5664	2
2850	5683	1
2850	5731	2
2850	5732	2
2850	5793	1
2850	5794	1
2850	5854	3
2850	6054	1
2850	6134	1
2850	6292	1
2850	6311	1
2850	6324	2
2850	6329	2
2850	6508	1
2850	6582	1
2850	6707	1
2850	6836	1
2850	7004	2
2850	7094	5
2850	7097	5
2850	7098	1
2850	7143	1
2850	7144	1
2850	7150	2
2850	7528	1
2850	7530	1
2850	7698	1
2850	7767	1
2850	7867	1
2850	7966	1
2850	7973	1
2850	7986	1
2850	8038	2
2850	8039	1
2850	8143	1
2850	8147	2
2850	8166	2
2850	8167	1
2850	8244	2
2850	8475	1
2850	8672	2
2850	8673	1
2850	8699	1
2850	8722	1
2850	8723	2
2850	8918	2
2850	8974	3
2850	9135	2
2850	9258	2
2850	9284	7
2850	9579	1
2850	9995	1
2850	10460	2
2850	10487	1
2850	10499	1
2850	10677	4
2850	10678	1
2850	10900	1
2850	11021	1
2850	11026	1
2850	11077	1
2850	11132	1
2850	11234	5
2850	11237	1
2850	11240	2
2850	11288	2
2850	11307	1
2850	11491	3
2850	11539	2
2890	3295	1
2890	3376	2
2890	3401	1
2890	3945	1
2890	3989	2
2890	4285	1
2890	4286	1
2890	4287	2
2890	4288	1
2890	4664	1
2890	4683	1
2890	4775	4
2890	4991	1
2890	5302	3
2890	5382	1
2890	5488	1
2890	5834	3
2890	5882	1
2890	6011	1
2890	6077	1
2890	6371	2
2890	6437	1
2890	6444	1
2890	6531	1
2890	6532	1
2890	6838	1
2890	7396	1
2890	7434	1
2890	7436	1
2890	7438	1
2890	7528	1
2890	7664	2
2890	7767	2
2890	7809	1
2890	7928	1
2890	7954	1
2890	8030	1
2890	8147	1
2890	8362	1
2890	8378	2
2890	8380	1
2890	8974	1
2890	9226	1
2890	9284	1
2890	9292	1
2890	9597	1
2890	9614	1
2890	9804	1
2890	9900	2
2890	10499	1
2890	10584	1
2890	10621	1
2890	11234	1
2890	11240	1
2890	11456	1
2890	11575	1
2890	11647	1
2890	11791	2
2895	2898	2
2895	3195	1
2895	3224	2
2895	3401	4
2895	3589	4
2895	3726	3
2895	3974	1
2895	4006	1
2895	4242	1
2895	4247	1
2895	4411	2
2895	4417	1
2895	4430	1
2895	4436	1
2895	4485	1
2895	4683	8
2895	4710	4
2895	4729	4
2895	4736	2
2895	4775	1
2895	5086	2
2895	5087	2
2895	5089	2
2895	5181	1
2895	5410	2
2895	5484	1
2895	5488	4
2895	5503	1
2895	5530	3
2895	5533	4
2895	5594	2
2895	5656	1
2895	5732	3
2895	5854	7
2895	5855	2
2895	5995	1
2895	6014	1
2895	6087	1
2895	6209	1
2895	6288	1
2895	6292	1
2895	6329	2
2895	6531	1
2895	6532	1
2895	6595	1
2895	6616	1
2895	6836	1
2895	6839	1
2895	6910	1
2895	6930	1
2895	7094	2
2895	7097	2
2895	7098	1
2895	7457	2
2895	7730	1
2895	7867	1
2895	7947	1
2895	7966	3
2895	8038	2
2895	8143	1
2895	8147	1
2895	8167	2
2895	8315	2
2895	8475	1
2895	8476	1
2895	8672	1
2895	8673	2
2895	8918	2
2895	8974	3
2895	9135	1
2895	9246	1
2895	9284	4
2895	9482	1
2895	9700	1
2895	9806	1
2895	9900	1
2895	10027	5
2895	10072	1
2895	10556	1
2895	10559	1
2895	10677	2
2895	10678	1
2895	10709	2
2895	10949	1
2895	11026	1
2895	11045	1
2895	11079	1
2895	11234	2
2895	11240	5
2895	11307	1
2895	11502	2
2895	11539	1
2895	11698	1
2895	11820	1
2898	3195	2
2898	3224	5
2898	3401	4
2898	3475	1
2898	3589	5
2898	3592	1
2898	3600	1
2898	3726	1
2898	4683	7
2898	4710	4
2898	4729	4
2898	4736	2
2898	4743	1
2898	5086	2
2898	5087	3
2898	5089	2
2898	5332	1
2898	5530	4
2898	5533	2
2898	5594	2
2898	5854	6
2898	5855	2
2898	6288	1
2898	6292	1
2898	6595	1
2898	6616	1
2898	6910	2
2898	6930	1
2898	8038	1
2898	8315	3
2898	8974	1
2898	9284	4
2898	9700	1
2898	9806	1
2898	10027	6
2898	10499	1
2898	10677	1
2898	10766	1
2898	10990	1
2898	11234	2
2898	11240	3
2898	11502	2
2924	3475	1
2924	3945	1
2924	3977	1
2924	4247	1
2924	4249	1
2924	4286	1
2924	4287	2
2924	4710	2
2924	4729	1
2924	4803	1
2924	4991	3
2924	4992	3
2924	5302	1
2924	5382	1
2924	5488	1
2924	5796	1
2924	5854	1
2924	5855	1
2924	6134	1
2924	6531	1
2924	6749	1
2924	7115	1
2924	7119	2
2924	7341	1
2924	7342	1
2924	7351	1
2924	7528	1
2924	7574	1
2924	7609	1
2924	7664	1
2924	7698	1
2924	7700	1
2924	7767	1
2924	7771	1
2924	7867	1
2924	7928	1
2924	7954	1
2924	8030	1
2924	8147	2
2924	8624	1
2924	9254	1
2924	9256	1
2924	10512	1
2924	11086	1
2924	11234	1
2924	11575	1
3173	3251	1
3173	3401	4
3173	3475	1
3173	3881	3
3173	4017	2
3173	4052	2
3173	4242	5
3173	4243	1
3173	4247	1
3173	4249	2
3173	4683	1
3173	4710	1
3173	4729	1
3173	5022	1
3173	5382	4
3173	5488	2
3173	5530	1
3173	5533	1
3173	5854	1
3173	5918	2
3173	5920	3
3173	5994	2
3173	6134	1
3173	6750	1
3173	6827	1
3173	7094	1
3173	7119	1
3173	7132	3
3173	7172	1
3173	7436	1
3173	7528	2
3173	7767	1
3173	7878	1
3173	7966	1
3173	8030	1
3173	8147	2
3173	9284	1
3173	9995	2
3173	9998	2
3173	10118	1
3173	10460	1
3173	10514	1
3173	10990	1
3173	11132	1
3173	11234	3
3173	11307	1
3173	11424	1
3173	11539	1
3195	3224	3
3195	3401	7
3195	3410	1
3195	3589	4
3195	3726	2
3195	4052	2
3195	4242	1
3195	4249	1
3195	4287	1
3195	4411	2
3195	4479	1
3195	4485	1
3195	4683	9
3195	4710	5
3195	4729	4
3195	4736	2
3195	4743	1
3195	4828	1
3195	5086	3
3195	5087	3
3195	5089	1
3195	5332	1
3195	5382	2
3195	5410	1
3195	5484	1
3195	5530	4
3195	5533	2
3195	5594	2
3195	5663	1
3195	5732	2
3195	5796	1
3195	5854	6
3195	5855	2
3195	5902	1
3195	6014	1
3195	6288	2
3195	6292	1
3195	6329	2
3195	6616	1
3195	6838	1
3195	6910	4
3195	6930	1
3195	6966	1
3195	7004	2
3195	7119	1
3195	7172	1
3195	8038	2
3195	8143	1
3195	8147	1
3195	8315	1
3195	8475	1
3195	8673	1
3195	8701	1
3195	8974	3
3195	9079	1
3195	9122	1
3195	9163	1
3195	9260	1
3195	9284	4
3195	10027	6
3195	10118	2
3195	10460	1
3195	10499	1
3195	10677	3
3195	10900	2
3195	10990	2
3195	11234	2
3195	11240	3
3195	11288	1
3195	11425	1
3195	11502	2
3195	11539	2
3195	11777	1
3207	3401	1
3207	3475	2
3207	3525	1
3207	3589	1
3207	3679	1
3207	3726	2
3207	3783	5
3207	3945	2
3207	3974	1
3207	4008	1
3207	4052	1
3207	4285	1
3207	4287	2
3207	4367	1
3207	4417	1
3207	4430	1
3207	4436	1
3207	4476	1
3207	4519	1
3207	4525	1
3207	4683	2
3207	4710	2
3207	4729	1
3207	4736	1
3207	4743	1
3207	4792	1
3207	5249	1
3207	5302	3
3207	5382	3
3207	5488	2
3207	5530	2
3207	5533	1
3207	5656	1
3207	5683	1
3207	5732	1
3207	5793	1
3207	5854	1
3207	5855	1
3207	6044	1
3207	6288	1
3207	6292	2
3207	6324	1
3207	6329	2
3207	6342	2
3207	6427	1
3207	6437	1
3207	6444	4
3207	6531	1
3207	6827	1
3207	6836	1
3207	6838	1
3207	6852	1
3207	6966	1
3207	7094	1
3207	7097	1
3207	7143	1
3207	7342	2
3207	7438	1
3207	7457	1
3207	7664	1
3207	7698	1
3207	7730	1
3207	7867	1
3207	8030	1
3207	8038	1
3207	8039	1
3207	8147	1
3207	8166	1
3207	8204	1
3207	8373	1
3207	8672	1
3207	8673	1
3207	8722	1
3207	8851	2
3207	8857	3
3207	8918	1
3207	8919	1
3207	8974	1
3207	9135	2
3207	9260	1
3207	9284	1
3207	9700	1
3207	9806	1
3207	10010	1
3207	10072	1
3207	10342	1
3207	10374	1
3207	10460	1
3207	10487	1
3207	10514	1
3207	10515	1
3207	10677	1
3207	10803	1
3207	10900	1
3207	11021	1
3207	11045	1
3207	11079	1
3207	11234	1
3207	11240	2
3207	11424	1
3207	11734	1
3207	11820	1
3224	3401	8
3224	3410	1
3224	3475	1
3224	3589	6
3224	3592	3
3224	3600	4
3224	3704	1
3224	3726	2
3224	4052	1
3224	4683	12
3224	4710	7
3224	4729	7
3224	4736	4
3224	4743	2
3224	4828	2
3224	5086	6
3224	5087	2
3224	5089	4
3224	5530	4
3224	5533	3
3224	5538	2
3224	5594	2
3224	5732	1
3224	5808	1
3224	5854	11
3224	5855	3
3224	6011	1
3224	6134	2
3224	6288	1
3224	6292	2
3224	6329	2
3224	6427	1
3224	6595	1
3224	6616	1
3224	6852	1
3224	6910	2
3224	6930	2
3224	7004	2
3224	7351	1
3224	7528	1
3224	7609	1
3224	7698	1
3224	8038	2
3224	8143	1
3224	8147	1
3224	8315	4
3224	8475	1
3224	8673	1
3224	8701	1
3224	8723	1
3224	8974	2
3224	9122	1
3224	9163	1
3224	9284	9
3224	9806	1
3224	9995	1
3224	10027	9
3224	10118	1
3224	10512	1
3224	10513	1
3224	10515	1
3224	10677	1
3224	10766	4
3224	10900	1
3224	10921	1
3224	10990	1
3224	11234	3
3224	11240	7
3224	11502	3
3224	11539	1
3224	11820	1
3242	4008	1
3242	4644	1
3242	4710	1
3242	4828	1
3242	5382	1
3242	5530	2
3242	5533	2
3242	5606	1
3242	5655	2
3242	5656	2
3242	5731	1
3242	5732	3
3242	5793	1
3242	5794	1
3242	5855	1
3242	6288	1
3242	6292	1
3242	6508	2
3242	6930	1
3242	7094	2
3242	7097	1
3242	7150	1
3242	8038	1
3242	8039	1
3242	8166	1
3242	8204	1
3242	8244	4
3242	8385	1
3242	8475	1
3242	8574	1
3242	8701	1
3242	8722	1
3242	8723	2
3242	8974	1
3242	9122	1
3242	9256	1
3242	9284	4
3242	9700	1
3242	10118	2
3242	10556	2
3242	10557	2
3242	10561	2
3242	10677	1
3242	11240	1
3242	11491	1
3242	11698	1
3242	11734	1
3251	3401	3
3251	3475	1
3251	3726	1
3251	3881	2
3251	4052	2
3251	4242	5
3251	4249	1
3251	4274	1
3251	4287	1
3251	4411	1
3251	4683	1
3251	4729	3
3251	4743	2
3251	5249	1
3251	5302	1
3251	5382	3
3251	5488	2
3251	5533	1
3251	5664	1
3251	5854	1
3251	5918	2
3251	5920	2
3251	5994	1
3251	6011	1
3251	6134	1
3251	6324	1
3251	6329	1
3251	6532	1
3251	6595	1
3251	6836	1
3251	6838	1
3251	6966	1
3251	7004	1
3251	7094	1
3251	7115	1
3251	7119	1
3251	7132	1
3251	7342	1
3251	7528	1
3251	7698	2
3251	7767	1
3251	7986	1
3251	8038	1
3251	8147	1
3251	8373	1
3251	8672	1
3251	8673	1
3251	8699	1
3251	8918	1
3251	8974	1
3251	9069	1
3251	9135	1
3251	9284	2
3251	9292	1
3251	9920	1
3251	9995	1
3251	9998	1
3251	10460	1
3251	10503	1
3251	10512	1
3251	10514	1
3251	10515	1
3251	11234	2
3251	11240	2
3251	11288	1
3251	11307	1
3251	11424	1
3251	11425	1
3251	11536	1
3251	11539	2
3251	11820	1
3295	3679	1
3295	3945	1
3295	3989	1
3295	4285	1
3295	4286	1
3295	4287	1
3295	4288	1
3295	4367	1
3295	4775	3
3295	4779	1
3295	4991	1
3295	5302	3
3295	5834	2
3295	5882	1
3295	6371	1
3295	7396	1
3295	7438	1
3295	7809	1
3295	8362	1
3295	8373	2
3295	9597	1
3295	9614	1
3295	9719	1
3295	9804	1
3295	9900	1
3295	10010	1
3295	11791	1
3314	3450	2
3314	3475	1
3314	3589	1
3314	3726	4
3314	4006	1
3314	4052	1
3314	4683	2
3314	4710	2
3314	4729	2
3314	4743	1
3314	4828	2
3314	4959	1
3314	5382	1
3314	5410	3
3314	5488	1
3314	5530	2
3314	5533	2
3314	5732	3
3314	6014	1
3314	6134	1
3314	6324	1
3314	6342	3
3314	6681	1
3314	6836	1
3314	7004	2
3314	7094	1
3314	7172	1
3314	7722	1
3314	7867	1
3314	7973	1
3314	8038	2
3314	8138	1
3314	8166	1
3314	8475	3
3314	8476	1
3314	8605	1
3314	8673	1
3314	8701	1
3314	8801	1
3314	8918	3
3314	8919	1
3314	8974	1
3314	9254	1
3314	9256	1
3314	9258	1
3314	9260	1
3314	9284	4
3314	9482	1
3314	9501	1
3314	9700	1
3314	10072	2
3314	10460	1
3314	10556	1
3314	10557	1
3314	10559	2
3314	10709	2
3314	10734	1
3314	10949	2
3314	11021	1
3314	11026	1
3314	11045	1
3314	11077	1
3314	11079	1
3314	11132	2
3314	11234	1
3314	11240	1
3314	11491	1
3314	11539	1
3376	3525	1
3376	3879	1
3376	4050	1
3376	4286	1
3376	4287	1
3376	4471	1
3376	4476	1
3376	4519	1
3376	4683	1
3376	4710	1
3376	4775	1
3376	4803	3
3376	5792	1
3376	5834	3
3376	6371	1
3376	6437	1
3376	6531	1
3376	6532	1
3376	6838	1
3376	7341	1
3376	7342	1
3376	7664	1
3376	7771	1
3376	7928	3
3376	8018	1
3376	8030	1
3376	8147	1
3376	8373	1
3376	8378	3
3376	8380	1
3376	8773	2
3376	8974	1
3376	9292	1
3376	9900	1
3376	10011	1
3376	10866	1
3376	11456	1
3376	11647	1
3376	11791	1
3401	3409	3
3401	3410	7
3401	3411	5
3401	3450	5
3401	3475	12
3401	3525	2
3401	3589	19
3401	3592	4
3401	3600	6
3401	3610	3
3401	3683	2
3401	3685	3
3401	3704	3
3401	3726	23
3401	3881	10
3401	3931	3
3401	3974	3
3401	3977	4
3401	3980	1
3401	3989	1
3401	4006	2
3401	4008	4
3401	4017	2
3401	4052	19
3401	4117	1
3401	4242	19
3401	4243	4
3401	4249	8
3401	4253	4
3401	4285	1
3401	4287	4
3401	4411	10
3401	4417	2
3401	4430	1
3401	4436	1
3401	4485	2
3401	4644	2
3401	4683	59
3401	4710	27
3401	4729	38
3401	4736	6
3401	4743	6
3401	4779	2
3401	4828	3
3401	4959	2
3401	5022	4
3401	5086	9
3401	5087	3
3401	5089	4
3401	5207	4
3401	5217	1
3401	5249	1
3401	5302	3
3401	5332	3
3401	5378	3
3401	5382	39
3401	5410	12
3401	5484	5
3401	5487	2
3401	5488	28
3401	5503	3
3401	5530	47
3401	5533	33
3401	5538	2
3401	5562	3
3401	5594	5
3401	5606	3
3401	5656	1
3401	5663	5
3401	5664	2
3401	5683	3
3401	5731	1
3401	5732	25
3401	5792	1
3401	5793	3
3401	5794	1
3401	5796	1
3401	5808	2
3401	5834	2
3401	5854	31
3401	5855	8
3401	5882	1
3401	5902	1
3401	5918	3
3401	5920	2
3401	5994	3
3401	6011	6
3401	6014	2
3401	6044	5
3401	6077	2
3401	6087	4
3401	6134	20
3401	6166	1
3401	6209	3
3401	6288	9
3401	6292	6
3401	6311	6
3401	6324	5
3401	6329	25
3401	6342	1
3401	6427	4
3401	6437	1
3401	6463	2
3401	6508	1
3401	6531	2
3401	6532	2
3401	6582	2
3401	6595	1
3401	6616	2
3401	6681	1
3401	6707	1
3401	6749	1
3401	6750	5
3401	6827	2
3401	6836	4
3401	6838	3
3401	6839	2
3401	6852	6
3401	6910	4
3401	6930	6
3401	6966	6
3401	7004	9
3401	7094	18
3401	7097	18
3401	7098	3
3401	7115	1
3401	7119	4
3401	7132	1
3401	7143	4
3401	7144	2
3401	7150	5
3401	7172	7
3401	7342	3
3401	7351	1
3401	7434	1
3401	7436	2
3401	7524	2
3401	7528	5
3401	7530	3
3401	7577	1
3401	7609	3
3401	7698	5
3401	7700	2
3401	7730	3
3401	7767	5
3401	7867	8
3401	7878	3
3401	7954	2
3401	7956	1
3401	7966	8
3401	7973	2
3401	7986	5
3401	8030	1
3401	8038	12
3401	8039	1
3401	8138	6
3401	8143	9
3401	8147	16
3401	8166	6
3401	8167	5
3401	8204	2
3401	8315	3
3401	8351	1
3401	8362	1
3401	8378	3
3401	8380	2
3401	8385	2
3401	8387	2
3401	8475	2
3401	8476	1
3401	8605	3
3401	8624	2
3401	8672	3
3401	8673	7
3401	8699	3
3401	8701	2
3401	8722	7
3401	8723	13
3401	8801	1
3401	8849	1
3401	8851	10
3401	8918	1
3401	8919	1
3401	8974	12
3401	9029	1
3401	9069	1
3401	9079	3
3401	9122	1
3401	9135	8
3401	9163	1
3401	9246	3
3401	9252	2
3401	9258	3
3401	9260	6
3401	9284	50
3401	9501	1
3401	9531	1
3401	9533	1
3401	9579	2
3401	9700	6
3401	9701	1
3401	9719	1
3401	9806	2
3401	9920	4
3401	9995	15
3401	9998	2
3401	10027	22
3401	10072	9
3401	10118	4
3401	10342	4
3401	10374	2
3401	10444	5
3401	10460	8
3401	10487	1
3401	10499	12
3401	10503	2
3401	10512	7
3401	10513	2
3401	10514	1
3401	10515	11
3401	10556	2
3401	10557	1
3401	10559	1
3401	10561	1
3401	10584	1
3401	10677	21
3401	10678	4
3401	10709	1
3401	10731	4
3401	10734	3
3401	10766	6
3401	10803	2
3401	10866	1
3401	10900	4
3401	10921	4
3401	10950	2
3401	10990	7
3401	10995	3
3401	11021	4
3401	11026	2
3401	11045	3
3401	11077	3
3401	11078	2
3401	11079	3
3401	11132	2
3401	11234	30
3401	11237	4
3401	11240	40
3401	11288	6
3401	11307	6
3401	11361	1
3401	11424	6
3401	11425	9
3401	11491	7
3401	11492	8
3401	11502	6
3401	11517	4
3401	11536	3
3401	11539	8
3401	11575	1
3401	11647	1
3401	11698	1
3401	11734	3
3401	11777	5
3401	11820	2
3409	3410	7
3409	3411	3
3409	3450	1
3409	3475	2
3409	3589	2
3409	3600	2
3409	3683	1
3409	3685	1
3409	3726	2
3409	3977	5
3409	4253	1
3409	4411	2
3409	4683	4
3409	4710	1
3409	4729	6
3409	5022	1
3409	5207	2
3409	5217	1
3409	5332	2
3409	5382	1
3409	5410	2
3409	5488	3
3409	5503	1
3409	5530	6
3409	5533	4
3409	5594	2
3409	5623	1
3409	5732	1
3409	5854	4
3409	5855	1
3409	6134	3
3409	6209	2
3409	6288	4
3409	6292	1
3409	6329	4
3409	6595	1
3409	6852	3
3409	6930	1
3409	7004	2
3409	7094	4
3409	7097	4
3409	7098	2
3409	7528	1
3409	7700	1
3409	7867	3
3409	8038	1
3409	8138	2
3409	8167	1
3409	8351	1
3409	8475	1
3409	8476	1
3409	8605	3
3409	8673	1
3409	8699	2
3409	8701	2
3409	8722	1
3409	8723	2
3409	8801	1
3409	8851	1
3409	8974	2
3409	9029	2
3409	9163	4
3409	9284	6
3409	9533	1
3409	9700	1
3409	9701	1
3409	9806	2
3409	9995	1
3409	10027	2
3409	10072	3
3409	10342	2
3409	10515	1
3409	10556	1
3409	10677	2
3409	10731	2
3409	10734	2
3409	10803	1
3409	11021	1
3409	11026	1
3409	11079	2
3409	11234	4
3409	11240	3
3409	11288	1
3409	11361	1
3409	11492	1
3409	11539	1
3410	3411	7
3410	3450	2
3410	3475	3
3410	3589	4
3410	3600	2
3410	3610	1
3410	3683	1
3410	3685	3
3410	3726	6
3410	3977	6
3410	4006	1
3410	4052	1
3410	4253	2
3410	4287	1
3410	4411	5
3410	4683	12
3410	4710	4
3410	4729	10
3410	4959	1
3410	5022	1
3410	5207	4
3410	5217	2
3410	5332	2
3410	5382	3
3410	5410	4
3410	5484	1
3410	5488	6
3410	5503	3
3410	5530	10
3410	5533	9
3410	5594	3
3410	5606	1
3410	5623	1
3410	5663	1
3410	5732	5
3410	5838	1
3410	5854	10
3410	5855	5
3410	5902	1
3410	6134	7
3410	6209	2
3410	6288	7
3410	6292	2
3410	6329	8
3410	6532	1
3410	6582	1
3410	6595	1
3410	6839	1
3410	6852	3
3410	6930	3
3410	7004	5
3410	7094	7
3410	7097	8
3410	7098	2
3410	7172	1
3410	7528	1
3410	7577	1
3410	7700	2
3410	7867	6
3410	8038	3
3410	8138	3
3410	8166	1
3410	8167	1
3410	8204	1
3410	8351	1
3410	8475	2
3410	8476	1
3410	8574	1
3410	8605	4
3410	8624	1
3410	8673	4
3410	8699	4
3410	8701	2
3410	8722	1
3410	8723	4
3410	8801	1
3410	8851	2
3410	8918	2
3410	8974	5
3410	9029	3
3410	9122	1
3410	9163	6
3410	9258	1
3410	9284	10
3410	9417	1
3410	9482	1
3410	9533	2
3410	9579	1
3410	9700	4
3410	9701	1
3410	9806	2
3410	9995	2
3410	10027	3
3410	10072	4
3410	10118	1
3410	10342	3
3410	10444	1
3410	10503	1
3410	10512	1
3410	10515	2
3410	10556	1
3410	10677	3
3410	10731	4
3410	10734	2
3410	10766	1
3410	10803	2
3410	10900	1
3410	10921	1
3410	11021	2
3410	11026	1
3410	11078	1
3410	11079	3
3410	11178	1
3410	11234	8
3410	11240	6
3410	11288	2
3410	11361	2
3410	11491	1
3410	11492	1
3410	11536	1
3410	11539	1
3410	11820	1
3411	3450	1
3411	3475	3
3411	3589	2
3411	3600	2
3411	3685	2
3411	3726	2
3411	3977	3
3411	4253	1
3411	4411	2
3411	4683	5
3411	4729	4
3411	4959	1
3411	5207	4
3411	5332	1
3411	5382	2
3411	5410	2
3411	5488	1
3411	5503	2
3411	5530	5
3411	5533	3
3411	5594	2
3411	5606	1
3411	5623	1
3411	5732	3
3411	5854	3
3411	5855	2
3411	6134	5
3411	6209	2
3411	6288	1
3411	6292	1
3411	6329	5
3411	6582	1
3411	6852	1
3411	6930	2
3411	7004	1
3411	7094	5
3411	7097	4
3411	7098	2
3411	7528	1
3411	7867	5
3411	8038	2
3411	8138	1
3411	8166	1
3411	8167	1
3411	8673	2
3411	8699	2
3411	8701	1
3411	8722	1
3411	8723	2
3411	9029	1
3411	9163	1
3411	9284	5
3411	9533	1
3411	9700	1
3411	9995	2
3411	10072	1
3411	10342	1
3411	10512	1
3411	10515	2
3411	10556	1
3411	10677	2
3411	10731	4
3411	10734	1
3411	10766	1
3411	11021	2
3411	11026	1
3411	11234	1
3411	11240	2
3411	11288	1
3411	11536	1
3411	11539	1
3441	3475	1
3441	3525	1
3441	3685	1
3441	3726	1
3441	3881	2
3441	4050	1
3441	4052	1
3441	4117	1
3441	4242	1
3441	4249	1
3441	4274	2
3441	4285	2
3441	4286	4
3441	4287	4
3441	4411	1
3441	4465	1
3441	4519	1
3441	4683	1
3441	4710	1
3441	4832	1
3441	5302	3
3441	5382	1
3441	5410	1
3441	5488	2
3441	5530	1
3441	5533	1
3441	5538	1
3441	5732	1
3441	5769	1
3441	5808	1
3441	5855	1
3441	5918	1
3441	6170	1
3441	6324	1
3441	6427	1
3441	7094	1
3441	7172	1
3441	7434	2
3441	7436	2
3441	7698	1
3441	7700	1
3441	7809	4
3441	8147	1
3441	8166	1
3441	8373	1
3441	8974	2
3441	9135	1
3441	9284	2
3441	9487	1
3441	9614	4
3441	10499	1
3441	10584	1
3441	11234	3
3441	11240	1
3441	11288	1
3441	11424	1
3450	3475	4
3450	3589	1
3450	3610	1
3450	3726	7
3450	3931	1
3450	3977	3
3450	3980	1
3450	3989	1
3450	4052	1
3450	4242	2
3450	4411	1
3450	4683	4
3450	4710	1
3450	4729	3
3450	4743	1
3450	4828	3
3450	4959	2
3450	5207	2
3450	5217	1
3450	5332	2
3450	5378	1
3450	5382	5
3450	5410	7
3450	5487	2
3450	5488	4
3450	5503	1
3450	5530	5
3450	5533	4
3450	5655	1
3450	5731	1
3450	5732	6
3450	5794	1
3450	5796	1
3450	5854	2
3450	6014	1
3450	6134	1
3450	6209	1
3450	6288	2
3450	6311	1
3450	6324	1
3450	6329	7
3450	6342	1
3450	6582	1
3450	6681	3
3450	6836	2
3450	6839	1
3450	6852	1
3450	6896	1
3450	6930	1
3450	7004	2
3450	7094	4
3450	7097	5
3450	7098	1
3450	7143	1
3450	7150	1
3450	7722	1
3450	7767	1
3450	7867	1
3450	7956	1
3450	7966	2
3450	8038	2
3450	8166	4
3450	8167	2
3450	8351	1
3450	8385	1
3450	8475	2
3450	8476	1
3450	8605	3
3450	8673	2
3450	8699	2
3450	8722	3
3450	8723	1
3450	8801	2
3450	8918	1
3450	8939	1
3450	8974	2
3450	9029	1
3450	9122	1
3450	9163	1
3450	9246	2
3450	9252	1
3450	9258	2
3450	9260	2
3450	9284	5
3450	9700	1
3450	9995	1
3450	10072	3
3450	10342	2
3450	10460	1
3450	10515	1
3450	10677	10
3450	10678	2
3450	10731	1
3450	10734	4
3450	10803	1
3450	10900	1
3450	11021	4
3450	11026	3
3450	11077	3
3450	11132	1
3450	11234	5
3450	11240	3
3450	11288	1
3450	11424	2
3450	11491	2
3450	11539	1
3450	11575	1
3450	11734	2
3450	11820	1
3475	3589	3
3475	3600	1
3475	3726	15
3475	3881	3
3475	3931	1
3475	3977	4
3475	4006	1
3475	4008	2
3475	4052	7
3475	4242	6
3475	4249	2
3475	4253	1
3475	4286	1
3475	4287	1
3475	4411	3
3475	4417	1
3475	4430	2
3475	4436	2
3475	4465	1
3475	4485	1
3475	4683	12
3475	4710	4
3475	4729	10
3475	4736	4
3475	4743	3
3475	4803	1
3475	4828	1
3475	4959	2
3475	5207	4
3475	5217	1
3475	5332	1
3475	5378	1
3475	5382	17
3475	5410	8
3475	5484	6
3475	5487	5
3475	5488	12
3475	5503	2
3475	5530	14
3475	5533	10
3475	5538	1
3475	5562	2
3475	5594	1
3475	5606	1
3475	5656	1
3475	5663	1
3475	5664	2
3475	5683	1
3475	5731	1
3475	5732	9
3475	5793	1
3475	5794	1
3475	5796	1
3475	5854	7
3475	5855	1
3475	5994	1
3475	6044	1
3475	6054	2
3475	6134	3
3475	6209	1
3475	6288	1
3475	6292	3
3475	6311	3
3475	6324	3
3475	6329	12
3475	6342	3
3475	6427	2
3475	6531	1
3475	6532	1
3475	6582	4
3475	6707	3
3475	6750	1
3475	6836	3
3475	6852	2
3475	6896	2
3475	6930	2
3475	6966	1
3475	7004	6
3475	7094	13
3475	7097	15
3475	7098	3
3475	7119	2
3475	7132	2
3475	7143	4
3475	7144	1
3475	7150	3
3475	7172	2
3475	7342	1
3475	7434	1
3475	7457	2
3475	7528	3
3475	7530	1
3475	7698	3
3475	7700	1
3475	7722	1
3475	7730	1
3475	7767	1
3475	7771	1
3475	7867	5
3475	7928	1
3475	7954	1
3475	7966	1
3475	7973	1
3475	7986	2
3475	8038	6
3475	8039	1
3475	8138	1
3475	8143	1
3475	8147	7
3475	8166	4
3475	8167	3
3475	8204	1
3475	8315	1
3475	8373	1
3475	8475	2
3475	8574	1
3475	8605	3
3475	8672	5
3475	8673	4
3475	8699	2
3475	8701	1
3475	8722	5
3475	8723	3
3475	8801	2
3475	8851	2
3475	8918	3
3475	8974	9
3475	9069	1
3475	9135	5
3475	9246	1
3475	9258	1
3475	9260	1
3475	9284	15
3475	9533	1
3475	9579	1
3475	9700	2
3475	9701	1
3475	9806	1
3475	9995	10
3475	10072	1
3475	10342	3
3475	10374	1
3475	10460	8
3475	10487	1
3475	10499	2
3475	10512	1
3475	10514	1
3475	10515	1
3475	10556	2
3475	10677	11
3475	10678	2
3475	10731	2
3475	10734	1
3475	10803	1
3475	10900	3
3475	11021	4
3475	11026	3
3475	11045	1
3475	11077	3
3475	11079	1
3475	11086	1
3475	11132	2
3475	11234	20
3475	11237	1
3475	11240	6
3475	11288	4
3475	11307	2
3475	11424	1
3475	11456	1
3475	11491	2
3475	11536	1
3475	11539	4
3475	11698	1
3475	11734	2
3475	11820	1
3525	3589	1
3525	3783	1
3525	3879	2
3525	3945	1
3525	3989	1
3525	4286	1
3525	4287	1
3525	4367	1
3525	4465	1
3525	4471	1
3525	4476	1
3525	4664	1
3525	4683	3
3525	4710	1
3525	4729	3
3525	4775	1
3525	4803	1
3525	4832	4
3525	4991	1
3525	5022	1
3525	5302	3
3525	5382	2
3525	5410	1
3525	5488	1
3525	5530	1
3525	5606	1
3525	5792	1
3525	5796	1
3525	5808	1
3525	5855	1
3525	5918	1
3525	6444	1
3525	6463	1
3525	6595	1
3525	6827	1
3525	6836	2
3525	6966	1
3525	7094	2
3525	7150	1
3525	7341	2
3525	7342	2
3525	7700	1
3525	7809	1
3525	7878	1
3525	7928	1
3525	8018	1
3525	8030	2
3525	8143	2
3525	8371	3
3525	8373	1
3525	8374	1
3525	8378	1
3525	8851	4
3525	8974	2
3525	9284	1
3525	9487	1
3525	9533	1
3525	9614	1
3525	10027	1
3525	10072	2
3525	10460	1
3525	10499	2
3525	10584	1
3525	10866	4
3525	10995	2
3525	11240	1
3525	11361	1
3525	11424	1
3525	11425	1
3525	11575	1
3525	11791	1
3589	3592	5
3589	3600	5
3589	3610	2
3589	3704	1
3589	3726	15
3589	3783	1
3589	3881	1
3589	3977	3
3589	4006	1
3589	4008	1
3589	4052	6
3589	4242	6
3589	4249	1
3589	4253	1
3589	4287	4
3589	4411	4
3589	4417	1
3589	4476	1
3589	4479	1
3589	4485	2
3589	4683	31
3589	4710	17
3589	4729	19
3589	4736	4
3589	4743	2
3589	4828	3
3589	4959	2
3589	5022	2
3589	5086	5
3589	5087	4
3589	5089	2
3589	5207	2
3589	5217	1
3589	5332	3
3589	5378	1
3589	5382	9
3589	5410	8
3589	5484	2
3589	5488	11
3589	5503	2
3589	5530	20
3589	5533	14
3589	5538	1
3589	5594	6
3589	5606	1
3589	5655	1
3589	5656	1
3589	5663	3
3589	5683	1
3589	5731	1
3589	5732	9
3589	5793	1
3589	5796	1
3589	5854	19
3589	5855	6
3589	5902	1
3589	5918	1
3589	6014	2
3589	6044	3
3589	6134	6
3589	6209	1
3589	6288	6
3589	6292	6
3589	6311	1
3589	6324	4
3589	6329	9
3589	6342	1
3589	6427	1
3589	6531	1
3589	6532	2
3589	6595	1
3589	6616	2
3589	6681	1
3589	6707	1
3589	6836	2
3589	6838	2
3589	6839	1
3589	6852	3
3589	6910	6
3589	6930	2
3589	6966	1
3589	7004	6
3589	7094	5
3589	7097	7
3589	7098	2
3589	7119	1
3589	7143	2
3589	7144	1
3589	7172	2
3589	7341	1
3589	7342	1
3589	7351	1
3589	7524	1
3589	7528	1
3589	7574	1
3589	7577	1
3589	7609	1
3589	7698	1
3589	7700	1
3589	7722	1
3589	7730	3
3589	7867	3
3589	7878	1
3589	7956	1
3589	7973	1
3589	7986	1
3589	8018	1
3589	8038	6
3589	8039	1
3589	8060	1
3589	8138	2
3589	8143	2
3589	8147	3
3589	8166	4
3589	8167	2
3589	8204	1
3589	8315	2
3589	8351	1
3589	8574	1
3589	8605	2
3589	8672	1
3589	8673	4
3589	8699	1
3589	8722	2
3589	8723	5
3589	8851	6
3589	8918	1
3589	8919	1
3589	8974	7
3589	9079	1
3589	9122	1
3589	9135	3
3589	9163	1
3589	9252	1
3589	9260	2
3589	9284	22
3589	9579	3
3589	9700	6
3589	9806	3
3589	9995	2
3589	10027	22
3589	10072	8
3589	10118	2
3589	10342	1
3589	10374	1
3589	10444	1
3589	10460	3
3589	10487	1
3589	10499	2
3589	10503	1
3589	10512	1
3589	10514	1
3589	10515	3
3589	10556	1
3589	10677	10
3589	10678	1
3589	10734	3
3589	10766	2
3589	10803	4
3589	10900	4
3589	10921	3
3589	10990	2
3589	10995	1
3589	11021	2
3589	11045	4
3589	11077	1
3589	11078	1
3589	11079	1
3589	11132	1
3589	11178	1
3589	11234	12
3589	11240	17
3589	11288	2
3589	11361	1
3589	11425	1
3589	11491	3
3589	11492	5
3589	11502	4
3589	11539	3
3589	11734	2
3589	11777	1
3589	11820	2
3592	3600	6
3592	3610	1
3592	3726	3
3592	3881	1
3592	3977	1
3592	3980	1
3592	4052	2
3592	4242	1
3592	4411	2
3592	4430	1
3592	4436	1
3592	4476	1
3592	4479	1
3592	4683	7
3592	4710	2
3592	4729	4
3592	4743	1
3592	4992	1
3592	5086	3
3592	5089	2
3592	5332	1
3592	5382	1
3592	5488	3
3592	5530	6
3592	5533	2
3592	5606	1
3592	5623	1
3592	5663	1
3592	5683	1
3592	5732	2
3592	5854	6
3592	5855	1
3592	6134	5
3592	6288	1
3592	6311	1
3592	6329	3
3592	6427	1
3592	6616	1
3592	6836	1
3592	6852	2
3592	6910	1
3592	6966	1
3592	7097	3
3592	7143	1
3592	7150	1
3592	7351	1
3592	7524	1
3592	7577	1
3592	7609	1
3592	7954	1
3592	7956	1
3592	7986	1
3592	8018	1
3592	8143	3
3592	8147	1
3592	8723	1
3592	8849	1
3592	8851	1
3592	8974	1
3592	9079	1
3592	9135	1
3592	9252	1
3592	9258	1
3592	9284	6
3592	9700	1
3592	9701	1
3592	10027	3
3592	10460	1
3592	10512	1
3592	10515	2
3592	10677	2
3592	10766	1
3592	10900	1
3592	10995	1
3592	11078	1
3592	11234	3
3592	11240	4
3592	11288	1
3592	11361	1
3592	11424	1
3592	11425	1
3592	11491	1
3592	11492	2
3592	11502	1
3592	11536	1
3592	11539	1
3592	11734	1
3592	11777	1
3592	11820	1
3600	3685	1
3600	3704	2
3600	3726	3
3600	3977	2
3600	3980	1
3600	4052	1
3600	4411	1
3600	4476	1
3600	4683	7
3600	4710	3
3600	4729	5
3600	4775	1
3600	4828	1
3600	5086	5
3600	5089	2
3600	5207	1
3600	5332	1
3600	5382	1
3600	5410	1
3600	5488	1
3600	5530	4
3600	5533	1
3600	5538	1
3600	5594	2
3600	5623	2
3600	5732	2
3600	5854	5
3600	5855	1
3600	6134	6
3600	6209	2
3600	6288	1
3600	6329	2
3600	6427	1
3600	6616	1
3600	6910	1
3600	6930	1
3600	6966	1
3600	7004	2
3600	7094	2
3600	7097	2
3600	7098	1
3600	7351	3
3600	7528	1
3600	7609	3
3600	7700	1
3600	7867	2
3600	7954	1
3600	8018	1
3600	8038	1
3600	8138	1
3600	8143	1
3600	8167	1
3600	8624	1
3600	8673	1
3600	8699	1
3600	8701	1
3600	8723	1
3600	9029	1
3600	9163	1
3600	9284	6
3600	9995	1
3600	10027	4
3600	10512	2
3600	10515	3
3600	10556	1
3600	10677	2
3600	10731	1
3600	10766	2
3600	10921	2
3600	10990	2
3600	10995	1
3600	11240	4
3600	11424	1
3600	11425	1
3600	11491	1
3600	11502	1
3600	11539	1
3600	11820	1
3610	3726	2
3610	4006	1
3610	4052	3
3610	4242	4
3610	4287	1
3610	4411	1
3610	4683	6
3610	4710	2
3610	4729	7
3610	4828	1
3610	5217	1
3610	5382	4
3610	5410	2
3610	5488	6
3610	5530	5
3610	5533	2
3610	5594	1
3610	5606	1
3610	5623	1
3610	5663	1
3610	5732	2
3610	5854	2
3610	5855	1
3610	6054	1
3610	6134	1
3610	6288	2
3610	6311	1
3610	6324	1
3610	6329	3
3610	6839	1
3610	7004	1
3610	7094	3
3610	7097	3
3610	7119	1
3610	7143	1
3610	7150	1
3610	7172	1
3610	7530	1
3610	7577	1
3610	7698	1
3610	7700	1
3610	7947	2
3610	7956	1
3610	7966	1
3610	8038	1
3610	8147	1
3610	8166	1
3610	8373	1
3610	8672	1
3610	8722	1
3610	8723	1
3610	8851	2
3610	8918	1
3610	8974	4
3610	9029	1
3610	9079	1
3610	9260	1
3610	9284	8
3610	9700	1
3610	9998	1
3610	10027	2
3610	10118	1
3610	10444	1
3610	10499	2
3610	10503	1
3610	10514	1
3610	10515	2
3610	10677	4
3610	10803	1
3610	10866	1
3610	10900	1
3610	10921	1
3610	10950	1
3610	11234	5
3610	11237	1
3610	11240	7
3610	11361	2
3610	11424	2
3610	11491	1
3610	11698	1
3679	3945	1
3679	3974	1
3679	4274	1
3679	4285	1
3679	4287	1
3679	4367	1
3679	4476	1
3679	4519	2
3679	4525	2
3679	4992	1
3679	5302	4
3679	6371	1
3679	6444	1
3679	6532	1
3679	7342	1
3679	7436	1
3679	7438	1
3679	7574	1
3679	7664	2
3679	7973	1
3679	8030	1
3679	8060	1
3679	8373	1
3679	8857	1
3679	9223	1
3679	9226	1
3679	9804	2
3679	9900	1
3679	9920	1
3679	10010	1
3683	3726	1
3683	3977	1
3683	4411	1
3683	4417	1
3683	4683	2
3683	4729	3
3683	5332	1
3683	5488	3
3683	5503	1
3683	5530	3
3683	5533	3
3683	5538	1
3683	5683	1
3683	5732	2
3683	5854	1
3683	6011	1
3683	6134	1
3683	6288	2
3683	6311	1
3683	6329	3
3683	6852	2
3683	6966	1
3683	7094	1
3683	7097	2
3683	7867	1
3683	7954	1
3683	8166	1
3683	8605	1
3683	8673	1
3683	8701	1
3683	8723	1
3683	9135	1
3683	9163	1
3683	9284	3
3683	10072	1
3683	10460	1
3683	10677	2
3683	10766	2
3683	11078	2
3683	11079	1
3683	11234	2
3683	11240	4
3683	11425	2
3683	11492	2
3685	3726	1
3685	3977	1
3685	4117	1
3685	4242	1
3685	4285	1
3685	4286	1
3685	4287	2
3685	4411	1
3685	4430	1
3685	4465	1
3685	4519	1
3685	4644	1
3685	4683	5
3685	4710	1
3685	4729	2
3685	4803	1
3685	5410	2
3685	5488	2
3685	5530	5
3685	5533	1
3685	5594	1
3685	5623	1
3685	5793	1
3685	5794	1
3685	5854	2
3685	5855	1
3685	6134	4
3685	6209	2
3685	6288	1
3685	6329	4
3685	6437	1
3685	6508	1
3685	6532	1
3685	6852	2
3685	7094	4
3685	7097	1
3685	7530	1
3685	7700	2
3685	7771	1
3685	7867	2
3685	7966	1
3685	8138	1
3685	8166	1
3685	8204	1
3685	8605	1
3685	8624	1
3685	8699	2
3685	8701	1
3685	8723	2
3685	8773	1
3685	8851	1
3685	9029	2
3685	9135	1
3685	9163	1
3685	9284	2
3685	9700	1
3685	10072	1
3685	10342	1
3685	10512	1
3685	10515	2
3685	10584	1
3685	10677	1
3685	10731	3
3685	10734	1
3685	10766	1
3685	10803	1
3685	11078	1
3685	11079	1
3685	11234	2
3685	11240	2
3685	11424	1
3685	11425	1
3685	11492	1
3685	11539	1
3704	3726	1
3704	4052	1
3704	4242	1
3704	4417	2
3704	4683	2
3704	4710	1
3704	4729	2
3704	4775	1
3704	4803	1
3704	4828	1
3704	5086	1
3704	5302	1
3704	5332	1
3704	5382	1
3704	5530	1
3704	5533	1
3704	5538	1
3704	5663	1
3704	5792	1
3704	5854	1
3704	6011	1
3704	6329	1
3704	6749	1
3704	6839	1
3704	7004	1
3704	7115	1
3704	7150	1
3704	7351	3
3704	7609	2
3704	7700	1
3704	7771	1
3704	8138	1
3704	8362	1
3704	8378	1
3704	8624	1
3704	8723	1
3704	8849	1
3704	8851	1
3704	9284	2
3704	9719	1
3704	10027	1
3704	10499	1
3704	10503	1
3704	10512	1
3704	10515	2
3704	10677	1
3704	10766	1
3704	10921	1
3704	10990	1
3704	11234	1
3704	11240	2
3704	11307	1
3704	11425	1
3704	11647	1
3726	3783	2
3726	3881	3
3726	3931	1
3726	3977	5
3726	3980	1
3726	4006	2
3726	4008	1
3726	4052	12
3726	4242	9
3726	4243	1
3726	4249	1
3726	4253	2
3726	4285	1
3726	4287	5
3726	4411	6
3726	4417	2
3726	4465	1
3726	4479	1
3726	4485	1
3726	4644	2
3726	4683	29
3726	4710	21
3726	4729	20
3726	4736	5
3726	4743	3
3726	4779	2
3726	4828	3
3726	4959	4
3726	5022	1
3726	5086	2
3726	5087	2
3726	5181	1
3726	5207	4
3726	5217	1
3726	5332	3
3726	5378	1
3726	5382	19
3726	5410	28
3726	5484	10
3726	5487	5
3726	5488	19
3726	5503	2
3726	5530	28
3726	5533	32
3726	5538	3
3726	5562	2
3726	5594	3
3726	5606	2
3726	5623	1
3726	5656	1
3726	5663	2
3726	5664	1
3726	5683	3
3726	5731	2
3726	5732	22
3726	5793	1
3726	5796	1
3726	5808	2
3726	5834	2
3726	5854	28
3726	5855	7
3726	5902	2
3726	5918	1
3726	6014	1
3726	6044	3
3726	6054	1
3726	6087	2
3726	6134	8
3726	6209	2
3726	6288	6
3726	6292	2
3726	6311	5
3726	6324	3
3726	6329	15
3726	6342	5
3726	6427	2
3726	6531	1
3726	6582	4
3726	6707	3
3726	6750	1
3726	6836	1
3726	6838	2
3726	6852	3
3726	6910	5
3726	6930	6
3726	6966	1
3726	7004	16
3726	7094	12
3726	7097	20
3726	7098	2
3726	7115	1
3726	7143	5
3726	7144	1
3726	7150	4
3726	7172	4
3726	7342	1
3726	7351	1
3726	7434	1
3726	7524	1
3726	7528	1
3726	7577	1
3726	7609	1
3726	7664	1
3726	7698	4
3726	7700	4
3726	7730	2
3726	7767	1
3726	7867	8
3726	7956	1
3726	7966	5
3726	7973	2
3726	7986	1
3726	8030	1
3726	8038	16
3726	8039	2
3726	8060	2
3726	8138	6
3726	8143	1
3726	8147	8
3726	8166	6
3726	8167	5
3726	8204	2
3726	8315	1
3726	8351	1
3726	8373	1
3726	8378	2
3726	8380	2
3726	8475	5
3726	8476	3
3726	8605	6
3726	8624	2
3726	8672	4
3726	8673	12
3726	8699	3
3726	8701	3
3726	8722	5
3726	8723	6
3726	8801	3
3726	8851	6
3726	8857	2
3726	8918	6
3726	8919	1
3726	8974	19
3726	9029	3
3726	9069	1
3726	9079	2
3726	9122	2
3726	9135	7
3726	9163	4
3726	9246	3
3726	9252	2
3726	9254	1
3726	9256	1
3726	9258	2
3726	9260	5
3726	9284	29
3726	9482	2
3726	9501	1
3726	9531	2
3726	9533	1
3726	9579	1
3726	9700	7
3726	9701	1
3726	9806	3
3726	9920	2
3726	9995	11
3726	9998	1
3726	10027	11
3726	10072	9
3726	10118	2
3726	10342	4
3726	10374	1
3726	10460	5
3726	10487	3
3726	10499	1
3726	10512	3
3726	10513	1
3726	10514	1
3726	10515	5
3726	10556	3
3726	10557	3
3726	10559	3
3726	10561	1
3726	10677	20
3726	10678	3
3726	10709	3
3726	10731	1
3726	10734	2
3726	10766	3
3726	10803	3
3726	10900	7
3726	10921	1
3726	10949	1
3726	10990	2
3726	10995	1
3726	11021	3
3726	11026	2
3726	11045	3
3726	11077	2
3726	11078	2
3726	11079	5
3726	11132	2
3726	11234	24
3726	11240	24
3726	11288	6
3726	11307	2
3726	11424	2
3726	11425	1
3726	11491	5
3726	11492	4
3726	11502	1
3726	11517	2
3726	11536	1
3726	11539	4
3726	11698	1
3726	11734	3
3726	11777	1
3726	11820	1
3783	3945	3
3783	3974	1
3783	4052	1
3783	4117	1
3783	4285	2
3783	4287	3
3783	4288	1
3783	4367	1
3783	4519	1
3783	4525	1
3783	4664	1
3783	4683	1
3783	4710	2
3783	4792	1
3783	5249	1
3783	5302	1
3783	5382	1
3783	5410	1
3783	5488	2
3783	5663	1
3783	5683	1
3783	5854	2
3783	5855	1
3783	6044	2
3783	6311	1
3783	6342	1
3783	6437	1
3783	6444	3
3783	6531	1
3783	6827	1
3783	6838	1
3783	6966	1
3783	7396	1
3783	7664	1
3783	7698	1
3783	7809	1
3783	8038	1
3783	8039	1
3783	8373	1
3783	8374	1
3783	8673	1
3783	8851	1
3783	8857	2
3783	8918	1
3783	8919	1
3783	8974	1
3783	9135	1
3783	9487	1
3783	9614	1
3783	9920	1
3783	10487	1
3783	10734	1
3783	10900	1
3783	11234	1
3783	11288	1
3783	11424	1
3879	4242	1
3879	4411	1
3879	4465	2
3879	4471	3
3879	4476	5
3879	4479	1
3879	4485	1
3879	4644	1
3879	4683	1
3879	4710	1
3879	4729	2
3879	4792	1
3879	4803	2
3879	5249	1
3879	5488	1
3879	5530	1
3879	5606	1
3879	5769	1
3879	5792	3
3879	5793	2
3879	5794	1
3879	5796	1
3879	5855	1
3879	5994	1
3879	6011	1
3879	6324	1
3879	6329	1
3879	6508	1
3879	6836	2
3879	7115	1
3879	7119	1
3879	7150	1
3879	7341	3
3879	7342	2
3879	7664	1
3879	7767	2
3879	7928	2
3879	8018	3
3879	8019	2
3879	8030	3
3879	8143	2
3879	8371	1
3879	8373	1
3879	8374	1
3879	8851	1
3879	8974	1
3879	9487	1
3879	9533	1
3879	9920	1
3879	9995	1
3879	10342	1
3879	10460	1
3879	10515	1
3879	10621	1
3879	10766	1
3879	10866	1
3879	11234	1
3879	11425	1
3879	11777	1
3881	3974	1
3881	3977	1
3881	4008	5
3881	4017	1
3881	4052	4
3881	4117	1
3881	4242	12
3881	4247	2
3881	4249	3
3881	4253	1
3881	4274	1
3881	4285	1
3881	4286	1
3881	4287	2
3881	4411	2
3881	4430	1
3881	4436	1
3881	4465	1
3881	4479	2
3881	4485	1
3881	4644	1
3881	4683	7
3881	4710	6
3881	4729	2
3881	4736	1
3881	4743	1
3881	5302	1
3881	5332	1
3881	5382	15
3881	5410	2
3881	5484	1
3881	5487	1
3881	5488	8
3881	5530	8
3881	5533	7
3881	5538	1
3881	5655	1
3881	5656	1
3881	5663	1
3881	5683	2
3881	5731	1
3881	5732	3
3881	5854	4
3881	5918	6
3881	5920	4
3881	5994	2
3881	5995	1
3881	6077	1
3881	6134	3
3881	6292	1
3881	6311	2
3881	6324	1
3881	6329	2
3881	6427	1
3881	6437	1
3881	6463	1
3881	6531	1
3881	6532	1
3881	6707	2
3881	6749	1
3881	6750	4
3881	6827	1
3881	6836	1
3881	6852	1
3881	7004	1
3881	7094	4
3881	7097	3
3881	7098	1
3881	7119	2
3881	7132	2
3881	7143	2
3881	7144	3
3881	7150	1
3881	7172	2
3881	7434	1
3881	7436	2
3881	7524	1
3881	7528	1
3881	7698	4
3881	7700	1
3881	7809	1
3881	7878	1
3881	7956	1
3881	7966	1
3881	7973	1
3881	7986	6
3881	8030	1
3881	8038	1
3881	8039	1
3881	8143	1
3881	8147	13
3881	8166	1
3881	8167	1
3881	8244	1
3881	8373	1
3881	8387	2
3881	8624	2
3881	8723	1
3881	8849	1
3881	8851	2
3881	8918	1
3881	8974	2
3881	9079	1
3881	9135	1
3881	9258	1
3881	9284	10
3881	9531	1
3881	9579	1
3881	9614	1
3881	9719	1
3881	9920	1
3881	9995	4
3881	9998	4
3881	10118	1
3881	10342	1
3881	10374	2
3881	10444	1
3881	10460	4
3881	10487	1
3881	10499	3
3881	10512	4
3881	10513	2
3881	10515	2
3881	10677	1
3881	10678	1
3881	10803	1
3881	10866	1
3881	10900	1
3881	10950	1
3881	10990	1
3881	11078	1
3881	11132	1
3881	11234	9
3881	11237	1
3881	11240	3
3881	11288	2
3881	11307	1
3881	11361	1
3881	11424	3
3881	11425	3
3881	11491	3
3881	11492	1
3881	11517	1
3881	11539	2
3881	11575	1
3881	11734	1
3881	11777	4
3881	11820	1
3931	3974	2
3931	3989	1
3931	4052	2
3931	4242	2
3931	4249	1
3931	4287	1
3931	4417	1
3931	4683	3
3931	4729	2
3931	4743	1
3931	4775	1
3931	4828	1
3931	4992	1
3931	5382	2
3931	5484	1
3931	5488	1
3931	5503	1
3931	5530	3
3931	5533	2
3931	5732	2
3931	5854	1
3931	6044	1
3931	6134	1
3931	6329	2
3931	6582	1
3931	6836	2
3931	6839	1
3931	7094	1
3931	7097	2
3931	7150	1
3931	7528	2
3931	7530	1
3931	7574	1
3931	7767	1
3931	7867	1
3931	7966	1
3931	8138	1
3931	8143	2
3931	8166	1
3931	8475	1
3931	8605	1
3931	8722	1
3931	8723	1
3931	8851	1
3931	8918	1
3931	8974	1
3931	9163	1
3931	9252	1
3931	9254	1
3931	9260	1
3931	9284	3
3931	9719	1
3931	9995	1
3931	10027	1
3931	10072	1
3931	10374	1
3931	10444	1
3931	10499	1
3931	10512	1
3931	10621	1
3931	10677	2
3931	10803	1
3931	11021	1
3931	11026	1
3931	11077	1
3931	11234	1
3931	11240	2
3931	11492	2
3931	11502	1
3931	11517	1
3931	11791	1
3945	3974	1
3945	3989	1
3945	4050	1
3945	4117	1
3945	4285	3
3945	4287	3
3945	4288	2
3945	4367	3
3945	4519	2
3945	4525	3
3945	4664	2
3945	4710	1
3945	4775	1
3945	4832	1
3945	4991	1
3945	4992	1
3945	5302	6
3945	5488	1
3945	5530	1
3945	5854	1
3945	5855	1
3945	5882	1
3945	6044	1
3945	6311	1
3945	6371	1
3945	6444	1
3945	6827	1
3945	7119	1
3945	7341	1
3945	7342	1
3945	7396	3
3945	7438	2
3945	7528	1
3945	7664	1
3945	7771	1
3945	7809	1
3945	7867	1
3945	7973	1
3945	8030	1
3945	8373	2
3945	8374	2
3945	8851	1
3945	8857	2
3945	8918	1
3945	9226	1
3945	9482	1
3945	9487	1
3945	9597	2
3945	9614	2
3945	9900	1
3945	9920	2
3945	11240	1
3945	11791	2
3974	3989	3
3974	4008	2
3974	4017	2
3974	4052	1
3974	4117	1
3974	4242	2
3974	4243	1
3974	4247	1
3974	4285	1
3974	4287	1
3974	4367	1
3974	4411	1
3974	4430	2
3974	4436	2
3974	4519	1
3974	4525	1
3974	4683	4
3974	4710	1
3974	4729	3
3974	4792	1
3974	4992	1
3974	5249	1
3974	5302	3
3974	5382	3
3974	5488	2
3974	5530	3
3974	5533	2
3974	5732	2
3974	5854	1
3974	5994	1
3974	6011	1
3974	6077	1
3974	6134	1
3974	6166	3
3974	6170	2
3974	6209	1
3974	6371	1
3974	6427	1
3974	6437	1
3974	6444	1
3974	6463	1
3974	6531	2
3974	6532	2
3974	6827	1
3974	6836	2
3974	6839	2
3974	6966	2
3974	7094	1
3974	7097	1
3974	7150	1
3974	7172	1
3974	7342	1
3974	7438	1
3974	7457	1
3974	7528	1
3974	7664	1
3974	7700	1
3974	7767	1
3974	7878	1
3974	7954	1
3974	7966	1
3974	7973	1
3974	7986	1
3974	8143	3
3974	8147	2
3974	8362	1
3974	8773	1
3974	8849	1
3974	8851	3
3974	8974	1
3974	9223	1
3974	9226	1
3974	9284	1
3974	9719	1
3974	9920	1
3974	9995	1
3974	10010	1
3974	10374	1
3974	10444	2
3974	10460	1
3974	10499	2
3974	10514	2
3974	10621	2
3974	10866	1
3974	11234	2
3974	11240	1
3974	11307	1
3974	11424	4
3974	11425	1
3974	11517	2
3974	11575	1
3974	11791	1
3974	11820	1
3977	3980	1
3977	4017	1
3977	4050	1
3977	4052	2
3977	4242	1
3977	4411	3
3977	4485	1
3977	4683	7
3977	4710	4
3977	4729	7
3977	4736	1
3977	4828	2
3977	4991	1
3977	5207	4
3977	5332	3
3977	5378	1
3977	5382	5
3977	5410	5
3977	5484	3
3977	5488	7
3977	5530	13
3977	5533	8
3977	5594	2
3977	5623	3
3977	5683	1
3977	5732	5
3977	5854	6
3977	5855	2
3977	6134	4
3977	6209	2
3977	6288	5
3977	6292	2
3977	6311	2
3977	6324	2
3977	6329	10
3977	6595	1
3977	6681	1
3977	6707	1
3977	6836	1
3977	6852	5
3977	6930	2
3977	7004	4
3977	7094	4
3977	7097	11
3977	7098	3
3977	7143	1
3977	7144	1
3977	7150	1
3977	7172	1
3977	7524	1
3977	7528	1
3977	7698	1
3977	7867	3
3977	7973	1
3977	7986	1
3977	8038	4
3977	8039	1
3977	8060	1
3977	8138	1
3977	8143	1
3977	8147	4
3977	8166	2
3977	8167	2
3977	8351	1
3977	8385	1
3977	8574	1
3977	8605	4
3977	8624	1
3977	8673	2
3977	8699	3
3977	8701	2
3977	8722	2
3977	8723	4
3977	8801	2
3977	8851	2
3977	8918	1
3977	8974	7
3977	9029	1
3977	9079	1
3977	9122	1
3977	9163	5
3977	9254	1
3977	9256	1
3977	9258	1
3977	9260	1
3977	9284	13
3977	9417	1
3977	9501	1
3977	9531	1
3977	9533	1
3977	9579	1
3977	9700	1
3977	9701	1
3977	9806	1
3977	9995	2
3977	10027	2
3977	10072	4
3977	10342	4
3977	10460	3
3977	10487	1
3977	10515	1
3977	10556	1
3977	10677	11
3977	10678	2
3977	10731	2
3977	10734	2
3977	10803	1
3977	10900	2
3977	11021	1
3977	11026	1
3977	11079	2
3977	11132	1
3977	11234	11
3977	11237	1
3977	11240	6
3977	11288	2
3977	11307	2
3977	11361	2
3977	11491	3
3977	11492	2
3977	11536	1
3977	11539	1
3980	4052	1
3980	4729	1
3980	4828	1
3980	5086	1
3980	5207	1
3980	5332	1
3980	5410	2
3980	5488	1
3980	5530	2
3980	5533	3
3980	5623	1
3980	5732	2
3980	5854	1
3980	6134	2
3980	6329	1
3980	6681	1
3980	6838	1
3980	7094	1
3980	7097	2
3980	7098	1
3980	7609	1
3980	7730	1
3980	8166	1
3980	8476	2
3980	8605	1
3980	8624	1
3980	8673	1
3980	8723	2
3980	8974	1
3980	9284	3
3980	9700	2
3980	9701	2
3980	10072	1
3980	10342	1
3980	10677	3
3980	10995	2
3980	11077	1
3980	11079	2
3980	11234	1
3980	11240	1
3980	11424	2
3980	11425	2
3980	11491	1
3989	4008	1
3989	4249	1
3989	4430	1
3989	4436	1
3989	4664	1
3989	4729	1
3989	4775	3
3989	4792	1
3989	4991	1
3989	4992	1
3989	5302	4
3989	5382	2
3989	5488	1
3989	5530	1
3989	5732	1
3989	5994	1
3989	6166	1
3989	6170	2
3989	6371	3
3989	6444	1
3989	6463	1
3989	6836	2
3989	6839	1
3989	6896	1
3989	7341	2
3989	7342	2
3989	7434	1
3989	7528	1
3989	7664	2
3989	7767	2
3989	8030	2
3989	8143	2
3989	8166	1
3989	8362	2
3989	8605	1
3989	8672	1
3989	8851	3
3989	9069	1
3989	9135	1
3989	9226	1
3989	9258	1
3989	9292	1
3989	9482	1
3989	9719	1
3989	9804	1
3989	9995	2
3989	10374	1
3989	10621	3
3989	10803	1
3989	10866	1
3989	11240	1
3989	11307	1
3989	11424	2
3989	11575	2
3989	11791	2
3989	11820	2
4006	4052	1
4006	4242	1
4006	4243	1
4006	4247	1
4006	4411	1
4006	4417	1
4006	4683	4
4006	4710	2
4006	4729	2
4006	4828	1
4006	5181	1
4006	5217	2
4006	5302	1
4006	5382	2
4006	5488	2
4006	5530	2
4006	5533	2
4006	5594	1
4006	5663	1
4006	5732	2
4006	5854	5
4006	5855	1
4006	6087	1
4006	6134	2
4006	6170	1
4006	6288	1
4006	6329	1
4006	6532	1
4006	6836	1
4006	6839	1
4006	6966	1
4006	7172	1
4006	7457	1
4006	7722	1
4006	7947	2
4006	7966	1
4006	8038	1
4006	8351	1
4006	8475	1
4006	8605	2
4006	8672	1
4006	8673	3
4006	8723	1
4006	8851	1
4006	8974	3
4006	9284	3
4006	9700	3
4006	9701	1
4006	9995	2
4006	9998	1
4006	10027	1
4006	10072	1
4006	10444	1
4006	10503	1
4006	10556	4
4006	10557	2
4006	10559	2
4006	10561	2
4006	10709	3
4006	10921	1
4006	10949	2
4006	10950	1
4006	11079	1
4006	11234	3
4006	11240	4
4006	11307	1
4006	11424	1
4006	11456	1
4006	11539	1
4006	11698	2
4006	11777	1
4006	11820	1
4008	4052	2
4008	4117	1
4008	4242	1
4008	4285	1
4008	4287	1
4008	4411	1
4008	4417	1
4008	4644	1
4008	4683	2
4008	4710	2
4008	4729	1
4008	4736	1
4008	4743	1
4008	5382	6
4008	5488	2
4008	5530	5
4008	5533	2
4008	5656	1
4008	5731	2
4008	5732	1
4008	5793	2
4008	5794	1
4008	5834	1
4008	5854	1
4008	5994	1
4008	6077	1
4008	6134	1
4008	6170	1
4008	6288	1
4008	6292	1
4008	6311	1
4008	6324	1
4008	6329	1
4008	6342	1
4008	6427	1
4008	6437	1
4008	6463	3
4008	6508	1
4008	6531	1
4008	6532	1
4008	6836	2
4008	6839	1
4008	6852	1
4008	6966	1
4008	7094	4
4008	7097	2
4008	7150	1
4008	7342	1
4008	7730	1
4008	7986	3
4008	8143	1
4008	8147	3
4008	8166	1
4008	8204	1
4008	8244	2
4008	8362	1
4008	8672	1
4008	8722	1
4008	8974	1
4008	9135	2
4008	9258	1
4008	9284	5
4008	9700	1
4008	9719	2
4008	9806	1
4008	10011	1
4008	10072	1
4008	10342	1
4008	10374	3
4008	10444	1
4008	10460	1
4008	10499	1
4008	10514	1
4008	10515	1
4008	10621	1
4008	10677	1
4008	10803	1
4008	11021	1
4008	11045	1
4008	11079	1
4008	11234	2
4008	11240	1
4008	11307	2
4008	11424	1
4008	11491	1
4008	11517	1
4008	11539	1
4008	11575	1
4008	11734	1
4008	11820	4
4017	4117	1
4017	4242	1
4017	4243	1
4017	4247	1
4017	4285	1
4017	4287	1
4017	4683	2
4017	4710	2
4017	4729	1
4017	5181	1
4017	5302	1
4017	5378	1
4017	5382	4
4017	5484	1
4017	5488	3
4017	5530	3
4017	5533	3
4017	5683	1
4017	5732	1
4017	5793	1
4017	5854	1
4017	5855	1
4017	5918	1
4017	5920	1
4017	6011	1
4017	6134	1
4017	6166	1
4017	6324	1
4017	6329	1
4017	6896	1
4017	7094	1
4017	7097	2
4017	7119	1
4017	7132	1
4017	7172	1
4017	7438	1
4017	7524	1
4017	7528	1
4017	7700	1
4017	7767	2
4017	7867	1
4017	7878	1
4017	7947	1
4017	7954	1
4017	8039	1
4017	8147	2
4017	8385	1
4017	8605	1
4017	8773	1
4017	8851	1
4017	8919	1
4017	9223	1
4017	9258	1
4017	9284	3
4017	9998	1
4017	10010	1
4017	10460	1
4017	10487	1
4017	10514	1
4017	10677	1
4017	10678	2
4017	10990	1
4017	11234	2
4017	11240	1
4017	11361	1
4017	11424	1
4017	11491	1
4017	11734	1
4050	4052	1
4050	4242	1
4050	4285	1
4050	4286	2
4050	4519	1
4050	4664	1
4050	4729	1
4050	4775	1
4050	4792	1
4050	4803	1
4050	4828	1
4050	5302	1
4050	5382	1
4050	5488	1
4050	5533	1
4050	5769	1
4050	5855	1
4050	6170	1
4050	6324	1
4050	6371	1
4050	7434	1
4050	7436	1
4050	7664	1
4050	7698	1
4050	7771	1
4050	7809	1
4050	8147	1
4050	8373	2
4050	8374	1
4050	8378	1
4050	8380	1
4050	8672	1
4050	8773	1
4050	8974	3
4050	9135	1
4050	9226	1
4050	9246	1
4050	9260	1
4050	9284	2
4050	9614	1
4050	9920	1
4050	9995	1
4050	10011	1
4050	10460	1
4050	11234	2
4050	11237	1
4050	11288	2
4050	11491	1
4052	4242	13
4052	4243	1
4052	4247	1
4052	4249	3
4052	4253	1
4052	4285	2
4052	4286	1
4052	4287	3
4052	4411	3
4052	4417	1
4052	4430	2
4052	4436	2
4052	4644	3
4052	4683	21
4052	4710	8
4052	4729	19
4052	4736	2
4052	4743	6
4052	4828	3
4052	4959	1
4052	5086	1
4052	5217	1
4052	5302	3
4052	5332	1
4052	5378	1
4052	5382	20
4052	5410	11
4052	5484	3
4052	5487	1
4052	5488	21
4052	5530	14
4052	5533	10
4052	5538	1
4052	5562	1
4052	5594	1
4052	5623	2
4052	5656	1
4052	5663	6
4052	5664	1
4052	5683	1
4052	5732	8
4052	5769	1
4052	5792	1
4052	5793	2
4052	5854	8
4052	5855	2
4052	5918	1
4052	5994	1
4052	6014	2
4052	6044	2
4052	6054	1
4052	6087	1
4052	6134	3
4052	6170	1
4052	6288	5
4052	6292	2
4052	6311	2
4052	6324	4
4052	6329	7
4052	6342	1
4052	6427	1
4052	6531	1
4052	6532	1
4052	6681	1
4052	6707	1
4052	6750	1
4052	6827	1
4052	6836	5
4052	6839	2
4052	6852	2
4052	6910	2
4052	6966	1
4052	7004	5
4052	7094	10
4052	7097	10
4052	7119	1
4052	7132	1
4052	7143	3
4052	7144	2
4052	7150	4
4052	7172	5
4052	7342	2
4052	7434	1
4052	7436	1
4052	7524	2
4052	7528	3
4052	7530	2
4052	7698	4
4052	7700	1
4052	7722	1
4052	7730	1
4052	7767	2
4052	7809	1
4052	7954	1
4052	7956	1
4052	7966	5
4052	7986	2
4052	8030	1
4052	8038	8
4052	8138	2
4052	8143	2
4052	8147	10
4052	8166	1
4052	8204	1
4052	8315	1
4052	8351	2
4052	8373	1
4052	8378	1
4052	8605	1
4052	8624	2
4052	8672	3
4052	8673	2
4052	8699	2
4052	8701	2
4052	8722	5
4052	8723	6
4052	8801	1
4052	8849	1
4052	8851	8
4052	8918	2
4052	8919	1
4052	8974	18
4052	9029	1
4052	9079	3
4052	9122	1
4052	9135	7
4052	9163	2
4052	9252	2
4052	9254	1
4052	9258	1
4052	9260	3
4052	9284	24
4052	9531	2
4052	9614	1
4052	9700	3
4052	9806	1
4052	9920	3
4052	9995	8
4052	10027	5
4052	10072	3
4052	10118	4
4052	10342	4
4052	10374	1
4052	10444	2
4052	10460	10
4052	10487	1
4052	10499	6
4052	10503	2
4052	10512	2
4052	10513	1
4052	10514	2
4052	10515	2
4052	10677	9
4052	10731	1
4052	10734	2
4052	10766	1
4052	10803	4
4052	10900	1
4052	10921	2
4052	10990	1
4052	10995	2
4052	11021	1
4052	11045	2
4052	11077	1
4052	11078	1
4052	11079	1
4052	11132	1
4052	11234	29
4052	11237	1
4052	11240	16
4052	11288	10
4052	11307	10
4052	11361	1
4052	11424	3
4052	11425	1
4052	11491	5
4052	11492	3
4052	11517	1
4052	11536	1
4052	11539	12
4052	11698	1
4052	11734	1
4052	11777	2
4052	11820	1
4117	4242	1
4117	4274	1
4117	4285	5
4117	4286	2
4117	4287	7
4117	4288	2
4117	4411	1
4117	4519	2
4117	4525	1
4117	4664	1
4117	4683	2
4117	4710	2
4117	4803	1
4117	5181	1
4117	5382	2
4117	5410	1
4117	5488	1
4117	5530	3
4117	5533	2
4117	5594	1
4117	5683	1
4117	5834	1
4117	5854	2
4117	5855	2
4117	6077	1
4117	6134	1
4117	6166	1
4117	6311	1
4117	6437	2
4117	6531	1
4117	6532	2
4117	7094	2
4117	7097	1
4117	7396	2
4117	7771	2
4117	7809	2
4117	7867	1
4117	7947	2
4117	7986	1
4117	8039	1
4117	8147	2
4117	8166	1
4117	8373	1
4117	8374	2
4117	8378	1
4117	8605	1
4117	8857	1
4117	8919	1
4117	9135	1
4117	9284	3
4117	9487	2
4117	9614	2
4117	9920	1
4117	10444	1
4117	10487	1
4117	10584	1
4117	10678	1
4117	11086	2
4117	11234	2
4117	11240	2
4117	11361	1
4117	11456	1
4117	11517	1
4117	11575	1
4117	11734	1
4242	4243	1
4242	4247	5
4242	4249	6
4242	4253	1
4242	4285	1
4242	4287	3
4242	4367	2
4242	4411	4
4242	4417	1
4242	4430	1
4242	4436	1
4242	4465	2
4242	4479	2
4242	4485	1
4242	4519	1
4242	4644	1
4242	4664	1
4242	4683	26
4242	4710	14
4242	4729	14
4242	4736	1
4242	4743	2
4242	4828	3
4242	4959	2
4242	5022	2
4242	5302	3
4242	5332	2
4242	5378	1
4242	5382	31
4242	5410	4
4242	5484	6
4242	5487	2
4242	5488	16
4242	5503	1
4242	5530	22
4242	5533	19
4242	5538	1
4242	5562	4
4242	5656	1
4242	5663	1
4242	5683	3
4242	5732	10
4242	5769	1
4242	5794	1
4242	5796	1
4242	5854	12
4242	5855	3
4242	5902	1
4242	5918	6
4242	5920	6
4242	5994	7
4242	5995	3
4242	6011	1
4242	6014	2
4242	6044	3
4242	6054	1
4242	6077	1
4242	6134	5
4242	6166	1
4242	6209	1
4242	6288	2
4242	6292	2
4242	6311	3
4242	6324	2
4242	6329	9
4242	6342	1
4242	6427	2
4242	6437	1
4242	6531	2
4242	6532	2
4242	6582	1
4242	6681	1
4242	6707	2
4242	6749	3
4242	6750	4
4242	6836	1
4242	6839	1
4242	6852	2
4242	6896	2
4242	6910	1
4242	6930	1
4242	6966	4
4242	7004	5
4242	7094	9
4242	7097	7
4242	7098	2
4242	7119	7
4242	7132	6
4242	7143	1
4242	7144	5
4242	7150	6
4242	7172	5
4242	7341	1
4242	7342	2
4242	7434	2
4242	7436	1
4242	7524	2
4242	7528	3
4242	7530	1
4242	7664	1
4242	7698	7
4242	7700	4
4242	7730	1
4242	7767	4
4242	7867	1
4242	7878	2
4242	7947	1
4242	7954	1
4242	7956	2
4242	7966	5
4242	7973	1
4242	7986	4
4242	8019	1
4242	8030	1
4242	8038	4
4242	8039	1
4242	8138	1
4242	8143	4
4242	8147	18
4242	8166	2
4242	8167	1
4242	8351	1
4242	8371	1
4242	8373	3
4242	8374	2
4242	8385	2
4242	8387	3
4242	8475	1
4242	8476	2
4242	8605	2
4242	8624	2
4242	8672	2
4242	8673	1
4242	8699	1
4242	8722	4
4242	8723	7
4242	8849	2
4242	8851	5
4242	8918	3
4242	8919	1
4242	8939	5
4242	8974	6
4242	9029	1
4242	9069	1
4242	9079	4
4242	9135	3
4242	9163	1
4242	9246	1
4242	9252	2
4242	9254	1
4242	9260	4
4242	9284	22
4242	9292	1
4242	9487	2
4242	9501	1
4242	9531	2
4242	9579	1
4242	9597	1
4242	9700	1
4242	9719	1
4242	9920	6
4242	9995	17
4242	9998	6
4242	10027	8
4242	10072	2
4242	10118	2
4242	10342	1
4242	10444	2
4242	10460	6
4242	10487	1
4242	10499	5
4242	10503	1
4242	10512	4
4242	10513	1
4242	10514	2
4242	10515	3
4242	10556	1
4242	10677	10
4242	10678	1
4242	10734	1
4242	10803	4
4242	10866	2
4242	10900	3
4242	10921	1
4242	10950	3
4242	10990	2
4242	11021	1
4242	11026	1
4242	11045	2
4242	11077	3
4242	11078	2
4242	11132	2
4242	11234	19
4242	11237	2
4242	11240	12
4242	11288	3
4242	11307	3
4242	11361	1
4242	11424	7
4242	11425	3
4242	11491	3
4242	11492	4
4242	11517	2
4242	11536	1
4242	11539	4
4242	11575	1
4242	11698	1
4242	11734	1
4242	11777	6
4242	11820	1
4243	4247	1
4243	4683	1
4243	4710	1
4243	5022	1
4243	5302	1
4243	5382	3
4243	5530	1
4243	5533	1
4243	5732	1
4243	5854	1
4243	6011	2
4243	6166	1
4243	6427	1
4243	6616	1
4243	6749	1
4243	6750	1
4243	6966	1
4243	7172	1
4243	7438	1
4243	7698	1
4243	7700	1
4243	7767	1
4243	7954	1
4243	7966	1
4243	8672	1
4243	8673	1
4243	8773	1
4243	9069	1
4243	9223	1
4243	9284	2
4243	9995	1
4243	10010	1
4243	10118	1
4243	10514	1
4243	10556	1
4243	10557	1
4243	10559	1
4243	10561	1
4243	10677	1
4243	10709	1
4243	11045	1
4243	11132	2
4243	11234	1
4243	11424	2
4243	11698	1
4243	11777	1
4247	4249	4
4247	4287	1
4247	4479	1
4247	4683	1
4247	4710	1
4247	4992	1
4247	5022	1
4247	5302	2
4247	5382	3
4247	5488	1
4247	5503	1
4247	5533	2
4247	5656	1
4247	5854	1
4247	5918	1
4247	5920	1
4247	5995	2
4247	6011	1
4247	6014	1
4247	6166	1
4247	6749	2
4247	6750	1
4247	6827	1
4247	7094	1
4247	7098	1
4247	7115	1
4247	7144	1
4247	7172	1
4247	7351	1
4247	7438	1
4247	7574	1
4247	7664	1
4247	7698	2
4247	7700	2
4247	7730	1
4247	7767	2
4247	7867	1
4247	7954	2
4247	7966	1
4247	8147	1
4247	8475	1
4247	8476	1
4247	8672	1
4247	8773	1
4247	8851	1
4247	9223	1
4247	9995	3
4247	9998	2
4247	10010	1
4247	10512	2
4247	10513	1
4247	10514	2
4247	10556	1
4247	10866	1
4247	10950	1
4247	11026	1
4247	11045	1
4247	11234	1
4247	11240	1
4247	11288	1
4247	11424	1
4247	11575	1
4247	11698	1
4247	11777	1
4249	4287	1
4249	4411	1
4249	4465	1
4249	4683	4
4249	4710	4
4249	4729	2
4249	4743	1
4249	4992	1
4249	5022	3
4249	5087	1
4249	5181	1
4249	5302	3
4249	5382	12
4249	5488	2
4249	5530	3
4249	5533	3
4249	5538	1
4249	5732	1
4249	5796	1
4249	5902	1
4249	5918	3
4249	5920	2
4249	5994	1
4249	6427	1
4249	6749	1
4249	6750	2
4249	6827	1
4249	6836	1
4249	6838	1
4249	7094	1
4249	7097	2
4249	7115	1
4249	7119	1
4249	7132	1
4249	7172	1
4249	7342	1
4249	7351	1
4249	7434	1
4249	7436	1
4249	7528	4
4249	7530	1
4249	7574	1
4249	7664	1
4249	7698	4
4249	7700	2
4249	7767	3
4249	7954	1
4249	7986	1
4249	8030	2
4249	8138	1
4249	8143	1
4249	8147	5
4249	8373	1
4249	8387	1
4249	8722	1
4249	8723	2
4249	8851	2
4249	8974	1
4249	9069	1
4249	9135	2
4249	9258	1
4249	9284	4
4249	9920	1
4249	9995	6
4249	9998	2
4249	10072	1
4249	10460	1
4249	10499	1
4249	10512	2
4249	10514	1
4249	10621	1
4249	10677	1
4249	11234	4
4249	11237	1
4249	11240	1
4249	11288	2
4249	11307	1
4249	11424	1
4249	11491	1
4249	11492	1
4249	11536	1
4249	11539	1
4249	11575	1
4253	4683	5
4253	4710	3
4253	4729	3
4253	4959	1
4253	5022	2
4253	5207	1
4253	5217	1
4253	5382	4
4253	5410	2
4253	5488	1
4253	5503	1
4253	5530	4
4253	5533	4
4253	5606	1
4253	5663	1
4253	5683	1
4253	5794	1
4253	5854	3
4253	5855	2
4253	6011	2
4253	6044	1
4253	6134	2
4253	6288	1
4253	6508	1
4253	6582	1
4253	6750	1
4253	6827	1
4253	6930	1
4253	7094	1
4253	7097	1
4253	7524	1
4253	7698	2
4253	7700	1
4253	7867	1
4253	7966	1
4253	7986	1
4253	8138	1
4253	8143	2
4253	8147	1
4253	8387	2
4253	8475	1
4253	8476	1
4253	8605	1
4253	8722	1
4253	8723	2
4253	8851	1
4253	8974	2
4253	9029	1
4253	9135	1
4253	9163	1
4253	9284	5
4253	9533	1
4253	9700	1
4253	9701	1
4253	9806	1
4253	9995	2
4253	10027	3
4253	10072	1
4253	10342	1
4253	10460	1
4253	10499	1
4253	10503	1
4253	10512	1
4253	10513	1
4253	10515	1
4253	10731	1
4253	11078	1
4253	11079	1
4253	11234	3
4253	11237	1
4253	11240	3
4253	11307	1
4253	11536	1
4253	11777	1
4274	4285	2
4274	4286	3
4274	4287	6
4274	4288	1
4274	4779	1
4274	4792	1
4274	4992	1
4274	5302	4
4274	5838	1
4274	5918	1
4274	6011	1
4274	6134	1
4274	6166	1
4274	6531	1
4274	6532	3
4274	6836	1
4274	6838	1
4274	6966	1
4274	7115	1
4274	7396	1
4274	7436	1
4274	7574	1
4274	7698	1
4274	7771	1
4274	7809	4
4274	8060	1
4274	8371	1
4274	8374	1
4274	8918	1
4274	9487	1
4274	9614	5
4274	10010	1
4274	10512	1
4274	10515	1
4274	11424	2
4285	4286	7
4285	4287	12
4285	4288	5
4285	4367	2
4285	4519	3
4285	4525	4
4285	4644	1
4285	4664	1
4285	4683	1
4285	4710	3
4285	4729	1
4285	4775	1
4285	4779	2
4285	4792	1
4285	5181	1
4285	5302	7
4285	5382	3
4285	5410	1
4285	5488	1
4285	5530	3
4285	5533	2
4285	5683	2
4285	5769	1
4285	5808	1
4285	5834	1
4285	5838	1
4285	5854	2
4285	5855	3
4285	6077	2
4285	6166	1
4285	6170	1
4285	6311	1
4285	6324	1
4285	6342	1
4285	6371	1
4285	6463	1
4285	6531	2
4285	6532	1
4285	6838	1
4285	7094	2
4285	7097	1
4285	7144	1
4285	7396	4
4285	7434	1
4285	7436	1
4285	7438	2
4285	7664	4
4285	7698	1
4285	7771	1
4285	7809	7
4285	7867	1
4285	7947	1
4285	7954	1
4285	7973	1
4285	7986	1
4285	8038	1
4285	8039	2
4285	8147	2
4285	8166	1
4285	8351	1
4285	8362	1
4285	8371	1
4285	8373	2
4285	8374	3
4285	8673	1
4285	8857	3
4285	8918	2
4285	8919	2
4285	8974	1
4285	9135	2
4285	9226	2
4285	9284	3
4285	9487	3
4285	9597	1
4285	9614	6
4285	9719	1
4285	9920	2
4285	10010	2
4285	10374	1
4285	10487	2
4285	10584	2
4285	10678	1
4285	10803	1
4285	10900	1
4285	11086	1
4285	11234	3
4285	11240	2
4285	11288	1
4285	11361	1
4285	11734	1
4286	4287	9
4286	4288	3
4286	4367	1
4286	4519	2
4286	4644	1
4286	4683	1
4286	4729	1
4286	4775	1
4286	4779	1
4286	4803	2
4286	4832	1
4286	5302	4
4286	5382	1
4286	5410	1
4286	5488	2
4286	5530	1
4286	5769	1
4286	5796	1
4286	5808	1
4286	5834	1
4286	5855	1
4286	5918	1
4286	6077	1
4286	6166	1
4286	6170	1
4286	6324	1
4286	6371	1
4286	6531	1
4286	7094	1
4286	7119	1
4286	7434	1
4286	7436	2
4286	7438	1
4286	7664	3
4286	7700	1
4286	7771	2
4286	7809	7
4286	7928	1
4286	7954	1
4286	8147	1
4286	8166	1
4286	8362	1
4286	8373	2
4286	8378	1
4286	8380	1
4286	8773	1
4286	8974	1
4286	9135	1
4286	9226	1
4286	9284	1
4286	9614	7
4286	10011	1
4286	10584	1
4286	11086	1
4286	11234	3
4286	11240	1
4286	11288	1
4286	11424	1
4287	4288	6
4287	4411	3
4287	4479	1
4287	4519	2
4287	4525	2
4287	4644	1
4287	4664	1
4287	4683	7
4287	4710	9
4287	4729	4
4287	4736	1
4287	4775	2
4287	4779	2
4287	4792	1
4287	4803	4
4287	4832	2
4287	4959	2
4287	4992	3
4287	5087	1
4287	5181	1
4287	5302	10
4287	5378	1
4287	5382	9
4287	5410	3
4287	5484	1
4287	5488	7
4287	5530	9
4287	5533	4
4287	5594	2
4287	5623	1
4287	5663	1
4287	5683	2
4287	5732	4
4287	5769	1
4287	5796	1
4287	5808	2
4287	5834	5
4287	5838	5
4287	5854	6
4287	5855	4
4287	5882	1
4287	5902	1
4287	5918	1
4287	6011	1
4287	6014	1
4287	6044	2
4287	6077	4
4287	6134	2
4287	6166	1
4287	6288	4
4287	6292	1
4287	6311	1
4287	6329	4
4287	6342	1
4287	6437	6
4287	6531	8
4287	6532	14
4287	6749	1
4287	6836	2
4287	6838	2
4287	6910	3
4287	6966	2
4287	7004	3
4287	7094	3
4287	7097	2
4287	7115	2
4287	7119	1
4287	7143	1
4287	7172	1
4287	7351	1
4287	7396	3
4287	7436	2
4287	7438	2
4287	7524	1
4287	7528	1
4287	7574	2
4287	7577	1
4287	7664	3
4287	7698	3
4287	7700	1
4287	7730	1
4287	7767	1
4287	7771	4
4287	7809	10
4287	7867	1
4287	7928	2
4287	7947	3
4287	7954	2
4287	7986	1
4287	8018	1
4287	8038	2
4287	8039	3
4287	8060	4
4287	8147	6
4287	8166	2
4287	8167	1
4287	8362	1
4287	8371	1
4287	8373	3
4287	8374	4
4287	8378	3
4287	8385	2
4287	8574	2
4287	8605	3
4287	8624	1
4287	8672	1
4287	8673	3
4287	8699	1
4287	8722	2
4287	8723	1
4287	8851	6
4287	8857	5
4287	8918	7
4287	8919	3
4287	8974	3
4287	9079	1
4287	9135	2
4287	9223	1
4287	9226	1
4287	9246	1
4287	9258	2
4287	9260	2
4287	9284	8
4287	9417	1
4287	9482	2
4287	9487	3
4287	9579	1
4287	9614	8
4287	9700	3
4287	9719	1
4287	9806	1
4287	9920	1
4287	9995	1
4287	10010	1
4287	10011	1
4287	10027	3
4287	10072	1
4287	10118	1
4287	10342	1
4287	10374	1
4287	10444	1
4287	10460	1
4287	10487	2
4287	10499	2
4287	10512	2
4287	10515	1
4287	10556	1
4287	10561	1
4287	10584	3
4287	10677	3
4287	10678	2
4287	10734	1
4287	10900	2
4287	10921	1
4287	10949	2
4287	10990	1
4287	11045	1
4287	11077	1
4287	11086	5
4287	11178	1
4287	11234	6
4287	11240	7
4287	11288	2
4287	11361	5
4287	11424	2
4287	11425	1
4287	11456	3
4287	11491	4
4287	11517	1
4287	11539	1
4287	11575	2
4287	11647	1
4287	11734	1
4287	11777	1
4287	11791	2
4287	11820	1
4288	4519	1
4288	4525	2
4288	4664	1
4288	4775	1
4288	4779	1
4288	5302	2
4288	5530	2
4288	5834	1
4288	5854	1
4288	6166	1
4288	6311	1
4288	7396	1
4288	7438	2
4288	7664	1
4288	7771	1
4288	7809	4
4288	7954	1
4288	8373	2
4288	8374	1
4288	8857	3
4288	8918	1
4288	9487	1
4288	9614	3
4288	9920	1
4367	4519	2
4367	4525	1
4367	4664	1
4367	4775	1
4367	5022	1
4367	5302	7
4367	5382	1
4367	5488	1
4367	5530	1
4367	5794	1
4367	5882	1
4367	6166	1
4367	6311	1
4367	6329	1
4367	6371	1
4367	6616	1
4367	7119	1
4367	7341	1
4367	7342	1
4367	7396	1
4367	7434	1
4367	7436	1
4367	7528	1
4367	7530	1
4367	7664	4
4367	7700	1
4367	7973	1
4367	8362	2
4367	8371	1
4367	8373	2
4367	8374	1
4367	8722	1
4367	9226	2
4367	9487	1
4367	9597	3
4367	9614	1
4367	9920	1
4367	10010	1
4367	10584	1
4367	11424	1
4367	11791	1
4411	4417	1
4411	4465	1
4411	4476	1
4411	4479	1
4411	4485	1
4411	4683	13
4411	4710	7
4411	4729	10
4411	4743	1
4411	4828	1
4411	5181	1
4411	5207	1
4411	5249	1
4411	5332	2
4411	5378	1
4411	5382	6
4411	5410	1
4411	5484	2
4411	5488	11
4411	5503	1
4411	5530	12
4411	5533	7
4411	5538	1
4411	5594	1
4411	5606	1
4411	5623	1
4411	5663	1
4411	5664	2
4411	5732	5
4411	5792	1
4411	5793	1
4411	5794	1
4411	5796	1
4411	5854	8
4411	5855	1
4411	5995	1
4411	6011	1
4411	6014	1
4411	6044	2
4411	6054	1
4411	6077	1
4411	6087	3
4411	6134	3
4411	6209	1
4411	6288	7
4411	6292	1
4411	6311	1
4411	6324	1
4411	6329	7
4411	6427	1
4411	6437	1
4411	6531	2
4411	6532	2
4411	6749	1
4411	6836	3
4411	6852	1
4411	6910	1
4411	6930	1
4411	6966	1
4411	7004	3
4411	7094	5
4411	7097	6
4411	7115	1
4411	7119	2
4411	7143	1
4411	7150	1
4411	7172	2
4411	7341	1
4411	7342	1
4411	7434	1
4411	7457	1
4411	7577	1
4411	7664	1
4411	7698	1
4411	7700	1
4411	7767	1
4411	7867	3
4411	7947	1
4411	7966	1
4411	7986	1
4411	8018	1
4411	8030	1
4411	8038	3
4411	8138	1
4411	8143	4
4411	8147	3
4411	8166	1
4411	8167	1
4411	8373	2
4411	8605	1
4411	8672	3
4411	8673	6
4411	8699	4
4411	8701	2
4411	8723	1
4411	8851	4
4411	8918	3
4411	8919	1
4411	8974	8
4411	9029	1
4411	9079	1
4411	9122	1
4411	9163	3
4411	9260	1
4411	9284	10
4411	9700	5
4411	9701	2
4411	9995	2
4411	10027	4
4411	10072	1
4411	10118	1
4411	10444	3
4411	10460	1
4411	10499	2
4411	10515	3
4411	10556	2
4411	10559	2
4411	10561	1
4411	10621	1
4411	10677	5
4411	10709	2
4411	10731	1
4411	10766	1
4411	10900	2
4411	10921	1
4411	10949	1
4411	10990	1
4411	11021	1
4411	11026	1
4411	11045	1
4411	11077	1
4411	11234	11
4411	11240	11
4411	11288	3
4411	11307	1
4411	11361	1
4411	11425	2
4411	11517	1
4411	11536	1
4411	11539	4
4411	11575	1
4411	11777	2
4411	11820	1
4417	4683	2
4417	4710	1
4417	4729	3
4417	4736	1
4417	4743	1
4417	4775	1
4417	5181	1
4417	5382	1
4417	5488	3
4417	5530	2
4417	5533	3
4417	5538	1
4417	5656	1
4417	5683	1
4417	5732	3
4417	5793	1
4417	5854	1
4417	6011	1
4417	6087	1
4417	6288	1
4417	6292	1
4417	6324	1
4417	6329	2
4417	6342	1
4417	6427	1
4417	6749	1
4417	6836	2
4417	6852	2
4417	7094	1
4417	7097	2
4417	7115	1
4417	7150	1
4417	7342	1
4417	7457	1
4417	7574	1
4417	7730	1
4417	7947	1
4417	7966	1
4417	8147	1
4417	8166	2
4417	8204	1
4417	8672	1
4417	8673	1
4417	8722	1
4417	8723	1
4417	8849	1
4417	8851	1
4417	8974	2
4417	9135	2
4417	9284	3
4417	9700	1
4417	9719	2
4417	9806	1
4417	10072	1
4417	10342	1
4417	10374	1
4417	10460	1
4417	10503	1
4417	10514	1
4417	10515	1
4417	10677	3
4417	10709	1
4417	10766	1
4417	10803	1
4417	10949	1
4417	11021	1
4417	11045	1
4417	11079	1
4417	11234	3
4417	11240	4
4417	11307	1
4417	11425	1
4417	11492	1
4417	11539	1
4417	11734	1
4417	11820	2
4430	4436	6
4430	4465	1
4430	4644	1
4430	4683	5
4430	4729	3
4430	4743	1
4430	5302	1
4430	5332	1
4430	5382	1
4430	5410	1
4430	5488	3
4430	5530	2
4430	5533	1
4430	5663	1
4430	5683	1
4430	5732	1
4430	5793	1
4430	5794	1
4430	6209	1
4430	6292	1
4430	6329	2
4430	6427	1
4430	6508	1
4430	6531	1
4430	6532	1
4430	6836	3
4430	6839	1
4430	6896	1
4430	7004	1
4430	7094	1
4430	7097	2
4430	7143	2
4430	7150	1
4430	7341	1
4430	7342	2
4430	7457	2
4430	7524	1
4430	7867	1
4430	7878	1
4430	7956	1
4430	7966	1
4430	7986	1
4430	8030	1
4430	8038	1
4430	8143	3
4430	8147	2
4430	8672	1
4430	8773	1
4430	8849	2
4430	8851	4
4430	8974	1
4430	9079	1
4430	9135	1
4430	9284	1
4430	9292	1
4430	9995	1
4430	10460	4
4430	10499	1
4430	10866	1
4430	11078	1
4430	11234	2
4430	11240	3
4430	11288	1
4430	11424	1
4430	11425	1
4430	11492	1
4430	11539	2
4430	11777	1
4436	4683	5
4436	4729	3
4436	4743	1
4436	5302	1
4436	5332	1
4436	5382	1
4436	5410	1
4436	5488	3
4436	5530	2
4436	5533	1
4436	5663	1
4436	5683	1
4436	5732	1
4436	6209	1
4436	6292	1
4436	6329	2
4436	6427	1
4436	6531	1
4436	6532	1
4436	6836	3
4436	6839	1
4436	6896	1
4436	7004	1
4436	7094	1
4436	7097	2
4436	7143	2
4436	7150	1
4436	7341	1
4436	7342	2
4436	7457	2
4436	7524	1
4436	7867	1
4436	7878	1
4436	7956	1
4436	7966	1
4436	7986	1
4436	8030	1
4436	8038	1
4436	8143	3
4436	8147	2
4436	8672	1
4436	8849	2
4436	8851	3
4436	8974	1
4436	9079	1
4436	9135	1
4436	9284	1
4436	9292	1
4436	9995	1
4436	10460	4
4436	10499	1
4436	10866	1
4436	11078	1
4436	11234	2
4436	11240	3
4436	11288	1
4436	11425	1
4436	11492	1
4436	11539	2
4436	11777	1
4465	4476	1
4465	4644	3
4465	4710	1
4465	4729	1
4465	4832	1
4465	5302	1
4465	5382	2
4465	5488	1
4465	5530	2
4465	5533	1
4465	5538	1
4465	5732	1
4465	5769	1
4465	5793	2
4465	5794	1
4465	5994	1
4465	6324	1
4465	6329	2
4465	6427	1
4465	6508	2
4465	6595	1
4465	6836	1
4465	7172	1
4465	7341	1
4465	7434	1
4465	7436	1
4465	7698	1
4465	7700	1
4465	7767	1
4465	7771	1
4465	8019	4
4465	8143	1
4465	8147	1
4465	8371	2
4465	8373	1
4465	8374	2
4465	8723	1
4465	8773	1
4465	8851	3
4465	8974	2
4465	9284	1
4465	9487	1
4465	9920	1
4465	10342	1
4465	10499	1
4465	10866	1
4465	11234	1
4465	11240	1
4465	11424	1
4465	11492	1
4471	4476	3
4471	4683	1
4471	4710	1
4471	4792	1
4471	4803	2
4471	5792	3
4471	5794	1
4471	6508	1
4471	6595	1
4471	6836	1
4471	7341	1
4471	7342	2
4471	7457	1
4471	7928	2
4471	8018	2
4471	8030	1
4471	8143	1
4471	8974	1
4471	9292	1
4471	10866	1
4476	4479	1
4476	4485	1
4476	4519	1
4476	4525	1
4476	4644	1
4476	4683	2
4476	4710	1
4476	4729	2
4476	4792	1
4476	4803	2
4476	5249	1
4476	5302	1
4476	5488	1
4476	5530	1
4476	5792	3
4476	5793	2
4476	5794	1
4476	5796	1
4476	5855	1
4476	6011	1
4476	6324	1
4476	6329	1
4476	6444	1
4476	6508	1
4476	6616	1
4476	6836	2
4476	6910	1
4476	7115	1
4476	7119	1
4476	7341	3
4476	7342	3
4476	7438	1
4476	7664	1
4476	7767	1
4476	7928	2
4476	8018	4
4476	8019	1
4476	8030	3
4476	8143	1
4476	8373	2
4476	8851	1
4476	8857	1
4476	8974	1
4476	9995	1
4476	10010	1
4476	10342	1
4476	10515	1
4476	10621	1
4476	10766	1
4476	10866	1
4476	11234	1
4476	11425	1
4476	11777	1
4479	4485	3
4479	4683	4
4479	4710	2
4479	4729	1
4479	5086	1
4479	5087	1
4479	5249	1
4479	5332	1
4479	5382	2
4479	5484	1
4479	5488	3
4479	5530	2
4479	5538	1
4479	5594	1
4479	5792	1
4479	5793	1
4479	5794	1
4479	5796	1
4479	5854	2
4479	5995	1
4479	6011	1
4479	6077	1
4479	6324	1
4479	6749	1
4479	6836	1
4479	7115	1
4479	7119	1
4479	7144	2
4479	7341	2
4479	7342	2
4479	7664	1
4479	7767	1
4479	7771	1
4479	8018	1
4479	8030	1
4479	8147	1
4479	8373	1
4479	8605	1
4479	8851	1
4479	9135	1
4479	9252	1
4479	9292	1
4479	9579	1
4479	9995	1
4479	10011	1
4479	10027	1
4479	10499	1
4479	10513	1
4479	10515	1
4479	10621	1
4479	10677	1
4479	10766	1
4479	10866	3
4479	11234	3
4479	11425	1
4479	11492	2
4479	11734	1
4479	11777	3
4485	4683	3
4485	4710	3
4485	4729	2
4485	4736	2
4485	5086	1
4485	5087	1
4485	5249	1
4485	5382	1
4485	5410	1
4485	5484	1
4485	5488	2
4485	5530	1
4485	5533	2
4485	5538	1
4485	5594	2
4485	5683	1
4485	5732	2
4485	5792	1
4485	5793	1
4485	5794	1
4485	5796	1
4485	5854	3
4485	5855	1
4485	6011	1
4485	6134	1
4485	6292	1
4485	6324	2
4485	6329	1
4485	6707	1
4485	6836	1
4485	6930	1
4485	7004	1
4485	7097	1
4485	7098	1
4485	7115	1
4485	7119	1
4485	7143	1
4485	7144	1
4485	7341	1
4485	7342	1
4485	7664	1
4485	7767	1
4485	7973	1
4485	7986	1
4485	8018	1
4485	8030	1
4485	8038	2
4485	8039	1
4485	8147	1
4485	8166	1
4485	8167	1
4485	8373	1
4485	8723	1
4485	8851	1
4485	8918	1
4485	8974	1
4485	9284	1
4485	9579	1
4485	9995	1
4485	10027	1
4485	10460	1
4485	10487	1
4485	10515	1
4485	10621	1
4485	10677	1
4485	10678	1
4485	10766	1
4485	10900	1
4485	11132	1
4485	11234	2
4485	11240	2
4485	11425	1
4485	11491	1
4485	11502	1
4485	11777	1
4519	4525	3
4519	4664	2
4519	4683	1
4519	4803	1
4519	5022	1
4519	5302	3
4519	5382	1
4519	5410	1
4519	5488	1
4519	5530	1
4519	5854	1
4519	5855	1
4519	6166	1
4519	6311	1
4519	6329	1
4519	6371	2
4519	6444	1
4519	7094	1
4519	7119	1
4519	7341	1
4519	7342	2
4519	7396	1
4519	7438	1
4519	7664	3
4519	7809	1
4519	7973	1
4519	8030	1
4519	8166	1
4519	8373	3
4519	8374	2
4519	8378	1
4519	8380	1
4519	8722	1
4519	8773	1
4519	8857	2
4519	9135	1
4519	9226	1
4519	9284	1
4519	9487	2
4519	9597	1
4519	9614	1
4519	9920	2
4519	10010	1
4519	10011	1
4519	10584	1
4519	11234	1
4519	11240	1
4519	11424	1
4525	4664	1
4525	5302	3
4525	5530	1
4525	5854	1
4525	6077	1
4525	6311	1
4525	6371	1
4525	6444	1
4525	7342	1
4525	7396	2
4525	7438	2
4525	7664	1
4525	7809	1
4525	7973	1
4525	8030	1
4525	8373	2
4525	8374	1
4525	8857	3
4525	8918	1
4525	9226	1
4525	9487	2
4525	9614	1
4525	9920	2
4525	10010	1
4644	4683	2
4644	4729	2
4644	5382	3
4644	5410	2
4644	5488	3
4644	5530	5
4644	5533	1
4644	5562	1
4644	5731	1
4644	5792	1
4644	5793	4
4644	5794	2
4644	6324	1
4644	6329	5
4644	6508	3
4644	6595	1
4644	6852	1
4644	7094	4
4644	7097	2
4644	7143	2
4644	7150	1
4644	7172	1
4644	7341	1
4644	7698	1
4644	7767	1
4644	7809	1
4644	7954	1
4644	7966	3
4644	8019	2
4644	8030	1
4644	8138	1
4644	8147	4
4644	8244	1
4644	8624	2
4644	8672	1
4644	8722	1
4644	8723	2
4644	8773	1
4644	8851	5
4644	8918	1
4644	8939	1
4644	8974	1
4644	9079	1
4644	9226	1
4644	9252	1
4644	9284	5
4644	9531	3
4644	9920	2
4644	9995	2
4644	10118	1
4644	10342	3
4644	10499	1
4644	10512	2
4644	10515	1
4644	10677	1
4644	11077	1
4644	11234	2
4644	11240	1
4644	11288	1
4644	11307	2
4644	11424	3
4644	11491	1
4644	11492	2
4644	11539	1
4664	4729	2
4664	4775	1
4664	4832	1
4664	4991	1
4664	5022	1
4664	5249	1
4664	5302	3
4664	5382	1
4664	5796	1
4664	5854	2
4664	6166	1
4664	6311	1
4664	6329	1
4664	6371	1
4664	6444	1
4664	6531	1
4664	6836	2
4664	6839	1
4664	7115	1
4664	7119	1
4664	7341	3
4664	7342	3
4664	7396	1
4664	7434	1
4664	7528	2
4664	7530	1
4664	7664	2
4664	7767	1
4664	7771	1
4664	7809	1
4664	8030	2
4664	8204	1
4664	8362	1
4664	8371	1
4664	8373	2
4664	8374	3
4664	8722	1
4664	8857	1
4664	9069	1
4664	9487	2
4664	9597	1
4664	9614	1
4664	9804	1
4664	9920	1
4664	10027	1
4664	10584	1
4664	10621	2
4664	10866	1
4664	11424	1
4664	11517	1
4664	11575	2
4664	11791	2
4683	4710	46
4683	4729	53
4683	4736	7
4683	4743	11
4683	4775	2
4683	4779	2
4683	4803	1
4683	4828	6
4683	4959	2
4683	5022	3
4683	5086	11
4683	5087	6
4683	5089	4
4683	5181	2
4683	5207	3
4683	5217	3
4683	5302	2
4683	5332	8
4683	5382	41
4683	5410	17
4683	5484	8
4683	5487	1
4683	5488	40
4683	5503	4
4683	5530	63
4683	5533	42
4683	5538	4
4683	5562	4
4683	5594	9
4683	5606	1
4683	5623	1
4683	5655	1
4683	5656	1
4683	5663	7
4683	5664	2
4683	5683	2
4683	5731	1
4683	5732	23
4683	5792	2
4683	5793	4
4683	5794	2
4683	5796	3
4683	5808	3
4683	5834	4
4683	5838	1
4683	5854	46
4683	5855	14
4683	5902	3
4683	5918	3
4683	5994	3
4683	6011	3
4683	6014	2
4683	6044	10
4683	6054	2
4683	6077	2
4683	6087	5
4683	6134	16
4683	6170	1
4683	6209	4
4683	6288	14
4683	6292	7
4683	6311	5
4683	6324	5
4683	6329	30
4683	6342	2
4683	6427	4
4683	6437	1
4683	6508	1
4683	6531	3
4683	6532	5
4683	6582	2
4683	6595	1
4683	6616	2
4683	6681	1
4683	6707	2
4683	6750	3
4683	6836	7
4683	6838	3
4683	6839	3
4683	6852	7
4683	6896	2
4683	6910	7
4683	6930	4
4683	6966	5
4683	7004	10
4683	7094	22
4683	7097	22
4683	7119	6
4683	7143	3
4683	7144	3
4683	7150	8
4683	7172	7
4683	7341	1
4683	7342	4
4683	7351	1
4683	7436	1
4683	7457	4
4683	7524	3
4683	7528	5
4683	7530	2
4683	7577	1
4683	7609	1
4683	7698	7
4683	7700	6
4683	7722	1
4683	7730	2
4683	7767	3
4683	7771	1
4683	7867	13
4683	7878	3
4683	7928	1
4683	7947	4
4683	7954	1
4683	7956	3
4683	7966	6
4683	7986	5
4683	8018	2
4683	8030	1
4683	8038	12
4683	8060	2
4683	8138	4
4683	8143	14
4683	8147	25
4683	8166	9
4683	8167	2
4683	8204	3
4683	8315	5
4683	8351	2
4683	8373	1
4683	8378	4
4683	8380	2
4683	8385	1
4683	8387	2
4683	8475	3
4683	8476	2
4683	8574	3
4683	8605	8
4683	8672	2
4683	8673	8
4683	8699	4
4683	8701	4
4683	8722	7
4683	8723	18
4683	8801	1
4683	8849	3
4683	8851	21
4683	8857	1
4683	8918	4
4683	8919	1
4683	8939	1
4683	8974	22
4683	9029	3
4683	9079	6
4683	9122	2
4683	9135	8
4683	9163	7
4683	9246	1
4683	9252	3
4683	9254	1
4683	9258	1
4683	9260	5
4683	9284	60
4683	9482	1
4683	9501	1
4683	9531	2
4683	9533	1
4683	9579	1
4683	9700	9
4683	9701	2
4683	9806	4
4683	9920	2
4683	9995	18
4683	9998	3
4683	10011	1
4683	10027	39
4683	10072	19
4683	10118	3
4683	10342	3
4683	10374	1
4683	10444	6
4683	10460	12
4683	10487	1
4683	10499	13
4683	10503	1
4683	10512	5
4683	10513	3
4683	10514	2
4683	10515	6
4683	10556	2
4683	10559	1
4683	10561	1
4683	10584	2
4683	10677	25
4683	10678	2
4683	10709	2
4683	10731	4
4683	10734	4
4683	10766	6
4683	10803	7
4683	10866	2
4683	10900	3
4683	10921	5
4683	10949	2
4683	10950	3
4683	10990	7
4683	10995	2
4683	11021	3
4683	11045	5
4683	11077	2
4683	11078	4
4683	11079	5
4683	11178	1
4683	11234	47
4683	11237	4
4683	11240	49
4683	11288	6
4683	11307	5
4683	11361	3
4683	11424	11
4683	11425	5
4683	11491	3
4683	11492	13
4683	11502	7
4683	11517	4
4683	11536	4
4683	11539	12
4683	11575	1
4683	11647	1
4683	11698	1
4683	11734	4
4683	11777	6
4683	11820	3
4710	4729	25
4710	4736	4
4710	4743	2
4710	4775	1
4710	4779	2
4710	4803	1
4710	4828	2
4710	4991	1
4710	4992	1
4710	5022	3
4710	5086	5
4710	5087	3
4710	5089	2
4710	5181	3
4710	5217	2
4710	5302	2
4710	5332	2
4710	5378	1
4710	5382	21
4710	5410	10
4710	5484	4
4710	5488	15
4710	5530	30
4710	5533	29
4710	5538	3
4710	5562	4
4710	5594	4
4710	5623	2
4710	5656	1
4710	5663	3
4710	5683	3
4710	5732	17
4710	5792	1
4710	5793	1
4710	5796	2
4710	5808	3
4710	5834	4
4710	5854	34
4710	5855	11
4710	5902	2
4710	5918	1
4710	5994	1
4710	5995	2
4710	6011	1
4710	6014	1
4710	6044	6
4710	6077	1
4710	6087	4
4710	6134	8
4710	6288	9
4710	6292	4
4710	6311	3
4710	6324	4
4710	6329	14
4710	6342	3
4710	6427	2
4710	6437	1
4710	6531	4
4710	6532	5
4710	6582	1
4710	6595	1
4710	6616	1
4710	6707	2
4710	6749	2
4710	6750	1
4710	6827	1
4710	6836	2
4710	6838	3
4710	6839	1
4710	6852	2
4710	6910	2
4710	6930	2
4710	6966	2
4710	7004	9
4710	7094	7
4710	7097	6
4710	7098	1
4710	7115	1
4710	7119	3
4710	7143	1
4710	7144	3
4710	7150	2
4710	7172	4
4710	7341	1
4710	7342	2
4710	7351	2
4710	7434	1
4710	7524	2
4710	7528	1
4710	7574	1
4710	7609	1
4710	7664	2
4710	7698	6
4710	7700	5
4710	7730	1
4710	7767	1
4710	7771	1
4710	7867	7
4710	7878	1
4710	7928	1
4710	7947	2
4710	7954	1
4710	7966	2
4710	7973	2
4710	7986	2
4710	8018	1
4710	8030	1
4710	8038	8
4710	8039	4
4710	8138	2
4710	8143	7
4710	8147	19
4710	8166	6
4710	8167	1
4710	8204	4
4710	8315	4
4710	8351	1
4710	8373	2
4710	8378	3
4710	8380	2
4710	8385	2
4710	8387	1
4710	8475	3
4710	8476	1
4710	8574	3
4710	8605	4
4710	8624	3
4710	8672	3
4710	8673	4
4710	8699	2
4710	8701	1
4710	8722	2
4710	8723	6
4710	8851	8
4710	8857	2
4710	8918	3
4710	8919	4
4710	8974	10
4710	9029	2
4710	9079	3
4710	9122	2
4710	9135	3
4710	9163	1
4710	9254	2
4710	9256	2
4710	9258	1
4710	9260	4
4710	9284	27
4710	9417	2
4710	9482	1
4710	9501	1
4710	9579	2
4710	9700	4
4710	9701	2
4710	9806	4
4710	9920	1
4710	9995	8
4710	9998	1
4710	10011	1
4710	10027	20
4710	10072	7
4710	10118	3
4710	10342	4
4710	10374	1
4710	10444	4
4710	10460	3
4710	10487	3
4710	10499	4
4710	10503	2
4710	10512	3
4710	10513	2
4710	10514	1
4710	10515	2
4710	10556	2
4710	10557	1
4710	10559	3
4710	10561	2
4710	10584	1
4710	10677	7
4710	10678	3
4710	10709	2
4710	10734	1
4710	10766	4
4710	10803	5
4710	10866	1
4710	10900	4
4710	10921	3
4710	10949	2
4710	10950	1
4710	10990	4
4710	11021	1
4710	11026	1
4710	11045	3
4710	11077	1
4710	11078	2
4710	11079	3
4710	11132	2
4710	11178	1
4710	11234	17
4710	11240	24
4710	11288	2
4710	11307	1
4710	11361	3
4710	11424	3
4710	11425	1
4710	11491	1
4710	11492	4
4710	11502	2
4710	11517	3
4710	11539	1
4710	11575	2
4710	11647	1
4710	11698	1
4710	11734	3
4710	11777	4
4710	11820	2
4729	4736	3
4729	4743	8
4729	4803	1
4729	4828	4
4729	4832	1
4729	4959	2
4729	4991	1
4729	5022	3
4729	5086	3
4729	5087	3
4729	5089	1
4729	5181	1
4729	5207	3
4729	5217	2
4729	5249	1
4729	5302	3
4729	5332	3
4729	5378	1
4729	5382	26
4729	5410	13
4729	5484	4
4729	5488	36
4729	5503	2
4729	5530	42
4729	5533	26
4729	5538	3
4729	5562	1
4729	5594	4
4729	5606	2
4729	5623	1
4729	5656	1
4729	5663	4
4729	5664	1
4729	5683	3
4729	5732	16
4729	5792	2
4729	5793	4
4729	5794	2
4729	5796	4
4729	5808	1
4729	5854	27
4729	5855	5
4729	5902	1
4729	5918	3
4729	5994	1
4729	6011	1
4729	6014	2
4729	6044	5
4729	6054	1
4729	6087	3
4729	6134	10
4729	6209	2
4729	6288	9
4729	6292	4
4729	6311	3
4729	6324	6
4729	6329	20
4729	6342	2
4729	6427	2
4729	6508	1
4729	6531	3
4729	6532	1
4729	6582	1
4729	6595	1
4729	6681	1
4729	6707	1
4729	6827	1
4729	6836	7
4729	6838	1
4729	6839	3
4729	6852	5
4729	6896	2
4729	6910	2
4729	6930	2
4729	6966	3
4729	7004	10
4729	7094	15
4729	7097	13
4729	7098	3
4729	7115	1
4729	7119	4
4729	7132	1
4729	7143	2
4729	7144	2
4729	7150	5
4729	7172	6
4729	7341	4
4729	7342	6
4729	7351	1
4729	7457	1
4729	7524	2
4729	7528	5
4729	7530	2
4729	7577	1
4729	7609	1
4729	7664	1
4729	7698	5
4729	7700	5
4729	7722	1
4729	7730	2
4729	7767	3
4729	7771	1
4729	7867	6
4729	7878	2
4729	7928	1
4729	7947	2
4729	7954	1
4729	7956	1
4729	7966	4
4729	7973	1
4729	7986	4
4729	8018	1
4729	8019	2
4729	8030	2
4729	8038	6
4729	8039	1
4729	8060	1
4729	8138	5
4729	8143	7
4729	8147	15
4729	8166	5
4729	8167	3
4729	8204	3
4729	8315	4
4729	8351	3
4729	8371	1
4729	8373	4
4729	8385	1
4729	8475	2
4729	8476	3
4729	8605	5
4729	8624	1
4729	8672	5
4729	8673	8
4729	8699	5
4729	8701	2
4729	8722	5
4729	8723	7
4729	8849	2
4729	8851	11
4729	8918	2
4729	8919	1
4729	8974	17
4729	9029	4
4729	9069	1
4729	9079	4
4729	9135	8
4729	9163	4
4729	9246	1
4729	9252	1
4729	9260	5
4729	9284	42
4729	9292	2
4729	9482	1
4729	9501	1
4729	9533	1
4729	9579	3
4729	9700	6
4729	9701	1
4729	9806	4
4729	9920	1
4729	9995	13
4729	9998	1
4729	10027	20
4729	10072	10
4729	10118	4
4729	10342	4
4729	10374	1
4729	10444	4
4729	10460	12
4729	10487	1
4729	10499	11
4729	10503	2
4729	10512	2
4729	10513	2
4729	10514	3
4729	10515	6
4729	10556	1
4729	10584	1
4729	10621	1
4729	10677	17
4729	10678	2
4729	10709	1
4729	10731	3
4729	10734	3
4729	10766	6
4729	10803	7
4729	10866	2
4729	10900	4
4729	10921	3
4729	10949	1
4729	10950	1
4729	10990	4
4729	10995	3
4729	11021	2
4729	11026	1
4729	11045	4
4729	11077	2
4729	11078	3
4729	11079	5
4729	11086	1
4729	11132	1
4729	11234	36
4729	11237	3
4729	11240	34
4729	11288	5
4729	11307	7
4729	11361	2
4729	11424	6
4729	11425	5
4729	11491	4
4729	11492	6
4729	11502	1
4729	11517	2
4729	11536	2
4729	11539	11
4729	11575	1
4729	11698	1
4729	11734	1
4729	11777	3
4729	11791	1
4729	11820	3
4736	4743	3
4736	4828	1
4736	4959	1
4736	5086	2
4736	5087	1
4736	5089	2
4736	5382	2
4736	5410	1
4736	5484	2
4736	5488	2
4736	5530	3
4736	5533	7
4736	5538	1
4736	5594	3
4736	5656	1
4736	5683	1
4736	5732	3
4736	5793	1
4736	5854	6
4736	5855	2
4736	6011	1
4736	6054	1
4736	6134	1
4736	6288	2
4736	6292	4
4736	6324	2
4736	6329	2
4736	6342	1
4736	6427	1
4736	6616	1
4736	6707	1
4736	6836	1
4736	6852	1
4736	6910	3
4736	6930	2
4736	7004	2
4736	7094	1
4736	7097	3
4736	7098	1
4736	7143	1
4736	7144	1
4736	7150	1
4736	7342	1
4736	7730	1
4736	7973	1
4736	7986	1
4736	8038	4
4736	8039	1
4736	8060	1
4736	8147	2
4736	8166	2
4736	8167	1
4736	8204	1
4736	8315	2
4736	8605	1
4736	8672	1
4736	8701	2
4736	8722	1
4736	8723	1
4736	8918	1
4736	8974	6
4736	9122	1
4736	9135	1
4736	9163	1
4736	9284	6
4736	9482	1
4736	9579	1
4736	9700	1
4736	9806	2
4736	10027	4
4736	10072	1
4736	10342	1
4736	10374	1
4736	10460	2
4736	10487	1
4736	10514	1
4736	10515	1
4736	10677	3
4736	10678	1
4736	10766	1
4736	10803	1
4736	10900	1
4736	11021	1
4736	11045	1
4736	11079	1
4736	11132	1
4736	11234	5
4736	11240	7
4736	11491	2
4736	11502	3
4736	11539	1
4736	11734	1
4736	11820	1
4743	4828	2
4743	4959	1
4743	5302	1
4743	5332	1
4743	5382	5
4743	5410	1
4743	5488	6
4743	5530	6
4743	5533	6
4743	5656	1
4743	5663	2
4743	5664	2
4743	5683	1
4743	5732	2
4743	5793	2
4743	5794	1
4743	5854	4
4743	5918	1
4743	6014	1
4743	6044	1
4743	6134	1
4743	6209	1
4743	6288	1
4743	6292	1
4743	6324	3
4743	6329	3
4743	6342	1
4743	6427	2
4743	6508	1
4743	6681	1
4743	6836	2
4743	6852	1
4743	6910	1
4743	7004	1
4743	7094	1
4743	7097	2
4743	7150	2
4743	7172	1
4743	7342	2
4743	7524	1
4743	7528	2
4743	7530	1
4743	7722	1
4743	7730	1
4743	7767	1
4743	7947	1
4743	7956	1
4743	7986	2
4743	8038	2
4743	8138	1
4743	8143	2
4743	8147	3
4743	8166	1
4743	8204	1
4743	8315	1
4743	8475	1
4743	8672	2
4743	8673	1
4743	8699	1
4743	8701	1
4743	8722	2
4743	8723	1
4743	8849	1
4743	8851	2
4743	8974	4
4743	9079	1
4743	9122	1
4743	9135	2
4743	9163	1
4743	9284	5
4743	9501	1
4743	9700	1
4743	9806	1
4743	9920	1
4743	9995	1
4743	10027	3
4743	10072	2
4743	10342	1
4743	10374	1
4743	10444	1
4743	10460	3
4743	10499	1
4743	10512	1
4743	10514	1
4743	10515	1
4743	10677	1
4743	10734	1
4743	10803	1
4743	11021	1
4743	11045	1
4743	11078	1
4743	11079	1
4743	11234	9
4743	11240	7
4743	11288	2
4743	11307	1
4743	11424	1
4743	11491	2
4743	11492	2
4743	11502	1
4743	11536	1
4743	11539	6
4743	11698	1
4743	11734	1
4743	11777	1
4743	11820	1
4775	4779	1
4775	4792	1
4775	4991	1
4775	5249	1
4775	5302	5
4775	5332	1
4775	5484	1
4775	5488	3
4775	5533	1
4775	5594	1
4775	5664	1
4775	5732	1
4775	5834	4
4775	5838	1
4775	5854	1
4775	6077	1
4775	6371	2
4775	6444	1
4775	6531	1
4775	6532	1
4775	6582	1
4775	6681	1
4775	6707	1
4775	6836	2
4775	6838	1
4775	6839	1
4775	6852	1
4775	7097	2
4775	7351	1
4775	7396	2
4775	7434	1
4775	7436	1
4775	7438	1
4775	7528	3
4775	7530	1
4775	7574	1
4775	7577	1
4775	7609	1
4775	7664	1
4775	7698	1
4775	7700	1
4775	7767	1
4775	7771	1
4775	7809	1
4775	7867	1
4775	8030	1
4775	8166	1
4775	8204	1
4775	8362	1
4775	8373	3
4775	8378	2
4775	8380	1
4775	8574	1
4775	8624	1
4775	8722	1
4775	8918	1
4775	9226	2
4775	9284	1
4775	9292	1
4775	9482	1
4775	9597	1
4775	9614	1
4775	9719	1
4775	9804	1
4775	9900	2
4775	9995	1
4775	10512	1
4775	10515	1
4775	10621	1
4775	10677	2
4775	11132	1
4775	11178	1
4775	11234	1
4775	11424	1
4775	11536	1
4775	11575	1
4775	11647	1
4775	11791	2
4779	4792	1
4779	5302	2
4779	5382	1
4779	5530	2
4779	5533	2
4779	5606	1
4779	5732	2
4779	5808	2
4779	5834	3
4779	5838	1
4779	5854	2
4779	6087	2
4779	6531	1
4779	6532	1
4779	6838	1
4779	7004	2
4779	7094	2
4779	7396	1
4779	7438	1
4779	7809	2
4779	7867	2
4779	8143	1
4779	8371	1
4779	8373	1
4779	8374	1
4779	8378	2
4779	8380	2
4779	8851	2
4779	9614	1
4779	10010	1
4779	10072	1
4779	11517	2
4792	5249	1
4792	5302	2
4792	5838	1
4792	6371	1
4792	6444	1
4792	6531	1
4792	6532	1
4792	6966	1
4792	7341	1
4792	7342	1
4792	7396	1
4792	7664	1
4792	7809	1
4792	8371	1
4792	8373	1
4792	8374	1
4792	9226	2
4792	9614	1
4792	10010	1
4792	10866	1
4792	11424	1
4803	5302	1
4803	5382	1
4803	5488	1
4803	5594	1
4803	5792	3
4803	5796	1
4803	5834	4
4803	5855	1
4803	5882	1
4803	6077	1
4803	6371	1
4803	6437	2
4803	6531	1
4803	6532	2
4803	6836	2
4803	6839	1
4803	7119	1
4803	7341	1
4803	7342	1
4803	7351	1
4803	7664	1
4803	7771	5
4803	7928	4
4803	7947	1
4803	8018	2
4803	8030	1
4803	8143	1
4803	8147	1
4803	8362	2
4803	8373	1
4803	8378	5
4803	8380	2
4803	8605	1
4803	8672	1
4803	8773	2
4803	8974	1
4803	9223	1
4803	9719	1
4803	10011	2
4803	10374	1
4803	10556	1
4803	10561	1
4803	10866	1
4803	10949	1
4803	11086	2
4803	11234	1
4803	11456	1
4803	11647	1
4828	4959	1
4828	5086	1
4828	5207	1
4828	5332	1
4828	5378	1
4828	5410	2
4828	5484	1
4828	5488	4
4828	5530	4
4828	5533	3
4828	5538	1
4828	5655	1
4828	5656	1
4828	5664	1
4828	5732	2
4828	5854	2
4828	5855	1
4828	6014	1
4828	6054	1
4828	6288	1
4828	6292	1
4828	6324	2
4828	6329	2
4828	6681	3
4828	6836	2
4828	6896	1
4828	6910	1
4828	7004	1
4828	7094	2
4828	7097	3
4828	7119	1
4828	7150	2
4828	7351	1
4828	7609	1
4828	7698	1
4828	7722	1
4828	7867	1
4828	7947	1
4828	8038	2
4828	8039	1
4828	8143	1
4828	8147	1
4828	8166	2
4828	8475	2
4828	8605	2
4828	8672	1
4828	8673	1
4828	8701	1
4828	8722	1
4828	8723	2
4828	8918	3
4828	8939	1
4828	8974	5
4828	9122	1
4828	9163	2
4828	9252	1
4828	9254	1
4828	9260	2
4828	9284	9
4828	9700	1
4828	9995	1
4828	10027	2
4828	10072	3
4828	10118	1
4828	10342	1
4828	10460	2
4828	10512	1
4828	10515	1
4828	10556	2
4828	10557	2
4828	10559	1
4828	10561	1
4828	10677	4
4828	10709	1
4828	10734	1
4828	10766	1
4828	10803	1
4828	10921	1
4828	10990	1
4828	11021	1
4828	11045	1
4828	11077	1
4828	11079	1
4828	11234	5
4828	11237	1
4828	11240	3
4828	11288	1
4828	11424	1
4828	11491	3
4828	11492	2
4828	11539	2
4832	4991	1
4832	5302	2
4832	5382	1
4832	5796	1
4832	5808	1
4832	6595	1
4832	6836	2
4832	7341	1
4832	7342	1
4832	7809	1
4832	8143	1
4832	8371	2
4832	8373	1
4832	8374	1
4832	8851	3
4832	8974	1
4832	9614	1
4832	10027	1
4832	10584	1
4832	10866	3
4832	11240	1
4832	11575	1
4832	11791	2
4959	5207	1
4959	5378	1
4959	5382	1
4959	5410	3
4959	5484	1
4959	5487	1
4959	5488	1
4959	5503	1
4959	5530	3
4959	5533	3
4959	5562	1
4959	5606	1
4959	5732	4
4959	5854	2
4959	5855	1
4959	6014	1
4959	6134	2
4959	6209	1
4959	6324	1
4959	6329	1
4959	6582	2
4959	6681	1
4959	6836	1
4959	6910	1
4959	6930	2
4959	7004	3
4959	7094	2
4959	7097	3
4959	7150	1
4959	7722	1
4959	7730	1
4959	7867	1
4959	8038	1
4959	8060	1
4959	8167	1
4959	8373	1
4959	8476	1
4959	8605	1
4959	8722	1
4959	8723	1
4959	8918	1
4959	8974	1
4959	9029	1
4959	9122	1
4959	9246	1
4959	9252	1
4959	9284	4
4959	9482	1
4959	9533	1
4959	9700	1
4959	9806	1
4959	9995	2
4959	10072	1
4959	10460	1
4959	10515	1
4959	10677	3
4959	10731	1
4959	10734	2
4959	10900	1
4959	10949	1
4959	11234	2
4959	11240	1
4959	11491	5
4959	11536	1
4959	11539	1
4991	4992	4
4991	5302	2
4991	5796	1
4991	5854	1
4991	5855	1
4991	6134	1
4991	6371	1
4991	6836	1
4991	7119	1
4991	7341	3
4991	7342	4
4991	7528	2
4991	7609	1
4991	7867	1
4991	7954	1
4991	8030	2
4991	8371	1
4991	8373	1
4991	8624	1
4991	8672	1
4991	9254	1
4991	9256	1
4991	9292	1
4991	10027	1
4991	10584	1
4991	10621	1
4991	10866	1
4991	11575	1
4991	11791	1
4992	5302	2
4992	5530	1
4992	5533	1
4992	6134	1
4992	6329	1
4992	6531	1
4992	6532	2
4992	6749	1
4992	6852	1
4992	7115	1
4992	7119	1
4992	7341	2
4992	7342	3
4992	7351	1
4992	7528	2
4992	7574	2
4992	7609	1
4992	7664	1
4992	7698	1
4992	7700	1
4992	7767	1
4992	7809	1
4992	7867	1
4992	7954	2
4992	8030	2
4992	8060	1
4992	8143	1
4992	8147	1
4992	8672	1
4992	8851	1
4992	9258	1
4992	9284	1
4992	9292	1
4992	9995	1
4992	10374	1
4992	10512	1
4992	10515	1
4992	10584	1
4992	10621	2
4992	11086	1
4992	11491	1
4992	11575	1
4992	11791	1
5022	5181	1
5022	5217	1
5022	5302	1
5022	5382	6
5022	5410	1
5022	5488	2
5022	5530	3
5022	5533	3
5022	5683	1
5022	5732	1
5022	5854	1
5022	5855	1
5022	5918	1
5022	6011	1
5022	6166	1
5022	6288	1
5022	6324	1
5022	6329	2
5022	6427	1
5022	6749	1
5022	6750	2
5022	6827	1
5022	6910	1
5022	6966	1
5022	7094	1
5022	7119	2
5022	7341	1
5022	7342	1
5022	7664	1
5022	7700	2
5022	7730	1
5022	7878	1
5022	8138	1
5022	8143	1
5022	8147	1
5022	8374	1
5022	8387	2
5022	8475	1
5022	8476	1
5022	8605	1
5022	8722	1
5022	8723	2
5022	8851	1
5022	8974	1
5022	9029	1
5022	9163	1
5022	9284	3
5022	9487	1
5022	9501	1
5022	9579	1
5022	9597	1
5022	9700	2
5022	9701	1
5022	9806	1
5022	9995	2
5022	9998	1
5022	10027	2
5022	10072	2
5022	10499	1
5022	10512	1
5022	10514	1
5022	10515	1
5022	10803	1
5022	10995	1
5022	11021	1
5022	11079	1
5022	11234	1
5022	11240	2
5022	11361	1
5022	11424	3
5022	11491	1
5022	11777	2
5086	5087	3
5086	5089	4
5086	5530	2
5086	5533	3
5086	5538	2
5086	5562	1
5086	5594	3
5086	5623	2
5086	5732	1
5086	5854	8
5086	5855	2
5086	6011	1
5086	6134	4
5086	6288	1
5086	6292	2
5086	6329	2
5086	6427	1
5086	6595	1
5086	6616	1
5086	6910	2
5086	6930	2
5086	7004	1
5086	7097	1
5086	7351	1
5086	7609	1
5086	7722	1
5086	7966	1
5086	8038	1
5086	8143	1
5086	8147	1
5086	8315	2
5086	8385	1
5086	8723	1
5086	8974	1
5086	9284	7
5086	9482	1
5086	9533	1
5086	9806	1
5086	10027	8
5086	10072	1
5086	10342	1
5086	10512	1
5086	10515	1
5086	10677	2
5086	10766	2
5086	10921	2
5086	10990	2
5086	10995	1
5086	11079	1
5086	11240	6
5086	11424	2
5086	11425	1
5086	11491	1
5086	11492	1
5086	11502	4
5086	11820	1
5087	5089	2
5087	5332	1
5087	5382	2
5087	5530	3
5087	5533	1
5087	5594	4
5087	5796	1
5087	5854	4
5087	5855	1
5087	5902	1
5087	6044	1
5087	6288	1
5087	6292	1
5087	6595	1
5087	6616	1
5087	6838	1
5087	6910	3
5087	6930	1
5087	8038	2
5087	8060	1
5087	8143	1
5087	8147	1
5087	8315	2
5087	8851	1
5087	8974	1
5087	9284	2
5087	9700	1
5087	9806	1
5087	10027	4
5087	10677	1
5087	11240	3
5087	11502	2
5089	5533	2
5089	5538	1
5089	5594	2
5089	5854	3
5089	5855	1
5089	6011	1
5089	6134	2
5089	6288	1
5089	6292	2
5089	6427	1
5089	6595	1
5089	6616	1
5089	6910	1
5089	6930	2
5089	6966	1
5089	7351	1
5089	7609	1
5089	7954	1
5089	8038	1
5089	8315	2
5089	8974	1
5089	9284	3
5089	9806	1
5089	10027	3
5089	10512	1
5089	10677	1
5089	10766	1
5089	11240	3
5089	11425	1
5089	11502	3
5181	5332	2
5181	5382	2
5181	5410	1
5181	5488	1
5181	5530	1
5181	5533	2
5181	5683	1
5181	5732	1
5181	5854	1
5181	5855	1
5181	6087	1
5181	6836	1
5181	7094	1
5181	7097	1
5181	7119	1
5181	7457	1
5181	7867	1
5181	7947	2
5181	7966	1
5181	8039	1
5181	8147	1
5181	8605	1
5181	8673	1
5181	8773	1
5181	8857	1
5181	8919	1
5181	8974	1
5181	9223	1
5181	9226	1
5181	9284	1
5181	9998	1
5181	10487	1
5181	10678	1
5181	10709	1
5181	10949	1
5181	11234	3
5181	11240	2
5181	11307	1
5181	11361	1
5181	11539	1
5181	11734	1
5181	11820	1
5207	5332	2
5207	5382	3
5207	5410	5
5207	5488	1
5207	5503	1
5207	5530	5
5207	5533	6
5207	5594	1
5207	5606	1
5207	5731	1
5207	5732	4
5207	5854	3
5207	5855	3
5207	5902	1
5207	6134	2
5207	6209	1
5207	6288	1
5207	6311	1
5207	6329	5
5207	6582	1
5207	6681	1
5207	6852	1
5207	6930	2
5207	7004	1
5207	7094	6
5207	7097	8
5207	7098	2
5207	7119	1
5207	7144	1
5207	7528	1
5207	7867	3
5207	7966	1
5207	8038	2
5207	8138	2
5207	8166	3
5207	8167	1
5207	8673	5
5207	8699	1
5207	8722	2
5207	8723	1
5207	9284	7
5207	9533	1
5207	9700	1
5207	9995	2
5207	10072	3
5207	10342	2
5207	10460	1
5207	10487	1
5207	10556	1
5207	10557	1
5207	10677	5
5207	10731	2
5207	10734	2
5207	10900	2
5207	11021	2
5207	11026	1
5207	11045	1
5207	11079	1
5207	11234	3
5207	11240	4
5207	11288	1
5207	11536	1
5207	11539	1
5217	5382	3
5217	5410	2
5217	5488	2
5217	5530	3
5217	5533	1
5217	5594	1
5217	5663	1
5217	5854	3
5217	5855	2
5217	6134	1
5217	6288	3
5217	6532	1
5217	6839	1
5217	6966	1
5217	7094	1
5217	7097	1
5217	7172	1
5217	7700	1
5217	7867	1
5217	7966	1
5217	8138	1
5217	8475	1
5217	8476	1
5217	8605	2
5217	8723	3
5217	8801	1
5217	8851	1
5217	8974	4
5217	9029	1
5217	9163	1
5217	9284	4
5217	9597	1
5217	9700	2
5217	9701	2
5217	9806	1
5217	10027	2
5217	10072	1
5217	10444	1
5217	10503	1
5217	10556	1
5217	10677	2
5217	10678	1
5217	10921	1
5217	11079	1
5217	11132	1
5217	11234	4
5217	11240	4
5217	11424	1
5217	11456	1
5217	11698	1
5217	11734	1
5249	5382	1
5249	5488	1
5249	5533	2
5249	5664	1
5249	5792	1
5249	5793	1
5249	5794	1
5249	5796	1
5249	5882	1
5249	6011	1
5249	6077	1
5249	6166	1
5249	6329	1
5249	6444	1
5249	6463	1
5249	6595	1
5249	6681	1
5249	6836	2
5249	6839	1
5249	6966	1
5249	7094	1
5249	7115	2
5249	7119	1
5249	7341	2
5249	7342	2
5249	7434	1
5249	7528	2
5249	7530	2
5249	7664	1
5249	7698	2
5249	7767	1
5249	8018	1
5249	8030	2
5249	8362	1
5249	8373	1
5249	8851	1
5249	9069	1
5249	9284	2
5249	9995	2
5249	10503	1
5249	10515	1
5249	10621	2
5249	10766	1
5249	11234	1
5249	11240	1
5249	11424	1
5249	11425	1
5249	11777	1
5302	5382	4
5302	5410	1
5302	5488	1
5302	5530	4
5302	5533	2
5302	5769	2
5302	5792	1
5302	5794	1
5302	5796	1
5302	5834	2
5302	5838	1
5302	5854	2
5302	5882	2
5302	5918	2
5302	6011	1
5302	6077	1
5302	6087	1
5302	6134	1
5302	6166	2
5302	6170	1
5302	6311	1
5302	6324	1
5302	6329	2
5302	6371	4
5302	6427	1
5302	6444	3
5302	6531	1
5302	6532	2
5302	6616	1
5302	6749	1
5302	6827	1
5302	6836	5
5302	6839	1
5302	6852	1
5302	6966	1
5302	7004	1
5302	7115	1
5302	7119	1
5302	7172	1
5302	7341	3
5302	7342	6
5302	7351	2
5302	7396	4
5302	7434	2
5302	7436	4
5302	7438	5
5302	7528	3
5302	7530	1
5302	7574	3
5302	7664	9
5302	7698	1
5302	7700	2
5302	7722	1
5302	7767	5
5302	7771	2
5302	7809	5
5302	7878	1
5302	7954	2
5302	7973	1
5302	7986	1
5302	8030	2
5302	8038	1
5302	8060	1
5302	8147	1
5302	8362	3
5302	8371	3
5302	8373	7
5302	8374	2
5302	8378	2
5302	8574	1
5302	8722	1
5302	8773	1
5302	8849	1
5302	8851	3
5302	8857	3
5302	8918	1
5302	8974	1
5302	9069	1
5302	9135	1
5302	9223	3
5302	9226	3
5302	9260	1
5302	9284	1
5302	9417	1
5302	9487	2
5302	9597	4
5302	9614	6
5302	9700	1
5302	9804	3
5302	9900	4
5302	9920	2
5302	9995	1
5302	10010	5
5302	10027	1
5302	10460	2
5302	10499	1
5302	10512	1
5302	10514	1
5302	10584	2
5302	10621	1
5302	10866	3
5302	11132	1
5302	11234	2
5302	11240	1
5302	11288	1
5302	11307	1
5302	11424	2
5302	11425	1
5302	11491	1
5302	11536	1
5302	11539	1
5302	11575	3
5302	11647	2
5302	11791	4
5332	5382	1
5332	5410	2
5332	5484	1
5332	5488	3
5332	5503	1
5332	5530	8
5332	5533	6
5332	5594	1
5332	5663	2
5332	5664	1
5332	5683	1
5332	5796	2
5332	5854	1
5332	6134	1
5332	6288	1
5332	6329	3
5332	6508	1
5332	6595	1
5332	6681	1
5332	6836	2
5332	6852	1
5332	6910	1
5332	7094	2
5332	7097	3
5332	7098	1
5332	7119	1
5332	7150	1
5332	7351	1
5332	7524	1
5332	7609	1
5332	7700	1
5332	7867	1
5332	7956	1
5332	7986	1
5332	8143	2
5332	8147	1
5332	8605	1
5332	8624	1
5332	8699	1
5332	8701	1
5332	8722	2
5332	8723	2
5332	8773	1
5332	8849	1
5332	8857	1
5332	9079	1
5332	9135	2
5332	9223	1
5332	9226	1
5332	9284	6
5332	9579	1
5332	9700	1
5332	9998	1
5332	10027	4
5332	10072	1
5332	10342	2
5332	10460	1
5332	10515	1
5332	10677	3
5332	10731	1
5332	10734	1
5332	10866	1
5332	11021	1
5332	11026	1
5332	11078	1
5332	11234	4
5332	11240	4
5332	11288	2
5332	11491	1
5332	11492	4
5332	11502	1
5332	11539	1
5332	11777	2
5378	5382	1
5378	5410	1
5378	5484	1
5378	5530	4
5378	5533	3
5378	5664	1
5378	5732	4
5378	5834	1
5378	5854	1
5378	6054	1
5378	6134	1
5378	6209	1
5378	6288	1
5378	6324	1
5378	6329	2
5378	6532	2
5378	6836	1
5378	6838	1
5378	6930	1
5378	7004	1
5378	7097	3
5378	7150	1
5378	7341	1
5378	7524	1
5378	7574	1
5378	8038	1
5378	8039	1
5378	8143	1
5378	8385	1
5378	8476	1
5378	8574	1
5378	8605	1
5378	8672	1
5378	8723	1
5378	8918	1
5378	8974	2
5378	9029	1
5378	9135	1
5378	9252	1
5378	9258	1
5378	9260	1
5378	9284	4
5378	9579	1
5378	10027	1
5378	10460	1
5378	10515	1
5378	10584	1
5378	10677	3
5378	10678	2
5378	10734	1
5378	10900	1
5378	11178	1
5378	11234	1
5378	11240	3
5378	11491	3
5378	11539	1
5382	5410	11
5382	5484	6
5382	5487	5
5382	5488	31
5382	5503	1
5382	5530	39
5382	5533	26
5382	5538	2
5382	5562	4
5382	5594	3
5382	5606	1
5382	5655	1
5382	5656	2
5382	5663	5
5382	5664	1
5382	5683	5
5382	5731	1
5382	5732	19
5382	5792	1
5382	5793	3
5382	5794	2
5382	5796	2
5382	5808	1
5382	5834	1
5382	5854	15
5382	5855	7
5382	5882	1
5382	5902	2
5382	5918	5
5382	5920	5
5382	5994	4
5382	5995	1
5382	6011	2
5382	6014	1
5382	6044	2
5382	6054	2
5382	6077	2
5382	6087	1
5382	6134	9
5382	6166	3
5382	6170	1
5382	6209	2
5382	6288	5
5382	6292	3
5382	6311	5
5382	6324	5
5382	6329	19
5382	6342	5
5382	6427	5
5382	6437	1
5382	6463	4
5382	6531	4
5382	6532	2
5382	6582	1
5382	6616	1
5382	6681	1
5382	6707	3
5382	6749	2
5382	6750	5
5382	6827	2
5382	6836	5
5382	6838	3
5382	6839	2
5382	6852	1
5382	6896	1
5382	6910	2
5382	6930	3
5382	6966	2
5382	7004	8
5382	7094	23
5382	7097	19
5382	7098	2
5382	7115	1
5382	7119	5
5382	7132	5
5382	7143	3
5382	7144	3
5382	7150	7
5382	7172	6
5382	7341	1
5382	7342	3
5382	7434	3
5382	7436	2
5382	7524	4
5382	7528	6
5382	7530	1
5382	7664	2
5382	7698	8
5382	7700	3
5382	7722	1
5382	7730	1
5382	7767	7
5382	7771	1
5382	7867	8
5382	7878	4
5382	7928	1
5382	7947	1
5382	7954	3
5382	7956	3
5382	7966	5
5382	7973	1
5382	7986	8
5382	8030	2
5382	8038	7
5382	8039	3
5382	8060	1
5382	8138	2
5382	8143	7
5382	8147	29
5382	8166	4
5382	8167	4
5382	8204	1
5382	8244	1
5382	8315	1
5382	8351	1
5382	8362	3
5382	8371	1
5382	8373	2
5382	8374	1
5382	8378	2
5382	8380	1
5382	8385	1
5382	8387	4
5382	8475	1
5382	8476	1
5382	8605	7
5382	8624	2
5382	8672	6
5382	8673	7
5382	8699	2
5382	8701	1
5382	8722	7
5382	8723	10
5382	8801	3
5382	8849	1
5382	8851	16
5382	8857	2
5382	8918	3
5382	8919	3
5382	8939	3
5382	8974	19
5382	9069	3
5382	9079	4
5382	9135	9
5382	9246	3
5382	9252	2
5382	9258	3
5382	9260	5
5382	9284	46
5382	9482	1
5382	9487	1
5382	9501	1
5382	9531	2
5382	9533	1
5382	9579	1
5382	9597	2
5382	9700	4
5382	9701	1
5382	9719	3
5382	9806	1
5382	9920	6
5382	9995	22
5382	9998	6
5382	10027	9
5382	10072	4
5382	10118	3
5382	10342	4
5382	10374	3
5382	10444	4
5382	10460	11
5382	10487	4
5382	10499	12
5382	10503	3
5382	10512	4
5382	10513	3
5382	10514	2
5382	10515	3
5382	10556	3
5382	10559	1
5382	10561	1
5382	10584	1
5382	10621	1
5382	10677	20
5382	10678	5
5382	10731	1
5382	10734	1
5382	10766	1
5382	10803	2
5382	10866	2
5382	10900	5
5382	10921	2
5382	10950	3
5382	10990	2
5382	10995	1
5382	11021	1
5382	11026	1
5382	11045	4
5382	11077	3
5382	11078	1
5382	11079	1
5382	11086	1
5382	11132	3
5382	11234	36
5382	11237	4
5382	11240	24
5382	11288	5
5382	11307	10
5382	11361	4
5382	11424	7
5382	11425	2
5382	11491	4
5382	11492	4
5382	11517	3
5382	11536	2
5382	11539	9
5382	11575	1
5382	11698	1
5382	11734	6
5382	11777	9
5382	11820	3
5410	5484	5
5410	5487	3
5410	5488	15
5410	5503	1
5410	5530	19
5410	5533	17
5410	5594	1
5410	5606	1
5410	5663	2
5410	5683	1
5410	5731	2
5410	5732	11
5410	5854	12
5410	5855	6
5410	5902	2
5410	5918	1
5410	6014	2
5410	6044	2
5410	6087	1
5410	6134	4
5410	6209	2
5410	6288	2
5410	6292	1
5410	6311	3
5410	6324	2
5410	6329	12
5410	6342	2
5410	6582	1
5410	6681	2
5410	6707	2
5410	6750	1
5410	6836	3
5410	6838	1
5410	6852	1
5410	6910	1
5410	6930	4
5410	6966	2
5410	7004	10
5410	7094	10
5410	7097	14
5410	7098	3
5410	7115	1
5410	7143	5
5410	7144	1
5410	7150	1
5410	7172	2
5410	7528	1
5410	7530	1
5410	7698	1
5410	7700	3
5410	7722	1
5410	7867	6
5410	7956	1
5410	7966	4
5410	7973	1
5410	7986	1
5410	8030	1
5410	8038	11
5410	8039	1
5410	8138	5
5410	8147	4
5410	8166	4
5410	8167	5
5410	8204	1
5410	8351	1
5410	8378	1
5410	8475	3
5410	8476	3
5410	8605	5
5410	8624	2
5410	8672	2
5410	8673	7
5410	8699	1
5410	8701	1
5410	8722	4
5410	8723	6
5410	8801	4
5410	8851	5
5410	8857	1
5410	8918	3
5410	8974	12
5410	9029	4
5410	9079	2
5410	9135	3
5410	9163	1
5410	9246	3
5410	9252	1
5410	9254	1
5410	9256	1
5410	9258	2
5410	9260	4
5410	9284	21
5410	9501	1
5410	9531	2
5410	9533	1
5410	9579	1
5410	9597	1
5410	9700	5
5410	9701	2
5410	9806	1
5410	9920	2
5410	9995	6
5410	9998	1
5410	10027	3
5410	10072	8
5410	10118	3
5410	10342	4
5410	10460	5
5410	10487	2
5410	10499	1
5410	10512	2
5410	10515	2
5410	10556	1
5410	10557	1
5410	10559	1
5410	10584	1
5410	10677	17
5410	10678	3
5410	10709	1
5410	10731	1
5410	10734	3
5410	10803	1
5410	10900	5
5410	10949	1
5410	10990	1
5410	10995	1
5410	11021	1
5410	11026	1
5410	11045	1
5410	11077	1
5410	11078	1
5410	11079	4
5410	11132	3
5410	11234	18
5410	11240	18
5410	11288	4
5410	11307	2
5410	11424	2
5410	11425	2
5410	11491	4
5410	11492	1
5410	11536	1
5410	11539	4
5410	11698	1
5410	11734	1
5410	11777	1
5484	5487	3
5484	5488	5
5484	5530	8
5484	5533	9
5484	5562	2
5484	5594	1
5484	5683	1
5484	5732	7
5484	5854	6
5484	6014	1
5484	6054	1
5484	6134	1
5484	6288	2
5484	6292	1
5484	6311	2
5484	6324	2
5484	6329	5
5484	6582	3
5484	6707	4
5484	6910	1
5484	6930	1
5484	6966	1
5484	7004	4
5484	7094	1
5484	7097	6
5484	7098	1
5484	7143	1
5484	7144	1
5484	7150	2
5484	7172	2
5484	7524	1
5484	7700	1
5484	7973	1
5484	7986	1
5484	8038	2
5484	8039	1
5484	8138	1
5484	8147	2
5484	8166	1
5484	8167	2
5484	8385	1
5484	8605	3
5484	8672	1
5484	8673	3
5484	8701	1
5484	8722	2
5484	8723	5
5484	8801	1
5484	8918	3
5484	8974	7
5484	9069	1
5484	9079	1
5484	9135	2
5484	9163	2
5484	9246	1
5484	9252	1
5484	9254	1
5484	9258	1
5484	9260	2
5484	9284	10
5484	9579	2
5484	9700	2
5484	9995	5
5484	10027	2
5484	10072	2
5484	10118	1
5484	10460	4
5484	10487	1
5484	10512	1
5484	10677	8
5484	10678	3
5484	10803	1
5484	10866	1
5484	10900	3
5484	10990	1
5484	11079	1
5484	11132	1
5484	11234	7
5484	11240	7
5484	11288	2
5484	11307	1
5484	11424	1
5484	11425	1
5484	11491	2
5484	11492	3
5484	11539	1
5484	11777	2
5487	5488	1
5487	5530	2
5487	5533	2
5487	5562	1
5487	5731	1
5487	5732	2
5487	5854	1
5487	6311	1
5487	6329	2
5487	6582	2
5487	6707	3
5487	7004	2
5487	7094	1
5487	7097	1
5487	7143	1
5487	7150	1
5487	7956	1
5487	8147	1
5487	8167	2
5487	8605	2
5487	8672	1
5487	8673	3
5487	8722	3
5487	8801	1
5487	8974	1
5487	9069	1
5487	9135	1
5487	9246	2
5487	9258	1
5487	9260	2
5487	9284	1
5487	9700	1
5487	9995	5
5487	10072	1
5487	10460	2
5487	10677	3
5487	10678	1
5487	10900	1
5487	11234	3
5487	11734	1
5488	5503	1
5488	5530	34
5488	5533	20
5488	5538	3
5488	5562	2
5488	5594	3
5488	5606	1
5488	5656	1
5488	5663	6
5488	5664	1
5488	5683	3
5488	5731	1
5488	5732	15
5488	5792	2
5488	5793	4
5488	5794	2
5488	5796	2
5488	5834	1
5488	5838	2
5488	5854	14
5488	5855	4
5488	5918	1
5488	5994	2
5488	5995	1
5488	6011	3
5488	6014	2
5488	6044	4
5488	6054	1
5488	6077	1
5488	6087	3
5488	6134	7
5488	6209	3
5488	6288	9
5488	6292	3
5488	6311	5
5488	6324	4
5488	6329	19
5488	6342	2
5488	6427	4
5488	6508	1
5488	6531	4
5488	6532	3
5488	6582	1
5488	6595	2
5488	6681	2
5488	6707	2
5488	6749	1
5488	6750	2
5488	6827	1
5488	6836	7
5488	6838	1
5488	6839	2
5488	6852	6
5488	6896	5
5488	6910	1
5488	6930	1
5488	7004	4
5488	7094	22
5488	7097	20
5488	7098	2
5488	7115	2
5488	7119	3
5488	7132	2
5488	7143	4
5488	7144	5
5488	7150	5
5488	7172	5
5488	7341	3
5488	7342	5
5488	7434	1
5488	7436	2
5488	7457	2
5488	7524	2
5488	7528	5
5488	7577	2
5488	7609	1
5488	7664	1
5488	7698	6
5488	7700	4
5488	7722	1
5488	7730	3
5488	7767	4
5488	7771	1
5488	7867	4
5488	7878	1
5488	7928	1
5488	7947	1
5488	7954	2
5488	7956	2
5488	7966	7
5488	7973	1
5488	7986	4
5488	8018	1
5488	8030	4
5488	8038	8
5488	8039	1
5488	8060	1
5488	8138	2
5488	8143	8
5488	8147	21
5488	8166	6
5488	8167	4
5488	8204	3
5488	8315	1
5488	8351	1
5488	8373	3
5488	8378	1
5488	8385	1
5488	8475	1
5488	8476	1
5488	8574	2
5488	8605	6
5488	8624	3
5488	8672	4
5488	8673	6
5488	8699	4
5488	8701	1
5488	8722	7
5488	8723	7
5488	8801	3
5488	8849	1
5488	8851	13
5488	8918	4
5488	8919	1
5488	8939	1
5488	8974	23
5488	9029	1
5488	9079	3
5488	9122	1
5488	9135	11
5488	9163	4
5488	9246	2
5488	9252	3
5488	9254	1
5488	9260	5
5488	9284	37
5488	9292	1
5488	9501	1
5488	9531	2
5488	9533	1
5488	9579	1
5488	9597	1
5488	9700	7
5488	9701	1
5488	9806	1
5488	9920	3
5488	9995	12
5488	9998	2
5488	10027	7
5488	10072	7
5488	10118	1
5488	10342	5
5488	10374	1
5488	10444	4
5488	10460	12
5488	10487	1
5488	10499	8
5488	10503	2
5488	10512	6
5488	10513	2
5488	10514	2
5488	10515	6
5488	10556	1
5488	10584	2
5488	10621	1
5488	10677	18
5488	10678	3
5488	10709	1
5488	10731	1
5488	10734	2
5488	10766	3
5488	10803	4
5488	10866	2
5488	10900	2
5488	10921	2
5488	10949	2
5488	10950	1
5488	10990	1
5488	10995	3
5488	11021	3
5488	11045	2
5488	11077	4
5488	11078	3
5488	11079	5
5488	11086	1
5488	11132	2
5488	11178	2
5488	11234	48
5488	11237	3
5488	11240	31
5488	11288	7
5488	11307	9
5488	11361	4
5488	11424	7
5488	11425	3
5488	11491	7
5488	11492	6
5488	11536	4
5488	11539	12
5488	11647	1
5488	11698	1
5488	11734	2
5488	11777	3
5488	11820	2
5503	5530	2
5503	5533	4
5503	5606	1
5503	5655	1
5503	5656	1
5503	5732	2
5503	5854	2
5503	5855	1
5503	5995	1
5503	6014	1
5503	6134	3
5503	6288	1
5503	6292	1
5503	6329	3
5503	6582	2
5503	6838	1
5503	6852	1
5503	6930	1
5503	7094	4
5503	7097	4
5503	7098	1
5503	7730	2
5503	7767	1
5503	7867	5
5503	7956	1
5503	7966	2
5503	8166	1
5503	8475	2
5503	8476	1
5503	8605	1
5503	8672	1
5503	8673	1
5503	8701	1
5503	9284	2
5503	9533	1
5503	9700	1
5503	9995	1
5503	10072	1
5503	10677	2
5503	10731	1
5503	11021	2
5503	11026	2
5503	11045	1
5503	11077	1
5503	11078	1
5503	11240	1
5503	11536	1
5503	11698	1
5530	5533	45
5530	5562	4
5530	5594	4
5530	5606	3
5530	5623	3
5530	5655	2
5530	5656	2
5530	5663	3
5530	5664	2
5530	5683	3
5530	5731	3
5530	5732	28
5530	5793	4
5530	5794	4
5530	5796	2
5530	5808	3
5530	5834	2
5530	5854	30
5530	5855	8
5530	5882	1
5530	5902	1
5530	5918	2
5530	5994	2
5530	6011	1
5530	6014	1
5530	6044	7
5530	6054	2
5530	6077	1
5530	6087	4
5530	6134	17
5530	6170	1
5530	6209	6
5530	6288	10
5530	6292	3
5530	6311	7
5530	6324	7
5530	6329	44
5530	6342	5
5530	6427	3
5530	6437	1
5530	6508	5
5530	6531	3
5530	6532	4
5530	6582	1
5530	6595	3
5530	6616	2
5530	6707	1
5530	6836	6
5530	6838	2
5530	6839	2
5530	6852	13
5530	6896	2
5530	6910	3
5530	6930	5
5530	6966	6
5530	7004	11
5530	7094	34
5530	7097	29
5530	7098	3
5530	7115	1
5530	7119	4
5530	7132	2
5530	7143	5
5530	7144	2
5530	7150	11
5530	7172	6
5530	7341	1
5530	7342	1
5530	7434	1
5530	7438	1
5530	7457	2
5530	7524	4
5530	7528	4
5530	7530	3
5530	7609	1
5530	7698	7
5530	7700	5
5530	7722	2
5530	7730	3
5530	7767	2
5530	7867	13
5530	7878	1
5530	7947	3
5530	7954	1
5530	7956	5
5530	7966	7
5530	7973	2
5530	7986	4
5530	8019	2
5530	8030	1
5530	8038	7
5530	8039	2
5530	8060	1
5530	8138	5
5530	8143	12
5530	8147	23
5530	8166	11
5530	8167	6
5530	8204	3
5530	8244	3
5530	8315	3
5530	8351	1
5530	8373	2
5530	8378	2
5530	8380	2
5530	8385	7
5530	8387	1
5530	8475	2
5530	8476	4
5530	8574	2
5530	8605	9
5530	8624	4
5530	8672	4
5530	8673	10
5530	8699	5
5530	8701	2
5530	8722	13
5530	8723	27
5530	8801	4
5530	8849	1
5530	8851	13
5530	8857	3
5530	8918	9
5530	8919	3
5530	8939	2
5530	8974	20
5530	9029	5
5530	9069	2
5530	9079	5
5530	9122	2
5530	9135	8
5530	9163	6
5530	9226	1
5530	9246	4
5530	9252	4
5530	9254	1
5530	9258	4
5530	9260	9
5530	9284	74
5530	9417	1
5530	9482	2
5530	9501	1
5530	9531	4
5530	9533	5
5530	9579	3
5530	9597	1
5530	9700	13
5530	9701	4
5530	9806	2
5530	9920	4
5530	9995	10
5530	10027	22
5530	10072	16
5530	10118	4
5530	10342	16
5530	10374	1
5530	10444	5
5530	10460	6
5530	10487	3
5530	10499	7
5530	10512	5
5530	10513	2
5530	10514	2
5530	10515	7
5530	10556	3
5530	10557	1
5530	10559	1
5530	10561	1
5530	10584	1
5530	10677	31
5530	10678	6
5530	10709	1
5530	10731	5
5530	10734	4
5530	10766	5
5530	10803	8
5530	10866	2
5530	10900	3
5530	10921	1
5530	10949	2
5530	10950	2
5530	10990	3
5530	10995	2
5530	11021	3
5530	11026	1
5530	11045	5
5530	11077	4
5530	11078	4
5530	11079	10
5530	11132	4
5530	11234	34
5530	11237	2
5530	11240	50
5530	11288	4
5530	11307	4
5530	11361	7
5530	11424	7
5530	11425	7
5530	11456	1
5530	11491	9
5530	11492	22
5530	11502	2
5530	11517	4
5530	11536	2
5530	11539	7
5530	11575	1
5530	11698	4
5530	11734	4
5530	11777	3
5530	11820	2
5533	5538	4
5533	5562	1
5533	5594	5
5533	5606	1
5533	5655	2
5533	5656	2
5533	5663	2
5533	5664	1
5533	5683	4
5533	5731	2
5533	5732	31
5533	5793	2
5533	5794	2
5533	5796	1
5533	5808	2
5533	5834	3
5533	5854	32
5533	5855	9
5533	5882	1
5533	5902	3
5533	5918	1
5533	5995	1
5533	6011	3
5533	6014	1
5533	6044	2
5533	6054	2
5533	6077	1
5533	6087	2
5533	6134	15
5533	6166	2
5533	6209	2
5533	6288	11
5533	6292	7
5533	6311	4
5533	6324	4
5533	6329	27
5533	6342	2
5533	6427	2
5533	6437	1
5533	6463	1
5533	6508	3
5533	6531	1
5533	6532	2
5533	6582	5
5533	6595	2
5533	6616	1
5533	6681	2
5533	6707	3
5533	6749	1
5533	6750	1
5533	6827	1
5533	6836	1
5533	6838	1
5533	6852	8
5533	6910	2
5533	6930	7
5533	6966	4
5533	7004	12
5533	7094	21
5533	7097	26
5533	7098	2
5533	7115	1
5533	7119	5
5533	7143	2
5533	7144	4
5533	7150	10
5533	7172	7
5533	7342	1
5533	7434	2
5533	7438	1
5533	7524	2
5533	7528	2
5533	7530	1
5533	7609	1
5533	7698	6
5533	7700	5
5533	7722	1
5533	7730	3
5533	7767	2
5533	7867	11
5533	7878	1
5533	7947	2
5533	7954	1
5533	7956	3
5533	7966	8
5533	7973	1
5533	7986	3
5533	8019	1
5533	8038	11
5533	8039	3
5533	8138	7
5533	8143	2
5533	8147	16
5533	8166	12
5533	8167	2
5533	8204	2
5533	8244	2
5533	8315	3
5533	8351	3
5533	8362	1
5533	8373	1
5533	8378	2
5533	8380	2
5533	8385	3
5533	8387	1
5533	8475	4
5533	8476	4
5533	8574	1
5533	8605	9
5533	8624	3
5533	8672	4
5533	8673	10
5533	8699	2
5533	8701	3
5533	8722	7
5533	8723	19
5533	8773	1
5533	8801	1
5533	8849	1
5533	8851	6
5533	8918	4
5533	8919	1
5533	8939	1
5533	8974	18
5533	9029	3
5533	9079	4
5533	9122	1
5533	9135	8
5533	9163	4
5533	9223	1
5533	9246	1
5533	9252	1
5533	9256	1
5533	9258	1
5533	9260	4
5533	9284	59
5533	9417	1
5533	9482	1
5533	9531	1
5533	9533	1
5533	9579	3
5533	9700	7
5533	9701	3
5533	9806	3
5533	9920	2
5533	9995	10
5533	9998	1
5533	10010	1
5533	10027	16
5533	10072	8
5533	10118	5
5533	10342	5
5533	10374	1
5533	10444	1
5533	10460	8
5533	10487	3
5533	10499	2
5533	10503	2
5533	10512	4
5533	10513	1
5533	10514	2
5533	10515	6
5533	10556	5
5533	10557	3
5533	10559	2
5533	10561	2
5533	10584	1
5533	10677	22
5533	10678	3
5533	10709	1
5533	10731	1
5533	10734	3
5533	10766	4
5533	10803	6
5533	10900	5
5533	10950	4
5533	10990	2
5533	10995	1
5533	11021	3
5533	11026	2
5533	11045	3
5533	11077	2
5533	11078	4
5533	11079	7
5533	11132	1
5533	11234	25
5533	11240	40
5533	11288	4
5533	11307	2
5533	11361	1
5533	11424	6
5533	11425	7
5533	11491	7
5533	11492	9
5533	11502	4
5533	11517	3
5533	11536	1
5533	11539	4
5533	11575	1
5533	11734	4
5533	11777	4
5533	11820	1
5538	5594	1
5538	5683	1
5538	5732	3
5538	5854	2
5538	6011	1
5538	6292	1
5538	6324	1
5538	6329	1
5538	6427	1
5538	6852	1
5538	6930	1
5538	7004	1
5538	7094	1
5538	7097	2
5538	7172	1
5538	7351	1
5538	7434	1
5538	7609	1
5538	7698	1
5538	7700	1
5538	8019	1
5538	8147	2
5538	8166	1
5538	8373	1
5538	8574	1
5538	8605	1
5538	8673	1
5538	8722	1
5538	8723	1
5538	8851	1
5538	8974	1
5538	9135	1
5538	9284	5
5538	9501	1
5538	9579	1
5538	9998	1
5538	10027	2
5538	10460	2
5538	10487	1
5538	10499	1
5538	10512	1
5538	10515	1
5538	10677	2
5538	10766	3
5538	10921	1
5538	10949	1
5538	10990	1
5538	11077	1
5538	11178	1
5538	11234	4
5538	11240	3
5538	11492	1
5538	11502	1
5538	11539	1
5562	5623	1
5562	5732	3
5562	5792	1
5562	5793	1
5562	5854	2
5562	5855	2
5562	5994	1
5562	5995	1
5562	6011	1
5562	6311	1
5562	6329	2
5562	6532	1
5562	6582	1
5562	6852	1
5562	7004	1
5562	7094	1
5562	7097	2
5562	7144	1
5562	7150	1
5562	7172	1
5562	7722	1
5562	7767	1
5562	7954	1
5562	8038	1
5562	8147	4
5562	8385	2
5562	8605	1
5562	8624	1
5562	8722	4
5562	8723	3
5562	9079	1
5562	9252	1
5562	9284	3
5562	9482	1
5562	9531	1
5562	9533	1
5562	9920	1
5562	9995	3
5562	10072	2
5562	10342	3
5562	10499	2
5562	10677	3
5562	11079	1
5562	11234	2
5562	11307	1
5562	11492	2
5562	11539	1
5562	11777	1
5594	5623	1
5594	5663	1
5594	5732	3
5594	5834	1
5594	5854	8
5594	5855	3
5594	6011	1
5594	6044	1
5594	6134	3
5594	6209	2
5594	6288	3
5594	6292	2
5594	6329	2
5594	6437	1
5594	6532	1
5594	6582	1
5594	6616	1
5594	6707	1
5594	6839	1
5594	6910	3
5594	6930	3
5594	7004	1
5594	7094	2
5594	7097	1
5594	7098	1
5594	7172	1
5594	7528	1
5594	7771	1
5594	7867	2
5594	7947	1
5594	8038	4
5594	8060	1
5594	8138	1
5594	8167	1
5594	8315	1
5594	8378	1
5594	8605	1
5594	8673	1
5594	8699	1
5594	8701	1
5594	8851	2
5594	8974	2
5594	9029	1
5594	9163	1
5594	9284	5
5594	9700	1
5594	9995	1
5594	10027	6
5594	10444	1
5594	10503	1
5594	10512	1
5594	10515	1
5594	10556	1
5594	10677	3
5594	10731	1
5594	10766	1
5594	10921	1
5594	11086	1
5594	11234	1
5594	11240	6
5594	11424	1
5594	11456	1
5594	11502	4
5594	11539	1
5606	5732	1
5606	5854	1
5606	5855	2
5606	6134	1
5606	6311	1
5606	6329	2
5606	6508	1
5606	6582	1
5606	6930	2
5606	7094	1
5606	7097	2
5606	7143	1
5606	7150	1
5606	7577	1
5606	7867	1
5606	8030	1
5606	8143	1
5606	8204	1
5606	8244	1
5606	8722	1
5606	9284	3
5606	9533	2
5606	9995	1
5606	10342	1
5606	10460	1
5606	10515	1
5606	10677	1
5606	10731	1
5606	10900	1
5606	11234	1
5606	11240	1
5606	11492	1
5606	11536	1
5606	11698	1
5623	5732	1
5623	5854	2
5623	5855	1
5623	6134	2
5623	6209	1
5623	6288	3
5623	6329	4
5623	6852	1
5623	7094	1
5623	7097	2
5623	7722	1
5623	7867	1
5623	7947	1
5623	8147	3
5623	8166	3
5623	8204	1
5623	8385	2
5623	8574	1
5623	8699	1
5623	8701	2
5623	8722	1
5623	8723	1
5623	8974	1
5623	9029	1
5623	9122	1
5623	9163	1
5623	9284	2
5623	9417	1
5623	9482	2
5623	9501	1
5623	9531	1
5623	9533	1
5623	10072	1
5623	10342	2
5623	10515	1
5623	10677	2
5623	10731	1
5623	10995	1
5623	11079	1
5623	11240	2
5623	11307	1
5623	11361	1
5623	11424	1
5623	11491	1
5623	11539	1
5655	5656	3
5655	5732	3
5655	5794	1
5655	5855	1
5655	5918	1
5655	6288	1
5655	6292	1
5655	6329	1
5655	6838	1
5655	6852	1
5655	7094	3
5655	7097	2
5655	7730	1
5655	7956	1
5655	7966	1
5655	8039	1
5655	8166	2
5655	8244	1
5655	8385	1
5655	8475	1
5655	8605	1
5655	8673	1
5655	8701	1
5655	8723	1
5655	8974	1
5655	9284	3
5655	9700	1
5655	10072	1
5655	10118	1
5655	10556	1
5655	10557	1
5655	10561	1
5655	10677	2
5655	10803	1
5655	11021	2
5655	11078	1
5655	11361	1
5655	11425	1
5655	11491	1
5655	11734	1
5656	5732	3
5656	5793	1
5656	5855	1
5656	5918	1
5656	5995	1
5656	6014	1
5656	6288	2
5656	6292	2
5656	6324	1
5656	6329	1
5656	6342	1
5656	6427	1
5656	6836	1
5656	6852	1
5656	7094	4
5656	7097	2
5656	7098	1
5656	7342	1
5656	7730	2
5656	7867	1
5656	7966	1
5656	8039	1
5656	8147	1
5656	8166	2
5656	8204	1
5656	8244	1
5656	8475	2
5656	8476	1
5656	8672	2
5656	8701	1
5656	8722	1
5656	8723	1
5656	8974	2
5656	9135	1
5656	9284	3
5656	9700	1
5656	9806	1
5656	10072	1
5656	10118	1
5656	10342	1
5656	10374	1
5656	10514	1
5656	10515	1
5656	10556	1
5656	10557	1
5656	10561	1
5656	10677	2
5656	10803	2
5656	11021	1
5656	11026	1
5656	11045	2
5656	11079	1
5656	11234	1
5656	11240	1
5656	11361	1
5656	11425	1
5656	11491	1
5656	11698	1
5656	11734	2
5656	11820	1
5663	5683	1
5663	5732	1
5663	5854	1
5663	5855	1
5663	6044	2
5663	6134	1
5663	6209	1
5663	6288	1
5663	6427	1
5663	6750	1
5663	6827	1
5663	6839	1
5663	7119	1
5663	7150	1
5663	7172	1
5663	7524	1
5663	7956	1
5663	7966	1
5663	7986	1
5663	8038	1
5663	8138	1
5663	8143	2
5663	8147	1
5663	8475	1
5663	8849	1
5663	8851	3
5663	8974	5
5663	9079	1
5663	9135	1
5663	9284	4
5663	10027	3
5663	10444	2
5663	10460	2
5663	10499	1
5663	10503	2
5663	10677	1
5663	10734	1
5663	10921	1
5663	11078	1
5663	11234	7
5663	11240	4
5663	11288	3
5663	11307	2
5663	11492	1
5663	11539	2
5663	11698	1
5663	11777	1
5664	5793	1
5664	5794	1
5664	5796	1
5664	5854	1
5664	6054	1
5664	6077	1
5664	6324	1
5664	6329	1
5664	6508	1
5664	6836	3
5664	6839	1
5664	7004	1
5664	7097	1
5664	7150	2
5664	7172	1
5664	7528	1
5664	7530	1
5664	7698	1
5664	8038	1
5664	8143	2
5664	8147	1
5664	8672	2
5664	8673	1
5664	8699	1
5664	8722	1
5664	8723	1
5664	8918	1
5664	8974	2
5664	9284	1
5664	9995	1
5664	10677	1
5664	11234	2
5664	11240	2
5664	11288	1
5664	11491	1
5664	11539	1
5683	5732	2
5683	5854	2
5683	5855	2
5683	6011	2
5683	6134	1
5683	6292	1
5683	6324	1
5683	6329	1
5683	6342	1
5683	6427	1
5683	6531	1
5683	6707	1
5683	6838	1
5683	6852	1
5683	7004	1
5683	7094	1
5683	7097	3
5683	7098	1
5683	7143	1
5683	7144	1
5683	7150	1
5683	7524	1
5683	7664	1
5683	7698	1
5683	7867	1
5683	7947	1
5683	7956	1
5683	7973	1
5683	7986	2
5683	8038	2
5683	8039	3
5683	8143	3
5683	8147	2
5683	8166	2
5683	8167	1
5683	8673	1
5683	8723	1
5683	8849	1
5683	8851	1
5683	8857	1
5683	8918	2
5683	8919	2
5683	8974	1
5683	9079	1
5683	9135	2
5683	9284	4
5683	9501	1
5683	9579	1
5683	9995	1
5683	9998	1
5683	10027	1
5683	10460	3
5683	10487	3
5683	10512	1
5683	10515	1
5683	10677	2
5683	10678	2
5683	10766	1
5683	10900	2
5683	11078	1
5683	11132	1
5683	11234	4
5683	11240	4
5683	11288	1
5683	11361	1
5683	11491	1
5683	11492	2
5683	11539	1
5683	11734	1
5683	11777	2
5731	5732	1
5731	5793	1
5731	5794	1
5731	5854	1
5731	5855	1
5731	5902	1
5731	6311	1
5731	6329	1
5731	6508	1
5731	6582	1
5731	7004	1
5731	7094	3
5731	7097	1
5731	7150	2
5731	7722	1
5731	8166	1
5731	8167	1
5731	8244	2
5731	8605	1
5731	8624	1
5731	8673	2
5731	8722	2
5731	8801	1
5731	9246	1
5731	9258	1
5731	9260	1
5731	9284	3
5731	9995	2
5731	10072	1
5731	10677	1
5731	10678	1
5731	10900	1
5731	11045	1
5731	11234	1
5731	11240	1
5731	11491	1
5731	11539	1
5731	11734	1
5732	5793	1
5732	5794	1
5732	5808	2
5732	5834	3
5732	5838	1
5732	5854	20
5732	5855	5
5732	5902	1
5732	5994	1
5732	6011	1
5732	6014	2
5732	6087	3
5732	6134	9
5732	6209	4
5732	6288	7
5732	6292	5
5732	6311	4
5732	6324	3
5732	6329	17
5732	6342	3
5732	6427	3
5732	6531	1
5732	6532	4
5732	6582	4
5732	6707	2
5732	6750	2
5732	6836	4
5732	6838	2
5732	6839	3
5732	6852	5
5732	6896	1
5732	6910	2
5732	6930	2
5732	6966	2
5732	7004	12
5732	7094	20
5732	7097	21
5732	7098	2
5732	7119	2
5732	7143	2
5732	7144	3
5732	7150	3
5732	7172	4
5732	7341	1
5732	7342	1
5732	7434	1
5732	7457	2
5732	7524	1
5732	7528	1
5732	7530	1
5732	7574	1
5732	7577	1
5732	7609	2
5732	7698	2
5732	7700	1
5732	7722	1
5732	7730	4
5732	7767	1
5732	7867	9
5732	7878	1
5732	7947	1
5732	7956	1
5732	7966	10
5732	7973	1
5732	7986	2
5732	8038	10
5732	8039	3
5732	8138	4
5732	8143	5
5732	8147	7
5732	8166	13
5732	8167	4
5732	8204	2
5732	8244	2
5732	8351	2
5732	8373	2
5732	8378	2
5732	8380	2
5732	8385	1
5732	8387	1
5732	8475	7
5732	8476	2
5732	8574	2
5732	8605	5
5732	8624	2
5732	8672	4
5732	8673	9
5732	8701	2
5732	8722	4
5732	8723	10
5732	8801	2
5732	8851	6
5732	8918	5
5732	8939	1
5732	8974	12
5732	9029	2
5732	9079	2
5732	9122	1
5732	9135	3
5732	9246	2
5732	9252	1
5732	9254	1
5732	9256	2
5732	9258	5
5732	9260	5
5732	9284	34
5732	9417	1
5732	9482	2
5732	9501	1
5732	9579	3
5732	9700	9
5732	9701	2
5732	9806	1
5732	9920	1
5732	9995	6
5732	10027	5
5732	10072	6
5732	10118	6
5732	10342	2
5732	10374	1
5732	10444	2
5732	10460	3
5732	10487	3
5732	10499	4
5732	10512	2
5732	10514	1
5732	10515	5
5732	10556	4
5732	10557	4
5732	10559	2
5732	10561	3
5732	10584	1
5732	10677	17
5732	10678	3
5732	10709	3
5732	10734	3
5732	10766	2
5732	10803	2
5732	10900	4
5732	10949	3
5732	10950	2
5732	10990	1
5732	10995	3
5732	11021	6
5732	11026	2
5732	11045	3
5732	11077	4
5732	11078	4
5732	11079	3
5732	11132	2
5732	11178	2
5732	11234	18
5732	11240	23
5732	11288	1
5732	11307	2
5732	11361	2
5732	11424	3
5732	11425	3
5732	11491	9
5732	11492	4
5732	11502	1
5732	11517	3
5732	11536	2
5732	11539	3
5732	11575	1
5732	11698	3
5732	11734	3
5732	11777	2
5732	11820	4
5769	5994	1
5769	6170	1
5769	6324	1
5769	6329	1
5769	7434	1
5769	7436	1
5769	7730	1
5769	7767	1
5769	7771	1
5769	7809	1
5769	8019	1
5769	8371	1
5769	8374	2
5769	8722	1
5769	8851	1
5769	8974	1
5769	9258	1
5769	9284	1
5769	9487	1
5769	9614	1
5769	9900	1
5769	9920	1
5769	11234	1
5769	11288	1
5769	11361	1
5769	11647	1
5792	5793	2
5792	5794	1
5792	5796	1
5792	6011	1
5792	6508	1
5792	6595	1
5792	6836	2
5792	6839	1
5792	7094	1
5792	7115	1
5792	7119	1
5792	7172	1
5792	7341	2
5792	7342	3
5792	7351	1
5792	7457	1
5792	7664	1
5792	7767	2
5792	7771	1
5792	7928	2
5792	7954	1
5792	8018	3
5792	8030	2
5792	8143	1
5792	8147	1
5792	8362	1
5792	8373	1
5792	8378	1
5792	8722	1
5792	8723	1
5792	8851	1
5792	8974	1
5792	9079	1
5792	9252	1
5792	9284	1
5792	9292	1
5792	9995	1
5792	10499	1
5792	10515	1
5792	10621	1
5792	10677	1
5792	10766	1
5792	10866	1
5792	11234	2
5792	11307	1
5792	11425	1
5792	11492	1
5792	11539	1
5792	11647	1
5792	11777	1
5793	5794	5
5793	5796	1
5793	6011	1
5793	6054	1
5793	6288	1
5793	6292	1
5793	6324	3
5793	6329	3
5793	6342	1
5793	6427	1
5793	6508	4
5793	6836	2
5793	6852	1
5793	6896	1
5793	7094	3
5793	7097	1
5793	7115	2
5793	7119	1
5793	7150	3
5793	7172	2
5793	7341	2
5793	7342	2
5793	7528	1
5793	7664	1
5793	7730	1
5793	7767	2
5793	7954	1
5793	8018	1
5793	8019	1
5793	8030	1
5793	8147	4
5793	8166	1
5793	8204	1
5793	8244	1
5793	8373	1
5793	8624	1
5793	8672	1
5793	8722	3
5793	8723	3
5793	8773	1
5793	8851	2
5793	8974	1
5793	9079	1
5793	9135	1
5793	9252	1
5793	9284	4
5793	9700	1
5793	9806	1
5793	9920	1
5793	9995	1
5793	10072	1
5793	10342	2
5793	10374	1
5793	10460	1
5793	10499	1
5793	10503	1
5793	10513	1
5793	10514	1
5793	10515	2
5793	10621	1
5793	10677	2
5793	10766	1
5793	10803	1
5793	11021	1
5793	11045	1
5793	11079	1
5793	11234	4
5793	11240	2
5793	11307	1
5793	11424	1
5793	11425	1
5793	11491	1
5793	11492	1
5793	11539	1
5793	11734	1
5793	11777	1
5793	11820	1
5794	5796	1
5794	5994	1
5794	6011	1
5794	6054	1
5794	6324	1
5794	6329	2
5794	6508	4
5794	6836	1
5794	6896	1
5794	7094	2
5794	7097	1
5794	7115	2
5794	7119	1
5794	7150	3
5794	7172	1
5794	7341	1
5794	7342	1
5794	7664	1
5794	7767	1
5794	7986	1
5794	8018	1
5794	8030	1
5794	8147	2
5794	8244	1
5794	8373	1
5794	8385	1
5794	8624	1
5794	8672	1
5794	8722	2
5794	8723	3
5794	8773	1
5794	8851	2
5794	9135	1
5794	9284	4
5794	9920	1
5794	9995	1
5794	10342	1
5794	10503	1
5794	10513	1
5794	10515	1
5794	10621	1
5794	10766	1
5794	11234	2
5794	11240	1
5794	11424	1
5794	11425	1
5794	11491	1
5794	11777	1
5796	5902	1
5796	6011	1
5796	6531	1
5796	6836	4
5796	6838	1
5796	7115	1
5796	7119	2
5796	7341	2
5796	7342	2
5796	7664	1
5796	7767	1
5796	7771	1
5796	7928	1
5796	8018	1
5796	8030	1
5796	8143	2
5796	8147	2
5796	8371	1
5796	8373	2
5796	8851	1
5796	9135	1
5796	9995	1
5796	10027	2
5796	10515	1
5796	10584	1
5796	10621	1
5796	10766	1
5796	10866	1
5796	11086	1
5796	11234	2
5796	11425	1
5796	11492	1
5796	11575	1
5796	11777	1
5796	11791	1
5808	5834	2
5808	5854	3
5808	6087	2
5808	6329	1
5808	6437	1
5808	6532	1
5808	6838	1
5808	6852	1
5808	7004	2
5808	7094	2
5808	7143	1
5808	7524	1
5808	7528	1
5808	7698	1
5808	7809	1
5808	7867	2
5808	8143	1
5808	8147	1
5808	8315	1
5808	8378	2
5808	8380	2
5808	8673	1
5808	8723	1
5808	8851	2
5808	8918	1
5808	9284	1
5808	9614	1
5808	9995	1
5808	10027	1
5808	10072	1
5808	10513	1
5808	10766	1
5808	11086	1
5808	11517	2
5834	5854	2
5834	5855	1
5834	5882	2
5834	6077	1
5834	6087	2
5834	6288	1
5834	6437	2
5834	6463	1
5834	6531	1
5834	6532	4
5834	6836	1
5834	6838	2
5834	6839	1
5834	6852	1
5834	6966	1
5834	7004	2
5834	7094	2
5834	7097	1
5834	7438	1
5834	7577	1
5834	7771	3
5834	7809	1
5834	7867	3
5834	7928	2
5834	7947	1
5834	8039	1
5834	8143	3
5834	8147	1
5834	8166	2
5834	8204	1
5834	8362	2
5834	8373	1
5834	8378	9
5834	8380	4
5834	8574	1
5834	8605	1
5834	8624	1
5834	8672	1
5834	8722	1
5834	8773	1
5834	8851	2
5834	9223	1
5834	9226	1
5834	9284	1
5834	9292	1
5834	9719	2
5834	9804	1
5834	9900	3
5834	10010	1
5834	10011	3
5834	10072	1
5834	10374	1
5834	10556	1
5834	10561	1
5834	10584	1
5834	10677	1
5834	10678	1
5834	10949	1
5834	11086	1
5834	11178	1
5834	11234	1
5834	11240	1
5834	11456	2
5834	11517	2
5834	11536	1
5834	11647	1
5834	11791	1
5834	11820	1
5838	5854	1
5838	5902	1
5838	6531	2
5838	6532	3
5838	7004	1
5838	7097	1
5838	7396	1
5838	7436	1
5838	7528	1
5838	7577	2
5838	7809	1
5838	8018	1
5838	8060	3
5838	8371	1
5838	8374	1
5838	8385	2
5838	8574	2
5838	8624	1
5838	8673	1
5838	8851	2
5838	8918	2
5838	9258	1
5838	9284	1
5838	9417	1
5838	9482	1
5838	9579	1
5838	9614	1
5838	9700	1
5838	10010	1
5838	10460	1
5838	11178	1
5838	11234	1
5838	11361	1
5838	11491	1
5838	11820	1
5854	5855	12
5854	5902	4
5854	5918	1
5854	5994	1
5854	6011	2
5854	6014	1
5854	6044	4
5854	6077	1
5854	6087	3
5854	6134	14
5854	6209	2
5854	6288	8
5854	6292	4
5854	6311	5
5854	6324	2
5854	6329	20
5854	6437	2
5854	6444	1
5854	6531	2
5854	6532	4
5854	6582	2
5854	6595	1
5854	6616	1
5854	6707	3
5854	6750	1
5854	6836	2
5854	6838	1
5854	6839	2
5854	6852	4
5854	6910	4
5854	6930	5
5854	6966	3
5854	7004	12
5854	7094	9
5854	7097	15
5854	7098	2
5854	7119	2
5854	7143	2
5854	7144	2
5854	7150	1
5854	7172	4
5854	7351	1
5854	7396	1
5854	7457	1
5854	7524	2
5854	7528	2
5854	7577	2
5854	7609	1
5854	7698	3
5854	7700	3
5854	7722	1
5854	7730	1
5854	7767	1
5854	7809	1
5854	7867	6
5854	7878	1
5854	7947	1
5854	7966	3
5854	7973	2
5854	7986	2
5854	8038	11
5854	8039	1
5854	8060	1
5854	8138	2
5854	8143	5
5854	8147	11
5854	8166	4
5854	8167	4
5854	8204	2
5854	8315	5
5854	8351	2
5854	8373	3
5854	8374	1
5854	8378	2
5854	8380	2
5854	8385	1
5854	8387	1
5854	8475	3
5854	8476	2
5854	8574	2
5854	8605	7
5854	8624	2
5854	8672	3
5854	8673	10
5854	8699	2
5854	8701	2
5854	8722	1
5854	8723	10
5854	8801	1
5854	8851	7
5854	8857	1
5854	8918	3
5854	8974	13
5854	9029	3
5854	9079	2
5854	9122	1
5854	9135	3
5854	9163	3
5854	9246	2
5854	9252	2
5854	9254	1
5854	9256	1
5854	9258	1
5854	9260	2
5854	9284	33
5854	9417	2
5854	9482	2
5854	9487	1
5854	9533	1
5854	9579	2
5854	9614	1
5854	9700	6
5854	9701	3
5854	9806	3
5854	9920	2
5854	9995	9
5854	9998	1
5854	10027	22
5854	10072	10
5854	10118	3
5854	10342	2
5854	10444	2
5854	10460	3
5854	10487	1
5854	10499	2
5854	10503	1
5854	10512	3
5854	10513	2
5854	10515	4
5854	10556	4
5854	10557	1
5854	10559	1
5854	10561	1
5854	10677	12
5854	10678	2
5854	10709	2
5854	10731	1
5854	10734	2
5854	10766	6
5854	10803	4
5854	10900	7
5854	10921	2
5854	10949	2
5854	10950	3
5854	10990	4
5854	10995	1
5854	11021	2
5854	11026	1
5854	11045	1
5854	11077	1
5854	11078	2
5854	11079	4
5854	11132	1
5854	11178	1
5854	11234	19
5854	11240	27
5854	11288	2
5854	11307	2
5854	11361	2
5854	11424	5
5854	11425	1
5854	11456	1
5854	11491	6
5854	11492	1
5854	11502	3
5854	11517	4
5854	11536	1
5854	11539	5
5854	11575	1
5854	11698	2
5854	11734	2
5854	11777	3
5854	11820	3
5855	5882	1
5855	5902	1
5855	5994	2
5855	6044	1
5855	6077	1
5855	6134	4
5855	6288	5
5855	6292	2
5855	6329	4
5855	6342	1
5855	6531	1
5855	6582	1
5855	6616	2
5855	6836	1
5855	6838	2
5855	6839	1
5855	6910	2
5855	6930	4
5855	6966	1
5855	7004	2
5855	7094	4
5855	7097	7
5855	7144	1
5855	7150	2
5855	7172	2
5855	7664	1
5855	7698	1
5855	7700	1
5855	7722	1
5855	7730	1
5855	7867	3
5855	7947	1
5855	7973	1
5855	8018	1
5855	8030	1
5855	8038	7
5855	8039	4
5855	8138	2
5855	8143	1
5855	8147	3
5855	8166	3
5855	8315	1
5855	8351	1
5855	8362	1
5855	8378	1
5855	8385	2
5855	8475	3
5855	8476	1
5855	8605	1
5855	8624	1
5855	8672	2
5855	8673	3
5855	8722	1
5855	8723	2
5855	8851	1
5855	8857	1
5855	8918	1
5855	8919	2
5855	8974	5
5855	9029	1
5855	9079	1
5855	9135	3
5855	9163	1
5855	9223	1
5855	9246	1
5855	9254	1
5855	9256	1
5855	9284	12
5855	9482	1
5855	9533	4
5855	9700	2
5855	9701	1
5855	9719	1
5855	9806	1
5855	9920	2
5855	9995	1
5855	10011	1
5855	10027	5
5855	10072	4
5855	10118	1
5855	10342	2
5855	10374	1
5855	10444	1
5855	10460	1
5855	10487	2
5855	10503	1
5855	10556	2
5855	10557	1
5855	10561	2
5855	10584	1
5855	10677	3
5855	10678	1
5855	10731	1
5855	10900	3
5855	10921	1
5855	10949	1
5855	11021	1
5855	11045	1
5855	11079	2
5855	11234	6
5855	11240	11
5855	11361	1
5855	11424	1
5855	11491	1
5855	11492	1
5855	11502	2
5855	11536	1
5855	11539	1
5855	11734	1
5855	11820	1
5882	6077	1
5882	6166	1
5882	6311	1
5882	6463	1
5882	6616	1
5882	6681	1
5882	6836	1
5882	7396	1
5882	7434	1
5882	7438	1
5882	7528	1
5882	7530	1
5882	8362	3
5882	8373	1
5882	8378	1
5882	8672	1
5882	9223	1
5882	9226	1
5882	9284	1
5882	9597	1
5882	9719	2
5882	9900	2
5882	10010	1
5882	10011	1
5882	10374	1
5882	10556	1
5882	10561	1
5882	10949	1
5902	6311	1
5902	6329	1
5902	6532	1
5902	6838	1
5902	7004	1
5902	7097	3
5902	7577	1
5902	7700	1
5902	8038	1
5902	8143	1
5902	8147	2
5902	8166	1
5902	8574	1
5902	8605	1
5902	8624	1
5902	8673	2
5902	8722	1
5902	8918	1
5902	9258	1
5902	9284	2
5902	9417	1
5902	9482	1
5902	9579	1
5902	9700	1
5902	9995	1
5902	10072	1
5902	10118	1
5902	10677	2
5902	10900	1
5902	10950	1
5902	11045	1
5902	11178	1
5902	11240	1
5902	11361	1
5902	11491	1
5902	11539	1
5902	11820	1
5918	5920	4
5918	5994	1
5918	6329	1
5918	6750	1
5918	6827	1
5918	6966	1
5918	7004	1
5918	7094	2
5918	7132	1
5918	7172	1
5918	7342	1
5918	7436	1
5918	7528	1
5918	7698	1
5918	7767	2
5918	7809	1
5918	7878	1
5918	7986	1
5918	8387	1
5918	8624	1
5918	8851	2
5918	9135	1
5918	9284	2
5918	9614	1
5918	9920	2
5918	9995	3
5918	9998	3
5918	10027	1
5918	10072	2
5918	10460	1
5918	10499	1
5918	10512	2
5918	10803	2
5918	10995	1
5918	11234	1
5918	11307	1
5918	11361	1
5918	11424	3
5918	11425	3
5918	11536	1
5918	11539	1
5920	5994	2
5920	6750	2
5920	7132	3
5920	7436	1
5920	7528	1
5920	7698	1
5920	7767	1
5920	7878	1
5920	8030	1
5920	8147	2
5920	8851	1
5920	9920	1
5920	9995	2
5920	9998	4
5920	10512	1
5920	11234	1
5920	11425	1
5994	6170	1
5994	6329	1
5994	6463	1
5994	6750	1
5994	6896	1
5994	6966	2
5994	7094	1
5994	7097	1
5994	7119	1
5994	7132	1
5994	7144	1
5994	7172	1
5994	7436	1
5994	7528	1
5994	7767	1
5994	7986	1
5994	8019	1
5994	8030	1
5994	8147	3
5994	8362	1
5994	8371	1
5994	8374	1
5994	8672	1
5994	8919	1
5994	9135	1
5994	9284	2
5994	9487	1
5994	9719	1
5994	9806	1
5994	9920	3
5994	9995	1
5994	9998	1
5994	10621	1
5994	11234	3
5994	11240	1
5994	11307	2
5994	11424	2
5994	11820	1
5995	6011	1
5995	6014	1
5995	6749	3
5995	6750	1
5995	7094	2
5995	7098	1
5995	7144	1
5995	7730	1
5995	7867	2
5995	7966	1
5995	8387	1
5995	8475	1
5995	8476	1
5995	8605	1
5995	8672	2
5995	8851	1
5995	9700	1
5995	9701	1
5995	9995	1
5995	10513	1
5995	10556	1
5995	10559	1
5995	10561	1
5995	10866	1
5995	11026	2
5995	11045	1
5995	11234	1
5995	11698	1
5995	11777	1
6011	6014	1
6011	6077	1
6011	6134	2
6011	6166	1
6011	6292	1
6011	6329	2
6011	6427	2
6011	6532	1
6011	6836	2
6011	6838	1
6011	6930	1
6011	6966	1
6011	7115	3
6011	7119	1
6011	7150	1
6011	7172	1
6011	7341	1
6011	7342	1
6011	7436	1
6011	7438	1
6011	7609	1
6011	7664	1
6011	7698	2
6011	7700	1
6011	7767	3
6011	7954	2
6011	7966	1
6011	8018	1
6011	8030	1
6011	8143	2
6011	8373	1
6011	8723	1
6011	8773	1
6011	8851	2
6011	8918	1
6011	8974	1
6011	9223	1
6011	9284	3
6011	9501	1
6011	9995	2
6011	9998	1
6011	10010	1
6011	10027	2
6011	10499	2
6011	10512	2
6011	10514	1
6011	10515	4
6011	10584	1
6011	10621	1
6011	10677	1
6011	10766	2
6011	10995	1
6011	11078	3
6011	11234	3
6011	11240	3
6011	11424	1
6011	11425	3
6011	11502	1
6011	11536	1
6011	11777	3
6014	6134	1
6014	6288	1
6014	6311	1
6014	6324	1
6014	6329	2
6014	6681	1
6014	6836	1
6014	6910	1
6014	6966	1
6014	7004	1
6014	7094	1
6014	7098	1
6014	7172	1
6014	7609	1
6014	7722	1
6014	7730	1
6014	7867	1
6014	7966	2
6014	8475	1
6014	8476	1
6014	8672	1
6014	8673	1
6014	8974	1
6014	9079	1
6014	9260	1
6014	9284	1
6014	9920	1
6014	10027	1
6014	10072	1
6014	10118	1
6014	10460	2
6014	10503	1
6014	10515	1
6014	10677	1
6014	10734	1
6014	10900	1
6014	10990	1
6014	10995	1
6014	11026	1
6014	11045	1
6014	11078	1
6014	11234	3
6014	11240	1
6014	11288	1
6014	11425	1
6014	11491	1
6014	11536	1
6014	11539	2
6014	11698	1
6014	11777	1
6044	6087	2
6044	6134	2
6044	6437	1
6044	6444	1
6044	6750	1
6044	6910	1
6044	6966	1
6044	7150	1
6044	7172	1
6044	7524	1
6044	7528	1
6044	7530	1
6044	7698	2
6044	8038	2
6044	8060	1
6044	8138	1
6044	8143	3
6044	8147	1
6044	8385	1
6044	8851	3
6044	8974	2
6044	9079	1
6044	9260	1
6044	9284	2
6044	9995	1
6044	10027	4
6044	10444	2
6044	10512	1
6044	10677	1
6044	10734	1
6044	11234	5
6044	11240	6
6044	11288	2
6044	11424	1
6044	11492	1
6044	11502	1
6054	6324	1
6054	6329	1
6054	6836	1
6054	7094	1
6054	7097	3
6054	7115	1
6054	7150	5
6054	7698	1
6054	7700	1
6054	8143	1
6054	8373	1
6054	8605	1
6054	8624	1
6054	8672	1
6054	8701	1
6054	8723	1
6054	8851	1
6054	8918	1
6054	8974	3
6054	9284	4
6054	9920	1
6054	10460	1
6054	10499	1
6054	10503	1
6054	10513	1
6054	10514	1
6054	10677	2
6054	10803	1
6054	11234	3
6054	11240	1
6054	11361	1
6054	11424	1
6077	6134	1
6077	6329	1
6077	6437	1
6077	6531	1
6077	6532	1
6077	6836	3
6077	6839	1
6077	7341	1
6077	7342	1
6077	7396	1
6077	7436	1
6077	7528	1
6077	7530	1
6077	7577	1
6077	7698	1
6077	7767	1
6077	7771	1
6077	7986	1
6077	8147	1
6077	8362	1
6077	8378	1
6077	8574	1
6077	8672	1
6077	8722	1
6077	8723	1
6077	8974	1
6077	9223	1
6077	9284	2
6077	9292	1
6077	9487	1
6077	9614	1
6077	9700	1
6077	9719	1
6077	9995	1
6077	10011	2
6077	10072	1
6077	10342	1
6077	10374	1
6077	10444	1
6077	10499	1
6077	10556	1
6077	10561	1
6077	10584	1
6077	10677	1
6077	10866	1
6077	10949	1
6077	11234	1
6077	11240	1
6077	11361	1
6077	11456	1
6077	11491	1
6077	11517	1
6077	11575	1
6087	6836	1
6087	6838	1
6087	7004	3
6087	7094	2
6087	7457	1
6087	7867	2
6087	7947	1
6087	7966	1
6087	8038	1
6087	8143	3
6087	8378	3
6087	8380	2
6087	8673	1
6087	8851	2
6087	8974	1
6087	10072	1
6087	10444	2
6087	10709	1
6087	10949	1
6087	11234	1
6087	11240	3
6087	11307	1
6087	11517	2
6087	11539	1
6087	11820	1
6134	6209	4
6134	6288	5
6134	6292	3
6134	6324	1
6134	6329	11
6134	6342	2
6134	6427	1
6134	6437	1
6134	6531	1
6134	6532	2
6134	6582	1
6134	6707	1
6134	6836	2
6134	6838	1
6134	6839	1
6134	6852	3
6134	6930	4
6134	6966	2
6134	7004	4
6134	7094	7
6134	7097	7
6134	7098	2
6134	7115	1
6134	7119	1
6134	7143	1
6134	7144	2
6134	7150	1
6134	7172	2
6134	7351	1
6134	7438	1
6134	7524	2
6134	7528	2
6134	7530	2
6134	7609	3
6134	7698	3
6134	7700	1
6134	7722	1
6134	7730	2
6134	7867	6
6134	7954	1
6134	7966	4
6134	7973	3
6134	7986	2
6134	8038	4
6134	8039	1
6134	8138	3
6134	8143	2
6134	8147	4
6134	8166	2
6134	8167	2
6134	8315	1
6134	8475	1
6134	8476	2
6134	8624	2
6134	8673	1
6134	8699	1
6134	8701	2
6134	8723	6
6134	8851	1
6134	8918	4
6134	8974	3
6134	9029	2
6134	9163	1
6134	9252	1
6134	9254	1
6134	9256	1
6134	9258	1
6134	9260	1
6134	9284	17
6134	9482	1
6134	9533	1
6134	9579	1
6134	9700	2
6134	9701	1
6134	9920	1
6134	9995	3
6134	10027	5
6134	10072	1
6134	10444	2
6134	10460	1
6134	10487	1
6134	10503	1
6134	10512	4
6134	10513	1
6134	10515	7
6134	10556	1
6134	10677	5
6134	10678	1
6134	10731	4
6134	10734	2
6134	10766	2
6134	10900	2
6134	10921	1
6134	10990	1
6134	10995	2
6134	11045	1
6134	11077	1
6134	11078	1
6134	11079	1
6134	11132	1
6134	11234	5
6134	11240	13
6134	11424	3
6134	11425	4
6134	11491	3
6134	11492	3
6134	11502	2
6134	11517	1
6134	11536	2
6134	11539	1
6134	11575	1
6134	11820	1
6166	6170	1
6166	6329	1
6166	6463	2
6166	6681	1
6166	6827	1
6166	6966	1
6166	7119	1
6166	7172	1
6166	7341	1
6166	7342	1
6166	7434	1
6166	7438	1
6166	7528	1
6166	7664	1
6166	7700	1
6166	7767	1
6166	7771	1
6166	7809	1
6166	7954	1
6166	8362	2
6166	8374	1
6166	8722	1
6166	8773	1
6166	8851	2
6166	9069	1
6166	9223	1
6166	9284	1
6166	9487	1
6166	9597	1
6166	9614	1
6166	9719	1
6166	10010	1
6166	10514	2
6166	11424	3
6170	6324	1
6170	6329	1
6170	6437	1
6170	6463	1
6170	7004	1
6170	7097	1
6170	7434	1
6170	7436	1
6170	7809	1
6170	7947	2
6170	8351	1
6170	8362	1
6170	8378	1
6170	8673	1
6170	8974	1
6170	9254	1
6170	9256	1
6170	9614	1
6170	9719	1
6170	10072	1
6170	10556	1
6170	10559	1
6170	10561	1
6170	10621	1
6170	10677	1
6170	10709	1
6170	10949	2
6170	11234	1
6170	11288	1
6170	11307	1
6170	11424	1
6170	11456	1
6170	11820	1
6209	6288	1
6209	6329	4
6209	6427	1
6209	6531	1
6209	6532	1
6209	6836	1
6209	6839	1
6209	6852	1
6209	6930	2
6209	7004	2
6209	7094	3
6209	7097	3
6209	7098	1
6209	7457	1
6209	7528	1
6209	7867	2
6209	7966	1
6209	8038	2
6209	8138	1
6209	8143	2
6209	8147	1
6209	8167	1
6209	8475	1
6209	8476	1
6209	8673	1
6209	8699	1
6209	8701	1
6209	8723	2
6209	8851	1
6209	8974	2
6209	9029	2
6209	9163	1
6209	9252	1
6209	9284	3
6209	9700	1
6209	9995	1
6209	10027	1
6209	10072	1
6209	10444	1
6209	10515	2
6209	10556	1
6209	10677	2
6209	10731	2
6209	10734	2
6209	10900	1
6209	11234	2
6209	11240	3
6209	11491	1
6209	11492	1
6209	11539	2
6209	11698	1
6288	6292	6
6288	6311	2
6288	6324	1
6288	6329	7
6288	6342	1
6288	6427	1
6288	6531	1
6288	6532	2
6288	6616	1
6288	6836	3
6288	6838	1
6288	6839	1
6288	6852	3
6288	6910	2
6288	6930	3
6288	6966	1
6288	7004	3
6288	7094	6
6288	7097	7
6288	7119	1
6288	7144	3
6288	7172	3
6288	7342	1
6288	7700	1
6288	7730	3
6288	7867	2
6288	7947	1
6288	7966	2
6288	7973	1
6288	8038	4
6288	8039	2
6288	8138	2
6288	8143	2
6288	8147	3
6288	8166	4
6288	8204	2
6288	8315	1
6288	8351	1
6288	8385	1
6288	8475	3
6288	8476	1
6288	8605	3
6288	8672	1
6288	8673	4
6288	8699	3
6288	8701	2
6288	8722	1
6288	8723	2
6288	8851	5
6288	8918	1
6288	8919	1
6288	8974	10
6288	9029	2
6288	9079	1
6288	9122	2
6288	9135	2
6288	9163	6
6288	9260	1
6288	9284	11
6288	9482	1
6288	9700	5
6288	9701	2
6288	9806	3
6288	9995	2
6288	10027	6
6288	10072	4
6288	10118	1
6288	10342	1
6288	10374	1
6288	10444	1
6288	10460	1
6288	10499	1
6288	10503	1
6288	10512	1
6288	10514	1
6288	10515	3
6288	10556	1
6288	10557	1
6288	10561	1
6288	10584	1
6288	10677	8
6288	10678	2
6288	10731	1
6288	10734	2
6288	10803	2
6288	10900	1
6288	10921	2
6288	10990	1
6288	11021	1
6288	11045	2
6288	11077	1
6288	11079	4
6288	11234	12
6288	11240	17
6288	11288	3
6288	11361	2
6288	11425	2
6288	11491	1
6288	11502	1
6288	11536	1
6288	11539	2
6288	11734	2
6288	11777	1
6288	11820	1
6292	6324	2
6292	6329	3
6292	6342	1
6292	6427	1
6292	6531	1
6292	6532	1
6292	6616	1
6292	6707	1
6292	6836	1
6292	6852	2
6292	6910	1
6292	6930	2
6292	7004	2
6292	7094	2
6292	7097	4
6292	7098	1
6292	7143	2
6292	7144	2
6292	7342	1
6292	7457	1
6292	7730	2
6292	7867	2
6292	7966	1
6292	7973	1
6292	7986	1
6292	8038	2
6292	8039	2
6292	8147	3
6292	8166	2
6292	8167	1
6292	8204	1
6292	8315	1
6292	8351	1
6292	8475	2
6292	8605	1
6292	8672	1
6292	8699	1
6292	8722	1
6292	8723	2
6292	8851	3
6292	8918	1
6292	8919	1
6292	8974	5
6292	9135	1
6292	9163	1
6292	9284	6
6292	9579	1
6292	9700	2
6292	9806	2
6292	9995	1
6292	10027	4
6292	10072	2
6292	10342	1
6292	10374	1
6292	10460	2
6292	10487	1
6292	10499	1
6292	10514	1
6292	10515	2
6292	10556	1
6292	10557	1
6292	10561	1
6292	10677	4
6292	10678	1
6292	10734	1
6292	10766	1
6292	10803	2
6292	10900	1
6292	10921	1
6292	11021	1
6292	11045	2
6292	11077	1
6292	11079	1
6292	11132	1
6292	11234	4
6292	11240	6
6292	11491	2
6292	11502	2
6292	11734	1
6292	11820	1
6311	6329	3
6311	6616	1
6311	6750	1
6311	7004	1
6311	7094	2
6311	7097	6
6311	7119	2
6311	7143	1
6311	7144	1
6311	7172	1
6311	7396	1
6311	7528	1
6311	7530	1
6311	7577	1
6311	7700	1
6311	7809	1
6311	7878	1
6311	7966	1
6311	8038	2
6311	8147	2
6311	8166	1
6311	8167	1
6311	8373	2
6311	8374	1
6311	8387	1
6311	8605	2
6311	8673	3
6311	8722	1
6311	8723	1
6311	8801	2
6311	8857	1
6311	8974	2
6311	9135	1
6311	9163	1
6311	9226	1
6311	9246	1
6311	9260	1
6311	9284	7
6311	9487	1
6311	9614	1
6311	9920	2
6311	9995	4
6311	10072	1
6311	10460	2
6311	10499	2
6311	10503	1
6311	10515	1
6311	10677	5
6311	10678	1
6311	10734	1
6311	10900	1
6311	10950	1
6311	11079	2
6311	11234	7
6311	11237	1
6311	11240	3
6311	11307	3
6311	11539	2
6311	11734	2
6311	11777	1
6324	6329	6
6324	6342	1
6324	6427	1
6324	6508	1
6324	6595	1
6324	6681	1
6324	6707	1
6324	6836	2
6324	6852	2
6324	7004	2
6324	7094	2
6324	7097	4
6324	7098	1
6324	7115	1
6324	7119	1
6324	7143	1
6324	7144	1
6324	7150	1
6324	7341	1
6324	7342	1
6324	7434	1
6324	7436	1
6324	7524	1
6324	7722	1
6324	7730	1
6324	7809	1
6324	7947	1
6324	7973	1
6324	7986	1
6324	8019	1
6324	8038	2
6324	8039	1
6324	8147	2
6324	8166	2
6324	8167	1
6324	8204	1
6324	8385	1
6324	8605	1
6324	8624	1
6324	8672	2
6324	8673	1
6324	8699	1
6324	8722	1
6324	8723	4
6324	8918	2
6324	8974	4
6324	9135	1
6324	9258	1
6324	9284	6
6324	9579	2
6324	9614	1
6324	9700	1
6324	9806	1
6324	9920	1
6324	10027	1
6324	10072	3
6324	10342	2
6324	10374	1
6324	10460	2
6324	10487	1
6324	10503	1
6324	10513	1
6324	10514	1
6324	10515	1
6324	10677	3
6324	10678	2
6324	10734	1
6324	10803	2
6324	10900	1
6324	11021	1
6324	11045	1
6324	11079	1
6324	11132	1
6324	11234	5
6324	11240	3
6324	11288	2
6324	11491	3
6324	11539	2
6324	11734	1
6324	11820	1
6329	6342	2
6329	6427	2
6329	6508	2
6329	6582	1
6329	6595	3
6329	6681	1
6329	6707	1
6329	6836	3
6329	6838	1
6329	6852	12
6329	6896	1
6329	6910	1
6329	6930	2
6329	6966	2
6329	7004	8
6329	7094	16
6329	7097	22
6329	7098	3
6329	7115	1
6329	7119	1
6329	7143	8
6329	7144	1
6329	7150	5
6329	7172	2
6329	7341	2
6329	7342	2
6329	7457	2
6329	7524	2
6329	7528	2
6329	7577	1
6329	7609	1
6329	7664	1
6329	7698	4
6329	7700	1
6329	7722	2
6329	7730	3
6329	7767	1
6329	7867	7
6329	7947	2
6329	7956	2
6329	7966	6
6329	7973	1
6329	7986	2
6329	8019	3
6329	8030	1
6329	8038	5
6329	8039	1
6329	8138	1
6329	8143	1
6329	8147	14
6329	8166	6
6329	8167	5
6329	8204	3
6329	8315	2
6329	8351	2
6329	8374	2
6329	8385	3
6329	8475	2
6329	8476	1
6329	8574	5
6329	8605	9
6329	8624	3
6329	8672	2
6329	8673	10
6329	8699	3
6329	8701	2
6329	8722	13
6329	8723	16
6329	8801	1
6329	8851	8
6329	8918	3
6329	8939	1
6329	8974	6
6329	9029	3
6329	9079	2
6329	9135	2
6329	9163	3
6329	9246	2
6329	9252	3
6329	9254	1
6329	9258	4
6329	9260	6
6329	9284	32
6329	9417	3
6329	9482	1
6329	9487	1
6329	9501	1
6329	9531	4
6329	9533	2
6329	9579	3
6329	9597	1
6329	9700	7
6329	9701	1
6329	9806	2
6329	9920	2
6329	9995	6
6329	10027	9
6329	10072	13
6329	10118	4
6329	10342	16
6329	10374	1
6329	10460	5
6329	10487	1
6329	10503	1
6329	10512	3
6329	10513	2
6329	10514	1
6329	10515	9
6329	10556	2
6329	10559	1
6329	10561	1
6329	10677	22
6329	10678	3
6329	10709	1
6329	10731	4
6329	10734	4
6329	10766	4
6329	10803	5
6329	10900	6
6329	10949	1
6329	10950	2
6329	10990	1
6329	10995	1
6329	11021	5
6329	11026	2
6329	11045	1
6329	11077	2
6329	11078	4
6329	11079	4
6329	11132	1
6329	11178	1
6329	11234	17
6329	11240	22
6329	11288	3
6329	11307	1
6329	11361	6
6329	11424	5
6329	11425	4
6329	11456	1
6329	11491	6
6329	11492	10
6329	11536	2
6329	11539	3
6329	11734	2
6329	11777	1
6329	11820	1
6342	6427	1
6342	6531	1
6342	6836	1
6342	6838	1
6342	6852	1
6342	7004	1
6342	7094	3
6342	7097	1
6342	7115	1
6342	7132	1
6342	7172	1
6342	7342	1
6342	7434	1
6342	7438	1
6342	7664	1
6342	7698	1
6342	7722	1
6342	7730	1
6342	7767	1
6342	7973	2
6342	8038	1
6342	8039	1
6342	8147	3
6342	8166	2
6342	8204	1
6342	8475	1
6342	8476	1
6342	8672	1
6342	8673	1
6342	8722	1
6342	8801	1
6342	8857	1
6342	8918	6
6342	8919	2
6342	8939	1
6342	8974	3
6342	9135	2
6342	9284	3
6342	9482	1
6342	9700	1
6342	9806	1
6342	9920	1
6342	9995	1
6342	10072	1
6342	10342	2
6342	10374	1
6342	10487	1
6342	10514	1
6342	10515	1
6342	10677	2
6342	10803	1
6342	10900	1
6342	10949	1
6342	11021	2
6342	11026	1
6342	11045	2
6342	11077	1
6342	11079	1
6342	11132	2
6342	11234	2
6342	11240	2
6342	11734	1
6342	11820	1
6371	6444	1
6371	7341	1
6371	7342	1
6371	7434	1
6371	7528	1
6371	7664	4
6371	7767	1
6371	7973	1
6371	8030	1
6371	8362	1
6371	8373	1
6371	8378	1
6371	8380	1
6371	8773	1
6371	9226	2
6371	9804	1
6371	9920	1
6371	10011	1
6371	10621	1
6371	10866	1
6371	11575	1
6371	11791	1
6427	6836	1
6427	6852	1
6427	7094	1
6427	7097	1
6427	7150	1
6427	7172	1
6427	7342	2
6427	7434	1
6427	7698	2
6427	7700	1
6427	7730	1
6427	7878	1
6427	8143	2
6427	8147	2
6427	8166	1
6427	8204	1
6427	8373	1
6427	8475	1
6427	8672	1
6427	8722	2
6427	8723	1
6427	8849	1
6427	8851	1
6427	8974	3
6427	9135	1
6427	9252	1
6427	9284	2
6427	9501	1
6427	9700	1
6427	9806	1
6427	9995	1
6427	9998	1
6427	10027	1
6427	10072	1
6427	10342	1
6427	10374	1
6427	10444	1
6427	10460	1
6427	10499	2
6427	10512	1
6427	10514	1
6427	10515	2
6427	10677	1
6427	10803	1
6427	10866	1
6427	11021	1
6427	11045	1
6427	11079	1
6427	11234	3
6427	11240	3
6427	11425	1
6427	11492	1
6427	11502	1
6427	11539	1
6427	11698	1
6427	11734	1
6427	11777	1
6427	11820	1
6437	6444	1
6437	6531	2
6437	6532	6
6437	7143	1
6437	7524	1
6437	7771	2
6437	7928	1
6437	7947	1
6437	7986	1
6437	8147	2
6437	8378	3
6437	8605	1
6437	8918	1
6437	9284	1
6437	10444	1
6437	11086	2
6437	11456	3
6437	11517	1
6437	11575	1
6437	11791	1
6444	6827	1
6444	6966	1
6444	7342	1
6444	7434	1
6444	7438	1
6444	7528	1
6444	7664	1
6444	7767	1
6444	8030	2
6444	8362	1
6444	8373	1
6444	8857	1
6444	9804	1
6444	10010	1
6444	10621	1
6444	11424	1
6444	11575	1
6444	11791	1
6463	6681	2
6463	6839	1
6463	6966	1
6463	7434	1
6463	7986	1
6463	8143	1
6463	8362	3
6463	8378	1
6463	8851	2
6463	9069	1
6463	9284	1
6463	9487	1
6463	9719	3
6463	10011	1
6463	10374	1
6463	10621	1
6463	11307	1
6463	11820	2
6508	6595	2
6508	6930	1
6508	7094	2
6508	7097	1
6508	7150	2
6508	7172	1
6508	7341	1
6508	7342	1
6508	7457	1
6508	8019	1
6508	8147	1
6508	8244	2
6508	8722	4
6508	8723	3
6508	8773	1
6508	8851	1
6508	9135	1
6508	9284	4
6508	9292	1
6508	10342	2
6508	11240	3
6508	11424	1
6508	11491	2
6508	11698	1
6531	6532	7
6531	6836	2
6531	6838	1
6531	6839	2
6531	7094	2
6531	7097	1
6531	7119	1
6531	7396	1
6531	7436	1
6531	7457	1
6531	7528	1
6531	7664	1
6531	7698	1
6531	7771	1
6531	7809	2
6531	7928	2
6531	7966	1
6531	7986	1
6531	8038	1
6531	8039	1
6531	8143	1
6531	8147	6
6531	8204	1
6531	8371	1
6531	8374	1
6531	8378	1
6531	8574	1
6531	8624	1
6531	8673	1
6531	8699	1
6531	8851	1
6531	8857	1
6531	8918	1
6531	8919	2
6531	8974	1
6531	9135	1
6531	9260	1
6531	9284	2
6531	9417	1
6531	9614	1
6531	9700	1
6531	9995	1
6531	10010	1
6531	10011	1
6531	10027	1
6531	10444	1
6531	10487	1
6531	10499	1
6531	10584	1
6531	10900	1
6531	10921	1
6531	11045	1
6531	11077	1
6531	11086	2
6531	11234	3
6531	11240	1
6531	11456	1
6531	11491	1
6531	11517	3
6531	11575	2
6531	11791	1
6532	6836	2
6532	6838	2
6532	6839	1
6532	6852	1
6532	6966	2
6532	7004	1
6532	7094	2
6532	7097	3
6532	7115	1
6532	7143	1
6532	7341	1
6532	7396	1
6532	7457	1
6532	7524	1
6532	7574	2
6532	7577	2
6532	7698	1
6532	7771	2
6532	7809	2
6532	7867	1
6532	7928	1
6532	7947	1
6532	7966	1
6532	7986	1
6532	8018	1
6532	8039	1
6532	8060	1
6532	8143	1
6532	8147	6
6532	8166	1
6532	8204	1
6532	8371	1
6532	8374	1
6532	8378	3
6532	8385	1
6532	8574	4
6532	8605	3
6532	8624	2
6532	8673	1
6532	8699	1
6532	8722	1
6532	8723	1
6532	8851	1
6532	8918	3
6532	8919	1
6532	8974	2
6532	9258	1
6532	9260	2
6532	9284	5
6532	9417	2
6532	9482	1
6532	9579	2
6532	9614	1
6532	9700	3
6532	9701	1
6532	9995	2
6532	10010	1
6532	10027	2
6532	10072	1
6532	10444	1
6532	10499	1
6532	10512	1
6532	10515	1
6532	10556	1
6532	10584	2
6532	10677	1
6532	10678	1
6532	10921	1
6532	11045	1
6532	11077	1
6532	11086	3
6532	11178	3
6532	11234	4
6532	11240	2
6532	11361	1
6532	11424	2
6532	11456	3
6532	11491	2
6532	11517	1
6532	11536	1
6532	11575	1
6532	11698	1
6532	11791	1
6532	11820	1
6582	6707	2
6582	6930	1
6582	7004	1
6582	7094	3
6582	7097	3
6582	7150	2
6582	7722	1
6582	7767	1
6582	7867	2
6582	7966	1
6582	8166	1
6582	8475	1
6582	8624	1
6582	8722	1
6582	9069	1
6582	9284	3
6582	9533	1
6582	9995	4
6582	10512	1
6582	10677	3
6582	10731	1
6582	11021	1
6582	11026	1
6582	11077	1
6582	11424	1
6582	11536	1
6595	6852	2
6595	7094	3
6595	7097	1
6595	7342	1
6595	7457	1
6595	7698	1
6595	8019	1
6595	8315	1
6595	8374	1
6595	8605	1
6595	8722	1
6595	8723	2
6595	8801	1
6595	8851	2
6595	9135	1
6595	9163	1
6595	9284	4
6595	9292	1
6595	9533	1
6595	9806	1
6595	10027	1
6595	10072	2
6595	10342	1
6595	10503	1
6595	10866	1
6595	11079	1
6595	11234	1
6595	11240	3
6595	11361	1
6595	11491	1
6595	11492	2
6616	6910	2
6616	6930	1
6616	7342	1
6616	7528	1
6616	7530	1
6616	8018	1
6616	8038	1
6616	8315	1
6616	8373	1
6616	8974	1
6616	9069	1
6616	9226	1
6616	9284	2
6616	10027	1
6616	10677	1
6616	11045	1
6616	11132	1
6616	11240	1
6616	11502	1
6681	6836	1
6681	6896	1
6681	7094	1
6681	7150	1
6681	7434	1
6681	7722	1
6681	7771	1
6681	8166	1
6681	8362	1
6681	8851	1
6681	8939	1
6681	9284	2
6681	10072	2
6681	10342	1
6681	10460	1
6681	10677	1
6681	10734	1
6681	11021	1
6681	11077	1
6681	11234	2
6681	11424	1
6681	11491	1
6681	11539	1
6707	7004	1
6707	7094	1
6707	7097	1
6707	7098	1
6707	7143	1
6707	7144	1
6707	7973	1
6707	7986	1
6707	8038	1
6707	8039	1
6707	8147	2
6707	8166	1
6707	8167	1
6707	8672	1
6707	8673	1
6707	8723	1
6707	8918	1
6707	8974	2
6707	9069	1
6707	9135	1
6707	9284	2
6707	9579	1
6707	9995	2
6707	10460	3
6707	10487	1
6707	10512	1
6707	10677	2
6707	10678	1
6707	10900	2
6707	11132	1
6707	11234	3
6707	11240	1
6707	11424	1
6707	11491	1
6749	6750	2
6749	6966	1
6749	7094	1
6749	7115	1
6749	7144	1
6749	7351	1
6749	7574	1
6749	7664	1
6749	7698	1
6749	7700	1
6749	7767	1
6749	7867	1
6749	7954	1
6749	8147	1
6749	8387	1
6749	8605	1
6749	8672	1
6749	8849	1
6749	8851	2
6749	9700	1
6749	9701	1
6749	9719	1
6749	9995	1
6749	10503	1
6749	10512	1
6749	10513	1
6749	10556	1
6749	10559	1
6749	10561	1
6749	10866	1
6749	11026	1
6749	11234	1
6749	11424	1
6749	11575	1
6749	11777	1
6750	6910	1
6750	6966	1
6750	7119	1
6750	7132	1
6750	7436	1
6750	7528	1
6750	7698	2
6750	7730	1
6750	7878	1
6750	7986	1
6750	8030	1
6750	8038	1
6750	8147	3
6750	8387	3
6750	8851	1
6750	8974	1
6750	9284	1
6750	9700	1
6750	9995	5
6750	9998	2
6750	10499	1
6750	10512	2
6750	10513	1
6750	10515	1
6750	10950	1
6750	11021	1
6750	11234	2
6750	11237	1
6750	11240	1
6750	11288	1
6750	11424	1
6750	11491	1
6750	11734	1
6750	11777	3
6827	6966	1
6827	7528	1
6827	7954	1
6827	7966	1
6827	8378	1
6827	8624	1
6827	8851	1
6827	8974	1
6827	9135	1
6827	9284	1
6827	10460	1
6827	10503	1
6827	10514	2
6827	11234	1
6827	11240	1
6827	11307	1
6827	11424	3
6827	11425	1
6836	6838	2
6836	6839	4
6836	6852	2
6836	6896	1
6836	6966	2
6836	7004	2
6836	7094	2
6836	7097	5
6836	7115	2
6836	7119	1
6836	7143	1
6836	7150	2
6836	7172	1
6836	7341	3
6836	7342	4
6836	7457	1
6836	7528	1
6836	7530	1
6836	7574	2
6836	7577	1
6836	7664	2
6836	7698	2
6836	7722	2
6836	7730	1
6836	7767	2
6836	7771	1
6836	7928	1
6836	7966	1
6836	7986	1
6836	8018	2
6836	8030	2
6836	8038	2
6836	8143	10
6836	8147	2
6836	8166	1
6836	8204	2
6836	8362	1
6836	8371	2
6836	8373	2
6836	8378	2
6836	8605	1
6836	8672	4
6836	8722	1
6836	8773	1
6836	8851	8
6836	8918	2
6836	8974	5
6836	9069	1
6836	9135	3
6836	9223	3
6836	9226	1
6836	9284	2
6836	9292	1
6836	9700	3
6836	9701	1
6836	9719	2
6836	9806	1
6836	9995	3
6836	10010	1
6836	10011	1
6836	10027	1
6836	10072	2
6836	10342	1
6836	10374	3
6836	10444	1
6836	10460	2
6836	10499	1
6836	10512	2
6836	10514	1
6836	10515	3
6836	10556	1
6836	10561	1
6836	10584	1
6836	10621	1
6836	10677	2
6836	10734	1
6836	10766	1
6836	10803	1
6836	10866	2
6836	10949	1
6836	11021	1
6836	11045	1
6836	11079	1
6836	11234	8
6836	11240	7
6836	11361	1
6836	11424	2
6836	11425	2
6836	11491	2
6836	11517	2
6836	11536	1
6836	11539	2
6836	11575	1
6836	11734	1
6836	11777	1
6836	11791	1
6836	11820	2
6838	6852	1
6838	6966	1
6838	7004	1
6838	7094	1
6838	7097	2
6838	7098	1
6838	7115	1
6838	7172	1
6838	7341	1
6838	7574	1
6838	7664	1
6838	7698	2
6838	7730	1
6838	7867	1
6838	7956	1
6838	8038	1
6838	8039	2
6838	8143	2
6838	8147	1
6838	8378	2
6838	8380	1
6838	8476	1
6838	8574	1
6838	8605	2
6838	8673	2
6838	8851	2
6838	8857	1
6838	8918	2
6838	8919	1
6838	9135	2
6838	9260	1
6838	9292	1
6838	9579	1
6838	9700	2
6838	9701	1
6838	9900	1
6838	10027	1
6838	10072	2
6838	10487	1
6838	10512	2
6838	10515	1
6838	10677	2
6838	10900	1
6838	11021	1
6838	11078	1
6838	11079	1
6838	11178	1
6838	11234	1
6838	11240	1
6838	11424	1
6838	11425	1
6838	11517	1
6838	11647	1
6838	11820	1
6839	6966	1
6839	7094	1
6839	7097	1
6839	7150	1
6839	7172	1
6839	7351	1
6839	7457	1
6839	7528	1
6839	7530	1
6839	7698	1
6839	7771	1
6839	7966	1
6839	8143	3
6839	8147	1
6839	8166	1
6839	8204	1
6839	8362	1
6839	8378	1
6839	8605	1
6839	8851	1
6839	8974	2
6839	9258	1
6839	9284	1
6839	9995	1
6839	10011	1
6839	10027	1
6839	10444	2
6839	10499	1
6839	10503	1
6839	10803	1
6839	10921	1
6839	11234	3
6839	11240	2
6839	11424	1
6839	11517	2
6839	11575	1
6839	11647	1
6839	11820	2
6852	6966	1
6852	7004	1
6852	7094	4
6852	7097	11
6852	7098	1
6852	7143	1
6852	7342	1
6852	7528	1
6852	7530	1
6852	7577	1
6852	7698	2
6852	7700	1
6852	7730	2
6852	7867	1
6852	7956	2
6852	7966	3
6852	8138	1
6852	8143	1
6852	8147	4
6852	8166	5
6852	8204	2
6852	8315	1
6852	8351	1
6852	8378	1
6852	8385	2
6852	8574	3
6852	8605	3
6852	8624	3
6852	8672	1
6852	8673	2
6852	8699	1
6852	8722	5
6852	8723	5
6852	8801	1
6852	8851	3
6852	8974	3
6852	9135	2
6852	9163	2
6852	9258	1
6852	9284	11
6852	9417	2
6852	9501	1
6852	9531	3
6852	9533	1
6852	9700	4
6852	9701	1
6852	9806	2
6852	9920	1
6852	9995	1
6852	10027	2
6852	10072	6
6852	10118	1
6852	10342	6
6852	10374	1
6852	10460	1
6852	10512	1
6852	10513	1
6852	10514	1
6852	10515	3
6852	10677	9
6852	10731	2
6852	10734	3
6852	10766	3
6852	10803	2
6852	10995	1
6852	11021	3
6852	11026	1
6852	11045	1
6852	11078	2
6852	11079	3
6852	11178	1
6852	11234	8
6852	11240	6
6852	11288	2
6852	11361	2
6852	11425	2
6852	11491	2
6852	11492	4
6852	11536	2
6852	11734	1
6852	11820	1
6896	7094	3
6896	7097	1
6896	7132	1
6896	7150	1
6896	7341	1
6896	7342	1
6896	7528	1
6896	7698	1
6896	7954	1
6896	7986	1
6896	8030	1
6896	8143	1
6896	8147	2
6896	8166	1
6896	8672	2
6896	8851	1
6896	8939	1
6896	9135	2
6896	9284	1
6896	9292	1
6896	9995	1
6896	10460	1
6896	10512	1
6896	11021	1
6896	11077	2
6896	11234	2
6896	11424	1
6910	6930	1
6910	6966	1
6910	7004	2
6910	7172	1
6910	7730	1
6910	8018	1
6910	8038	3
6910	8060	2
6910	8315	1
6910	8673	1
6910	8701	1
6910	8851	1
6910	8974	4
6910	9079	1
6910	9122	1
6910	9163	1
6910	9260	1
6910	9284	3
6910	9482	1
6910	9700	2
6910	9806	1
6910	10027	6
6910	10118	1
6910	10460	1
6910	10677	2
6910	10900	1
6910	10990	1
6910	11021	1
6910	11234	2
6910	11240	5
6910	11288	1
6910	11425	1
6910	11491	2
6910	11502	3
6910	11539	2
6910	11777	1
6930	7004	4
6930	7094	2
6930	7097	4
6930	7098	1
6930	7150	1
6930	7528	1
6930	7730	1
6930	7867	3
6930	7973	1
6930	8038	5
6930	8138	2
6930	8147	1
6930	8167	1
6930	8244	1
6930	8315	1
6930	8476	1
6930	8673	2
6930	8722	1
6930	8723	1
6930	8918	1
6930	8974	2
6930	9029	1
6930	9079	1
6930	9163	1
6930	9252	1
6930	9284	7
6930	9533	1
6930	9700	1
6930	9995	2
6930	10027	2
6930	10515	1
6930	10556	1
6930	10677	4
6930	10731	1
6930	10734	1
6930	10766	1
6930	10900	1
6930	11234	1
6930	11240	6
6930	11288	1
6930	11491	1
6930	11502	2
6930	11536	1
6930	11698	1
6966	7004	1
6966	7094	1
6966	7097	1
6966	7115	1
6966	7150	1
6966	7172	3
6966	7351	1
6966	7528	1
6966	7574	1
6966	7609	1
6966	7664	1
6966	7698	2
6966	7954	1
6966	7956	1
6966	8143	1
6966	8147	1
6966	8166	1
6966	8385	1
6966	8605	1
6966	8673	1
6966	8723	3
6966	8851	2
6966	8918	1
6966	8974	2
6966	9079	1
6966	9223	1
6966	9260	2
6966	9284	4
6966	9700	1
6966	9701	1
6966	9920	2
6966	9995	1
6966	10010	1
6966	10011	1
6966	10027	2
6966	10072	1
6966	10118	1
6966	10460	1
6966	10499	1
6966	10512	2
6966	10514	1
6966	10515	1
6966	10556	1
6966	10677	3
6966	10766	1
6966	10900	1
6966	10990	1
6966	10995	1
6966	11078	1
6966	11234	3
6966	11240	5
6966	11288	1
6966	11424	10
6966	11425	5
6966	11456	1
6966	11492	1
6966	11539	1
6966	11698	1
6966	11777	2
6966	11820	1
7004	7094	3
7004	7097	9
7004	7098	2
7004	7143	2
7004	7144	1
7004	7150	2
7004	7172	2
7004	7351	1
7004	7528	1
7004	7530	1
7004	7577	1
7004	7609	1
7004	7867	5
7004	7947	1
7004	7973	1
7004	7986	1
7004	8038	9
7004	8039	1
7004	8060	1
7004	8138	3
7004	8143	1
7004	8147	2
7004	8166	1
7004	8167	3
7004	8351	1
7004	8378	3
7004	8380	2
7004	8475	2
7004	8476	2
7004	8574	1
7004	8605	2
7004	8624	1
7004	8672	2
7004	8673	7
7004	8699	1
7004	8701	1
7004	8722	3
7004	8723	3
7004	8801	1
7004	8851	4
7004	8918	4
7004	8974	8
7004	9029	2
7004	9079	2
7004	9163	2
7004	9246	1
7004	9252	1
7004	9254	2
7004	9256	2
7004	9258	2
7004	9260	3
7004	9284	11
7004	9417	1
7004	9482	3
7004	9501	1
7004	9579	2
7004	9700	3
7004	9806	2
7004	9995	3
7004	10027	4
7004	10072	4
7004	10118	3
7004	10460	3
7004	10487	1
7004	10512	1
7004	10515	2
7004	10556	2
7004	10559	2
7004	10677	9
7004	10678	2
7004	10709	2
7004	10734	2
7004	10766	1
7004	10803	2
7004	10900	4
7004	10921	1
7004	10949	2
7004	10990	2
7004	11045	1
7004	11132	1
7004	11178	1
7004	11234	7
7004	11240	9
7004	11288	3
7004	11361	1
7004	11425	1
7004	11491	4
7004	11517	2
7004	11539	3
7004	11698	1
7004	11734	1
7004	11777	1
7004	11820	1
7094	7097	24
7094	7098	2
7094	7119	2
7094	7132	2
7094	7143	2
7094	7144	2
7094	7150	4
7094	7172	2
7094	7342	1
7094	7457	1
7094	7528	3
7094	7530	2
7094	7609	1
7094	7698	6
7094	7700	3
7094	7722	2
7094	7730	3
7094	7767	2
7094	7867	14
7094	7878	1
7094	7947	2
7094	7954	2
7094	7966	11
7094	7986	1
7094	8030	1
7094	8038	3
7094	8039	1
7094	8138	3
7094	8143	2
7094	8147	11
7094	8166	11
7094	8167	1
7094	8204	1
7094	8244	3
7094	8351	1
7094	8373	1
7094	8378	2
7094	8380	2
7094	8475	3
7094	8476	1
7094	8574	1
7094	8605	3
7094	8624	4
7094	8672	5
7094	8673	5
7094	8699	2
7094	8701	3
7094	8722	4
7094	8723	9
7094	8801	3
7094	8851	9
7094	8918	2
7094	8919	2
7094	8939	2
7094	8974	6
7094	9029	1
7094	9079	1
7094	9122	1
7094	9135	7
7094	9163	2
7094	9252	1
7094	9258	2
7094	9284	37
7094	9501	1
7094	9531	2
7094	9533	2
7094	9597	1
7094	9700	5
7094	9701	2
7094	9806	1
7094	9920	2
7094	9995	9
7094	9998	2
7094	10027	1
7094	10072	7
7094	10118	2
7094	10342	6
7094	10374	1
7094	10460	5
7094	10487	2
7094	10499	7
7094	10503	1
7094	10512	5
7094	10514	2
7094	10515	4
7094	10556	2
7094	10557	1
7094	10559	1
7094	10561	1
7094	10584	1
7094	10677	13
7094	10678	1
7094	10731	3
7094	10734	2
7094	10766	1
7094	10803	3
7094	10900	2
7094	10921	1
7094	10949	1
7094	10995	2
7094	11021	6
7094	11026	4
7094	11045	3
7094	11077	9
7094	11078	2
7094	11079	4
7094	11132	2
7094	11178	1
7094	11234	20
7094	11237	1
7094	11240	16
7094	11288	3
7094	11307	4
7094	11361	6
7094	11424	5
7094	11425	4
7094	11491	5
7094	11492	3
7094	11517	2
7094	11536	1
7094	11539	5
7094	11698	1
7094	11734	3
7094	11820	1
7097	7098	4
7097	7119	2
7097	7143	5
7097	7144	2
7097	7150	5
7097	7172	1
7097	7342	1
7097	7457	1
7097	7524	1
7097	7528	3
7097	7530	2
7097	7577	3
7097	7698	3
7097	7700	2
7097	7730	2
7097	7767	1
7097	7867	9
7097	7947	3
7097	7956	3
7097	7966	7
7097	7973	1
7097	7986	2
7097	8030	1
7097	8038	9
7097	8039	3
7097	8138	4
7097	8143	3
7097	8147	11
7097	8166	11
7097	8167	2
7097	8204	2
7097	8351	3
7097	8373	1
7097	8378	1
7097	8385	2
7097	8475	2
7097	8476	2
7097	8574	4
7097	8605	6
7097	8624	4
7097	8672	3
7097	8673	8
7097	8699	2
7097	8701	2
7097	8722	8
7097	8723	11
7097	8801	2
7097	8851	6
7097	8918	5
7097	8919	1
7097	8974	14
7097	9029	1
7097	9079	1
7097	9122	1
7097	9135	6
7097	9163	2
7097	9252	1
7097	9254	1
7097	9256	1
7097	9258	3
7097	9284	37
7097	9417	2
7097	9482	2
7097	9501	2
7097	9531	3
7097	9533	1
7097	9579	2
7097	9597	1
7097	9700	6
7097	9701	2
7097	9806	2
7097	9900	1
7097	9920	2
7097	9995	6
7097	9998	1
7097	10027	1
7097	10072	5
7097	10118	2
7097	10342	5
7097	10374	1
7097	10460	8
7097	10487	3
7097	10499	2
7097	10512	2
7097	10514	2
7097	10515	4
7097	10556	3
7097	10557	2
7097	10559	1
7097	10561	1
7097	10677	31
7097	10678	3
7097	10709	1
7097	10731	2
7097	10734	5
7097	10766	1
7097	10803	3
7097	10900	5
7097	10949	2
7097	10950	1
7097	10995	1
7097	11021	5
7097	11026	2
7097	11045	2
7097	11077	2
7097	11078	1
7097	11079	4
7097	11132	2
7097	11178	3
7097	11234	26
7097	11237	2
7097	11240	20
7097	11288	3
7097	11307	4
7097	11361	4
7097	11424	5
7097	11425	2
7097	11491	9
7097	11492	2
7097	11536	3
7097	11539	5
7097	11734	2
7097	11820	2
7098	7143	1
7098	7144	1
7098	7528	1
7098	7730	1
7098	7867	2
7098	7966	1
7098	7973	1
7098	7986	1
7098	8038	2
7098	8039	1
7098	8138	1
7098	8147	1
7098	8166	1
7098	8167	2
7098	8475	1
7098	8476	2
7098	8605	1
7098	8672	1
7098	8673	1
7098	8699	1
7098	8722	1
7098	8723	1
7098	8918	1
7098	8974	1
7098	9284	3
7098	9579	1
7098	9700	1
7098	9701	1
7098	9995	1
7098	10342	1
7098	10460	1
7098	10487	1
7098	10556	1
7098	10677	4
7098	10678	1
7098	10731	1
7098	10734	1
7098	10900	1
7098	11021	1
7098	11026	2
7098	11045	1
7098	11079	1
7098	11132	1
7098	11234	2
7098	11240	1
7098	11288	1
7098	11491	1
7098	11698	1
7115	7119	1
7115	7150	2
7115	7341	2
7115	7342	2
7115	7351	1
7115	7528	1
7115	7530	1
7115	7574	1
7115	7664	2
7115	7698	2
7115	7700	1
7115	7767	2
7115	7954	1
7115	8018	1
7115	8030	2
7115	8147	1
7115	8373	1
7115	8624	1
7115	8723	2
7115	8851	1
7115	8918	2
7115	8974	1
7115	9069	1
7115	9284	2
7115	9920	1
7115	9995	1
7115	10503	1
7115	10512	2
7115	10513	1
7115	10515	2
7115	10621	2
7115	10677	2
7115	10766	1
7115	11234	2
7115	11240	2
7115	11424	1
7115	11425	2
7115	11575	1
7115	11777	1
7119	7144	1
7119	7341	3
7119	7342	3
7119	7528	1
7119	7664	2
7119	7767	1
7119	7771	1
7119	7867	1
7119	7878	1
7119	7928	1
7119	7947	1
7119	7966	1
7119	8018	1
7119	8030	2
7119	8147	5
7119	8166	1
7119	8373	2
7119	8374	1
7119	8387	1
7119	8673	1
7119	8722	1
7119	8723	1
7119	8851	1
7119	8918	1
7119	9069	1
7119	9284	7
7119	9292	1
7119	9487	1
7119	9597	1
7119	9995	3
7119	10027	1
7119	10499	1
7119	10514	1
7119	10515	1
7119	10621	1
7119	10677	2
7119	10734	1
7119	10766	1
7119	10950	1
7119	10990	2
7119	11079	1
7119	11086	1
7119	11234	4
7119	11237	1
7119	11240	1
7119	11307	1
7119	11424	1
7119	11425	1
7119	11734	1
7119	11777	2
7132	7172	1
7132	7434	1
7132	7436	1
7132	7528	2
7132	7698	1
7132	7767	2
7132	7878	1
7132	7954	1
7132	8030	1
7132	8147	3
7132	8939	1
7132	9995	3
7132	9998	3
7132	10460	1
7132	10512	1
7132	11077	1
7132	11234	2
7132	11307	1
7132	11425	1
7132	11539	1
7143	7144	1
7143	7457	2
7143	7524	1
7143	7577	1
7143	7698	1
7143	7867	2
7143	7956	1
7143	7966	2
7143	7973	1
7143	7986	1
7143	8030	1
7143	8038	2
7143	8039	1
7143	8147	3
7143	8166	1
7143	8167	2
7143	8574	1
7143	8605	1
7143	8624	2
7143	8673	1
7143	8722	1
7143	8723	1
7143	8851	4
7143	8918	2
7143	8974	2
7143	9246	1
7143	9258	1
7143	9260	1
7143	9284	4
7143	9531	2
7143	9579	1
7143	9700	1
7143	9920	2
7143	9995	1
7143	10072	1
7143	10118	1
7143	10342	2
7143	10460	3
7143	10487	1
7143	10512	2
7143	10515	2
7143	10677	3
7143	10678	1
7143	10900	2
7143	11086	1
7143	11132	1
7143	11234	3
7143	11240	4
7143	11288	1
7143	11307	1
7143	11424	1
7143	11491	2
7143	11539	1
7144	7730	1
7144	7966	2
7144	7973	1
7144	7986	1
7144	8038	2
7144	8039	1
7144	8147	4
7144	8166	2
7144	8167	1
7144	8351	1
7144	8475	1
7144	8673	1
7144	8723	1
7144	8918	1
7144	8974	1
7144	9284	5
7144	9579	1
7144	9995	1
7144	10460	1
7144	10487	1
7144	10513	1
7144	10515	1
7144	10677	2
7144	10678	1
7144	10734	1
7144	10803	1
7144	10866	1
7144	10900	1
7144	11079	1
7144	11132	1
7144	11234	4
7144	11240	2
7144	11288	1
7144	11491	1
7144	11777	1
7150	7172	2
7150	7524	2
7150	7698	3
7150	7700	1
7150	7722	1
7150	7867	1
7150	7956	1
7150	7986	1
7150	8030	1
7150	8038	1
7150	8143	4
7150	8147	5
7150	8166	1
7150	8244	1
7150	8315	1
7150	8373	1
7150	8385	1
7150	8605	1
7150	8624	2
7150	8672	1
7150	8701	1
7150	8722	3
7150	8723	4
7150	8849	1
7150	8851	1
7150	8918	1
7150	8939	1
7150	8974	3
7150	9079	2
7150	9252	1
7150	9260	2
7150	9284	10
7150	9533	1
7150	9920	1
7150	9995	4
7150	10027	2
7150	10444	1
7150	10460	3
7150	10499	2
7150	10503	1
7150	10513	2
7150	10514	1
7150	10677	6
7150	10766	1
7150	10803	1
7150	11021	1
7150	11077	1
7150	11078	1
7150	11234	7
7150	11240	8
7150	11288	1
7150	11361	1
7150	11424	3
7150	11425	1
7150	11491	1
7150	11492	2
7150	11517	1
7150	11539	1
7150	11777	1
7172	7434	1
7172	7438	1
7172	7528	1
7172	7698	2
7172	7700	2
7172	7767	2
7172	7954	2
7172	8143	1
7172	8147	4
7172	8373	1
7172	8385	1
7172	8476	1
7172	8673	1
7172	8722	2
7172	8723	3
7172	8773	1
7172	8801	1
7172	8851	2
7172	8918	1
7172	8974	5
7172	9079	2
7172	9135	1
7172	9223	1
7172	9252	1
7172	9260	2
7172	9284	6
7172	9482	1
7172	9920	1
7172	9995	2
7172	9998	1
7172	10010	1
7172	10027	3
7172	10118	1
7172	10444	1
7172	10460	2
7172	10499	2
7172	10503	1
7172	10512	2
7172	10514	1
7172	10677	3
7172	10900	1
7172	10921	1
7172	10990	1
7172	11045	1
7172	11234	8
7172	11240	7
7172	11288	1
7172	11307	3
7172	11424	2
7172	11425	2
7172	11491	1
7172	11492	1
7172	11539	3
7172	11777	1
7341	7342	11
7341	7528	3
7341	7530	1
7341	7574	1
7341	7664	3
7341	7767	1
7341	7771	1
7341	7867	1
7341	7928	1
7341	7954	1
7341	8018	2
7341	8019	1
7341	8030	6
7341	8143	2
7341	8371	3
7341	8373	3
7341	8374	1
7341	8574	1
7341	8672	2
7341	8722	1
7341	8849	1
7341	8851	3
7341	8974	1
7341	9069	1
7341	9135	1
7341	9226	1
7341	9260	1
7341	9292	3
7341	9487	1
7341	9579	1
7341	9597	1
7341	9920	1
7341	9995	3
7341	10011	1
7341	10027	2
7341	10342	1
7341	10512	1
7341	10515	1
7341	10584	1
7341	10621	2
7341	10766	1
7341	10866	5
7341	11178	1
7341	11234	1
7341	11424	1
7341	11425	1
7341	11575	1
7341	11777	1
7341	11791	1
7342	7438	1
7342	7457	1
7342	7528	4
7342	7530	1
7342	7664	3
7342	7730	1
7342	7767	2
7342	7771	1
7342	7867	1
7342	7878	1
7342	7928	1
7342	7954	1
7342	7986	1
7342	8018	2
7342	8030	8
7342	8143	1
7342	8147	1
7342	8166	1
7342	8204	1
7342	8371	1
7342	8373	3
7342	8374	1
7342	8672	3
7342	8722	2
7342	8849	1
7342	8851	2
7342	8857	1
7342	8974	2
7342	9069	1
7342	9135	3
7342	9226	1
7342	9284	2
7342	9292	4
7342	9487	1
7342	9597	1
7342	9700	1
7342	9806	1
7342	9920	1
7342	9995	4
7342	10010	1
7342	10011	1
7342	10027	1
7342	10072	1
7342	10342	1
7342	10374	1
7342	10460	2
7342	10499	1
7342	10512	1
7342	10514	1
7342	10515	2
7342	10584	1
7342	10621	3
7342	10677	1
7342	10766	1
7342	10803	1
7342	10866	5
7342	11021	1
7342	11045	1
7342	11079	1
7342	11234	3
7342	11240	1
7342	11307	1
7342	11424	1
7342	11425	2
7342	11536	1
7342	11539	1
7342	11575	1
7342	11734	1
7342	11777	1
7342	11791	1
7342	11820	1
7351	7574	1
7351	7609	3
7351	7664	1
7351	7698	1
7351	7700	2
7351	7767	1
7351	7771	1
7351	7954	2
7351	8147	1
7351	8362	1
7351	8378	1
7351	8624	1
7351	9284	1
7351	10027	1
7351	10512	3
7351	10515	2
7351	10766	1
7351	10921	1
7351	10990	1
7351	11240	1
7351	11425	1
7351	11575	1
7351	11647	1
7396	7438	1
7396	7809	2
7396	8147	1
7396	8371	1
7396	8373	2
7396	8374	3
7396	8857	1
7396	9487	3
7396	9597	2
7396	9614	3
7396	9900	1
7396	9920	1
7396	10010	1
7396	11086	1
7396	11132	1
7396	11791	1
7434	7436	2
7434	7528	1
7434	7664	1
7434	7698	1
7434	7700	1
7434	7767	2
7434	7809	1
7434	8030	1
7434	8147	2
7434	8362	2
7434	8373	1
7434	8939	1
7434	8974	2
7434	9284	2
7434	9614	1
7434	9804	1
7434	9995	1
7434	10499	1
7434	10621	1
7434	11234	2
7434	11288	1
7434	11575	1
7434	11791	1
7436	7528	2
7436	7664	1
7436	7767	1
7436	7809	2
7436	8030	1
7436	8147	1
7436	8974	2
7436	9223	1
7436	9284	1
7436	9614	2
7436	9804	1
7436	9900	1
7436	9995	1
7436	9998	1
7436	10499	1
7436	10584	1
7436	11234	3
7436	11240	1
7436	11288	1
7436	11424	1
7438	7700	1
7438	7767	1
7438	7809	1
7438	7954	1
7438	7973	1
7438	8030	1
7438	8373	2
7438	8773	1
7438	8857	2
7438	8918	2
7438	9223	1
7438	9597	1
7438	9900	1
7438	9920	1
7438	10010	2
7438	10514	1
7457	7867	2
7457	7947	1
7457	7966	2
7457	8143	1
7457	8147	1
7457	8574	1
7457	8673	1
7457	8851	1
7457	8974	2
7457	9292	1
7457	10460	1
7457	10709	1
7457	10949	1
7457	11234	2
7457	11240	2
7457	11307	1
7457	11539	1
7457	11820	1
7524	7698	2
7524	7956	1
7524	7986	1
7524	8143	2
7524	8147	2
7524	8315	1
7524	8385	1
7524	8605	1
7524	8849	1
7524	8918	1
7524	9079	1
7524	9258	1
7524	9260	1
7524	9284	4
7524	9995	1
7524	10027	2
7524	10460	1
7524	10513	1
7524	10677	1
7524	10678	1
7524	10766	1
7524	11078	1
7524	11086	1
7524	11234	3
7524	11240	3
7524	11288	1
7524	11491	1
7524	11492	1
7524	11539	1
7524	11777	1
7528	7530	5
7528	7664	1
7528	7698	3
7528	7767	2
7528	7867	2
7528	7954	1
7528	7986	1
7528	8030	4
7528	8038	1
7528	8138	2
7528	8147	3
7528	8167	1
7528	8315	1
7528	8362	1
7528	8373	1
7528	8672	1
7528	8673	2
7528	8722	1
7528	8723	2
7528	8851	1
7528	9069	1
7528	9135	2
7528	9226	1
7528	9258	1
7528	9284	5
7528	9292	1
7528	9804	1
7528	9920	1
7528	9995	7
7528	9998	1
7528	10027	2
7528	10460	3
7528	10512	1
7528	10513	1
7528	10514	1
7528	10556	1
7528	10621	2
7528	10677	2
7528	10766	1
7528	11234	5
7528	11237	1
7528	11240	1
7528	11288	1
7528	11307	2
7528	11424	1
7528	11491	1
7528	11492	1
7528	11502	1
7528	11536	1
7528	11539	2
7528	11575	1
7528	11791	1
7530	7698	2
7530	7700	1
7530	7966	1
7530	8030	1
7530	8038	1
7530	8138	2
7530	8373	1
7530	8624	1
7530	8672	1
7530	8722	2
7530	8723	1
7530	8974	1
7530	9029	1
7530	9069	1
7530	9135	1
7530	9226	1
7530	9258	1
7530	9284	3
7530	9700	1
7530	9995	2
7530	10027	1
7530	10118	1
7530	10512	1
7530	10621	1
7530	10677	3
7530	11234	2
7530	11237	1
7530	11240	2
7530	11288	1
7530	11425	1
7530	11491	1
7530	11492	1
7530	11502	1
7530	11698	1
7574	7664	2
7574	7698	1
7574	7700	1
7574	7767	1
7574	7954	1
7574	8060	1
7574	8147	1
7574	8574	1
7574	9223	1
7574	9260	1
7574	9579	1
7574	9719	1
7574	10010	1
7574	10027	1
7574	10512	1
7574	11178	1
7574	11575	1
7577	7867	1
7577	8060	1
7577	8166	1
7577	8204	1
7577	8378	1
7577	8574	2
7577	8624	1
7577	8673	1
7577	8722	1
7577	8851	1
7577	8918	1
7577	9258	1
7577	9284	3
7577	9417	1
7577	9482	1
7577	9579	1
7577	9700	1
7577	10515	1
7577	10677	2
7577	10900	1
7577	11178	2
7577	11234	2
7577	11361	1
7577	11491	2
7577	11536	1
7577	11820	1
7609	7700	1
7609	7954	1
7609	7966	1
7609	8166	1
7609	8624	1
7609	8723	1
7609	9284	2
7609	9701	1
7609	10027	1
7609	10512	2
7609	10515	3
7609	10766	1
7609	10921	1
7609	10990	1
7609	10995	1
7609	11077	1
7609	11078	1
7609	11079	1
7609	11234	1
7609	11240	2
7609	11425	2
7609	11536	1
7664	7698	2
7664	7700	2
7664	7767	3
7664	7809	1
7664	7954	2
7664	7973	1
7664	8018	1
7664	8030	2
7664	8038	1
7664	8039	1
7664	8147	1
7664	8362	3
7664	8373	3
7664	8374	1
7664	8378	1
7664	8380	1
7664	8673	1
7664	8722	1
7664	8773	1
7664	8851	1
7664	8857	1
7664	8918	1
7664	8919	1
7664	9135	1
7664	9223	2
7664	9226	2
7664	9487	1
7664	9597	2
7664	9614	1
7664	9804	2
7664	9900	1
7664	9920	1
7664	9995	1
7664	10010	2
7664	10011	1
7664	10487	1
7664	10512	1
7664	10515	1
7664	10584	1
7664	10621	2
7664	10766	1
7664	10866	1
7664	10900	1
7664	11234	1
7664	11424	1
7664	11425	1
7664	11575	2
7664	11777	1
7664	11791	1
7698	7700	3
7698	7767	1
7698	7954	2
7698	7966	2
7698	7986	1
7698	8038	1
7698	8039	1
7698	8143	1
7698	8147	8
7698	8315	2
7698	8373	2
7698	8385	1
7698	8387	1
7698	8605	1
7698	8624	1
7698	8673	2
7698	8722	1
7698	8723	2
7698	8851	3
7698	8857	1
7698	8918	2
7698	8919	1
7698	8939	1
7698	8974	3
7698	9135	2
7698	9258	1
7698	9260	3
7698	9284	10
7698	9531	1
7698	9920	1
7698	9995	8
7698	9998	1
7698	10027	4
7698	10118	1
7698	10342	1
7698	10460	1
7698	10487	1
7698	10499	2
7698	10503	1
7698	10512	7
7698	10513	3
7698	10514	1
7698	10515	3
7698	10677	3
7698	10766	2
7698	10803	1
7698	10900	1
7698	11077	1
7698	11078	1
7698	11234	8
7698	11237	3
7698	11240	5
7698	11288	3
7698	11361	1
7698	11424	3
7698	11491	3
7698	11575	1
7698	11777	1
7700	7767	2
7700	7878	1
7700	7954	2
7700	7966	1
7700	8038	1
7700	8138	2
7700	8147	2
7700	8204	1
7700	8362	1
7700	8373	2
7700	8475	1
7700	8476	1
7700	8605	2
7700	8624	2
7700	8699	1
7700	8723	2
7700	8773	1
7700	8851	2
7700	8974	3
7700	9029	2
7700	9163	1
7700	9223	1
7700	9284	5
7700	9700	1
7700	9701	1
7700	9806	1
7700	9995	2
7700	10010	1
7700	10027	1
7700	10072	2
7700	10342	1
7700	10499	3
7700	10512	1
7700	10514	2
7700	10515	1
7700	10677	4
7700	10803	2
7700	10995	1
7700	11078	1
7700	11079	2
7700	11234	4
7700	11240	2
7700	11361	2
7700	11424	1
7700	11425	1
7700	11492	1
7700	11575	1
7722	8147	2
7722	8385	1
7722	8624	1
7722	9284	1
7722	9482	1
7722	9533	1
7722	9700	1
7722	9995	1
7722	10072	2
7722	10342	2
7722	10460	1
7722	10734	1
7722	11079	1
7722	11234	1
7722	11240	1
7722	11491	1
7722	11539	1
7730	7867	1
7730	7956	1
7730	7966	2
7730	7973	1
7730	8038	1
7730	8147	1
7730	8166	1
7730	8204	1
7730	8374	1
7730	8475	2
7730	8476	2
7730	8605	1
7730	8624	1
7730	8672	2
7730	8673	2
7730	8722	2
7730	8851	1
7730	8974	2
7730	9122	1
7730	9135	1
7730	9258	1
7730	9284	3
7730	9700	5
7730	9806	1
7730	10072	2
7730	10342	1
7730	10374	1
7730	10514	1
7730	10515	2
7730	10677	3
7730	10803	1
7730	10995	1
7730	11021	3
7730	11026	1
7730	11045	2
7730	11078	1
7730	11079	1
7730	11234	2
7730	11240	3
7730	11361	1
7730	11424	1
7730	11425	1
7730	11491	2
7730	11698	1
7730	11734	1
7730	11820	1
7767	7867	1
7767	7878	2
7767	7954	4
7767	7966	1
7767	7986	1
7767	8018	1
7767	8019	1
7767	8030	2
7767	8147	3
7767	8166	1
7767	8362	1
7767	8371	1
7767	8373	1
7767	8374	1
7767	8475	1
7767	8722	1
7767	8723	1
7767	8773	1
7767	8851	2
7767	8939	1
7767	8974	1
7767	9069	1
7767	9079	1
7767	9135	1
7767	9223	1
7767	9252	1
7767	9284	4
7767	9487	1
7767	9804	1
7767	9920	2
7767	9995	3
7767	9998	1
7767	10010	1
7767	10460	1
7767	10499	2
7767	10512	1
7767	10514	1
7767	10515	1
7767	10584	1
7767	10621	2
7767	10677	2
7767	10766	1
7767	11021	1
7767	11026	1
7767	11077	1
7767	11234	4
7767	11240	1
7767	11307	2
7767	11425	1
7767	11492	1
7767	11536	1
7767	11539	2
7767	11575	2
7767	11777	2
7767	11791	1
7771	7809	1
7771	7928	2
7771	7947	1
7771	8019	1
7771	8143	2
7771	8147	1
7771	8166	1
7771	8362	1
7771	8374	2
7771	8378	3
7771	8605	1
7771	8773	1
7771	8851	1
7771	9292	1
7771	9614	1
7771	9900	1
7771	10011	2
7771	10866	1
7771	11086	2
7771	11234	1
7771	11456	1
7771	11647	2
7809	7954	1
7809	8371	1
7809	8373	2
7809	8374	2
7809	8857	1
7809	8974	1
7809	9226	1
7809	9487	2
7809	9614	8
7809	9920	1
7809	10010	1
7809	10584	1
7809	11086	1
7809	11234	1
7809	11288	1
7809	11424	1
7809	11491	1
7867	7947	1
7867	7966	3
7867	8030	1
7867	8038	3
7867	8039	1
7867	8138	3
7867	8143	1
7867	8147	1
7867	8166	4
7867	8167	1
7867	8204	1
7867	8378	3
7867	8380	2
7867	8475	3
7867	8476	1
7867	8574	2
7867	8605	1
7867	8672	2
7867	8673	2
7867	8699	1
7867	8701	3
7867	8722	1
7867	8723	2
7867	8801	1
7867	8851	4
7867	8919	1
7867	8974	1
7867	9029	1
7867	9079	1
7867	9163	1
7867	9254	1
7867	9256	1
7867	9258	1
7867	9260	1
7867	9284	11
7867	9501	1
7867	9533	1
7867	9597	1
7867	9700	1
7867	9701	1
7867	9995	2
7867	10072	2
7867	10118	1
7867	10460	1
7867	10487	2
7867	10512	1
7867	10515	2
7867	10556	2
7867	10557	1
7867	10559	2
7867	10561	1
7867	10677	6
7867	10678	1
7867	10709	1
7867	10731	3
7867	10766	1
7867	10949	1
7867	11021	1
7867	11026	3
7867	11045	2
7867	11077	2
7867	11132	1
7867	11178	1
7867	11234	4
7867	11240	8
7867	11361	1
7867	11492	1
7867	11517	2
7867	11536	2
7867	11539	1
7867	11698	1
7867	11734	1
7878	7954	1
7878	8147	1
7878	8387	1
7878	8849	1
7878	8851	1
7878	9284	2
7878	9995	1
7878	9998	1
7878	10072	1
7878	10460	1
7878	10499	3
7878	10866	1
7878	10950	1
7878	10995	1
7878	11361	1
7878	11425	1
7878	11734	1
7878	11777	2
7928	8018	2
7928	8030	1
7928	8143	1
7928	8147	2
7928	8378	1
7928	8773	1
7928	8974	1
7928	10866	1
7928	11086	1
7928	11234	1
7928	11456	1
7928	11791	1
7947	7966	1
7947	8039	1
7947	8166	1
7947	8351	1
7947	8378	1
7947	8605	1
7947	8673	2
7947	8723	1
7947	8851	1
7947	8918	1
7947	8919	1
7947	8974	1
7947	9254	1
7947	9256	1
7947	9284	2
7947	9501	1
7947	10072	1
7947	10487	1
7947	10499	1
7947	10556	1
7947	10559	1
7947	10561	1
7947	10677	1
7947	10678	1
7947	10709	2
7947	10949	3
7947	11086	1
7947	11234	2
7947	11240	3
7947	11307	1
7947	11361	2
7947	11456	1
7947	11539	1
7947	11734	1
7947	11820	1
7954	8147	2
7954	8378	1
7954	8672	1
7954	8722	1
7954	8723	1
7954	8773	1
7954	9079	1
7954	9223	1
7954	9252	1
7954	9284	1
7954	9292	1
7954	9614	1
7954	10010	1
7954	10499	1
7954	10512	3
7954	10514	1
7954	10677	1
7954	11077	1
7954	11078	1
7954	11234	1
7954	11307	1
7954	11425	2
7954	11492	1
7954	11539	1
7954	11575	1
7954	11777	1
7956	7986	1
7956	8143	1
7956	8147	2
7956	8166	2
7956	8167	1
7956	8385	1
7956	8605	2
7956	8673	2
7956	8722	1
7956	8723	1
7956	8849	1
7956	9079	1
7956	9246	1
7956	9258	1
7956	9260	1
7956	9284	4
7956	9700	2
7956	10072	2
7956	10460	1
7956	10677	4
7956	10866	1
7956	11021	1
7956	11078	2
7956	11079	1
7956	11234	2
7956	11237	1
7956	11240	4
7956	11288	1
7956	11424	1
7956	11425	1
7956	11491	1
7956	11492	1
7956	11539	1
7956	11777	1
7966	8030	1
7966	8138	1
7966	8143	1
7966	8147	5
7966	8166	3
7966	8475	3
7966	8476	1
7966	8605	1
7966	8624	3
7966	8672	1
7966	8673	2
7966	8723	1
7966	8801	1
7966	8851	3
7966	8918	1
7966	8939	2
7966	8974	7
7966	9135	2
7966	9284	10
7966	9531	3
7966	9597	1
7966	9920	2
7966	9995	2
7966	10072	1
7966	10118	2
7966	10342	3
7966	10460	1
7966	10503	1
7966	10512	3
7966	10515	3
7966	10677	4
7966	10709	1
7966	10734	1
7966	10949	1
7966	10995	3
7966	11021	2
7966	11026	2
7966	11045	1
7966	11077	1
7966	11078	3
7966	11079	1
7966	11132	2
7966	11234	8
7966	11240	7
7966	11288	1
7966	11307	3
7966	11424	3
7966	11425	2
7966	11491	1
7966	11492	1
7966	11536	1
7966	11539	1
7966	11698	1
7966	11820	1
7973	7986	1
7973	8038	2
7973	8039	1
7973	8147	1
7973	8166	1
7973	8167	1
7973	8723	1
7973	8918	3
7973	8919	1
7973	8974	1
7973	9226	1
7973	9284	2
7973	9579	1
7973	9920	2
7973	10460	1
7973	10487	1
7973	10677	1
7973	10678	1
7973	10900	1
7973	10949	1
7973	11132	2
7973	11234	1
7973	11240	2
7973	11491	1
7986	8038	1
7986	8039	1
7986	8143	1
7986	8147	5
7986	8166	1
7986	8167	1
7986	8387	1
7986	8672	1
7986	8723	1
7986	8849	1
7986	8918	1
7986	8974	1
7986	9079	1
7986	9135	2
7986	9284	5
7986	9579	1
7986	9719	1
7986	9920	1
7986	9995	2
7986	10374	2
7986	10444	1
7986	10460	3
7986	10487	1
7986	10512	1
7986	10513	1
7986	10515	1
7986	10677	1
7986	10678	1
7986	10900	1
7986	11078	1
7986	11132	1
7986	11234	4
7986	11237	1
7986	11240	2
7986	11288	1
7986	11307	1
7986	11424	1
7986	11491	1
7986	11492	1
7986	11517	1
7986	11536	1
7986	11539	2
7986	11575	1
7986	11777	2
7986	11820	1
8018	8030	2
8018	8143	1
8018	8373	1
8018	8385	1
8018	8851	1
8018	8974	1
8018	9995	1
8018	10515	1
8018	10621	1
8018	10766	1
8018	10866	1
8018	11234	1
8018	11425	1
8018	11777	1
8019	8371	1
8019	8374	2
8019	8605	1
8019	8673	1
8019	8722	1
8019	8723	1
8019	8851	1
8019	9487	1
8019	9579	1
8019	9920	1
8019	10342	1
8019	10677	1
8019	11234	1
8019	11492	1
8030	8143	2
8030	8147	2
8030	8362	1
8030	8373	2
8030	8624	1
8030	8672	1
8030	8851	3
8030	8857	1
8030	8974	2
8030	9069	1
8030	9135	1
8030	9284	1
8030	9292	1
8030	9531	1
8030	9533	1
8030	9804	1
8030	9920	1
8030	9995	5
8030	9998	1
8030	10010	1
8030	10342	1
8030	10460	1
8030	10512	2
8030	10515	1
8030	10621	5
8030	10766	1
8030	10866	1
8030	11234	2
8030	11307	1
8030	11424	1
8030	11425	1
8030	11575	1
8030	11777	1
8030	11791	1
8038	8039	2
8038	8060	1
8038	8138	3
8038	8147	2
8038	8166	2
8038	8167	2
8038	8244	1
8038	8315	1
8038	8351	1
8038	8378	1
8038	8475	2
8038	8476	1
8038	8605	1
8038	8672	2
8038	8673	5
8038	8699	2
8038	8701	2
8038	8722	1
8038	8723	4
8038	8851	2
8038	8857	1
8038	8918	2
8038	8919	1
8038	8974	7
8038	9029	2
8038	9079	1
8038	9122	2
8038	9135	1
8038	9163	2
8038	9252	1
8038	9254	1
8038	9256	2
8038	9258	1
8038	9260	1
8038	9284	13
8038	9501	1
8038	9579	1
8038	9700	5
8038	9995	4
8038	10027	4
8038	10072	2
8038	10118	2
8038	10460	2
8038	10487	2
8038	10515	1
8038	10556	3
8038	10557	2
8038	10559	2
8038	10561	1
8038	10677	9
8038	10678	1
8038	10709	2
8038	10734	1
8038	10900	3
8038	10949	1
8038	11021	1
8038	11079	1
8038	11132	1
8038	11234	9
8038	11240	13
8038	11288	3
8038	11491	2
8038	11502	2
8038	11539	3
8038	11698	1
8039	8147	1
8039	8166	1
8039	8167	1
8039	8475	1
8039	8673	1
8039	8723	1
8039	8857	1
8039	8918	2
8039	8919	2
8039	8974	2
8039	9135	1
8039	9284	2
8039	9579	1
8039	10460	1
8039	10487	3
8039	10556	1
8039	10557	1
8039	10561	1
8039	10584	1
8039	10677	2
8039	10678	3
8039	10900	2
8039	11132	1
8039	11234	2
8039	11240	3
8039	11361	1
8039	11491	2
8039	11734	1
8039	11820	1
8060	8385	1
8060	8574	1
8060	8851	3
8060	8918	1
8060	8974	1
8060	9482	1
8060	9806	1
8060	10027	1
8060	10460	1
8060	10677	1
8060	11234	1
8060	11240	1
8060	11491	1
8138	8167	1
8138	8351	1
8138	8475	2
8138	8476	1
8138	8605	1
8138	8624	1
8138	8672	1
8138	8673	3
8138	8701	1
8138	8723	2
8138	8918	2
8138	8974	2
8138	9029	1
8138	9163	2
8138	9254	1
8138	9256	1
8138	9258	1
8138	9260	1
8138	9284	8
8138	9501	1
8138	9700	2
8138	9701	1
8138	9806	1
8138	9995	1
8138	10027	2
8138	10072	3
8138	10487	1
8138	10499	1
8138	10512	1
8138	10556	1
8138	10557	1
8138	10559	1
8138	10677	3
8138	10709	1
8138	10949	1
8138	11077	1
8138	11079	1
8138	11234	4
8138	11240	7
8138	11288	1
8138	11307	1
8138	11425	1
8138	11492	2
8138	11502	1
8143	8147	3
8143	8166	1
8143	8371	2
8143	8373	1
8143	8378	2
8143	8380	1
8143	8475	1
8143	8672	2
8143	8849	2
8143	8851	10
8143	8918	1
8143	8974	5
8143	9079	1
8143	9135	3
8143	9284	4
8143	9292	1
8143	9501	1
8143	9533	1
8143	9700	1
8143	9701	1
8143	9995	3
8143	9998	1
8143	10011	2
8143	10027	4
8143	10374	1
8143	10444	4
8143	10460	2
8143	10499	1
8143	10512	2
8143	10515	1
8143	10621	1
8143	10677	1
8143	10866	1
8143	11078	1
8143	11234	8
8143	11240	10
8143	11288	1
8143	11361	1
8143	11425	1
8143	11492	1
8143	11517	2
8143	11536	1
8143	11539	2
8143	11698	1
8143	11777	2
8143	11791	1
8143	11820	2
8147	8166	4
8147	8167	1
8147	8204	2
8147	8315	2
8147	8351	1
8147	8373	1
8147	8374	1
8147	8378	1
8147	8385	3
8147	8387	2
8147	8574	3
8147	8605	2
8147	8624	3
8147	8672	2
8147	8673	1
8147	8699	1
8147	8722	4
8147	8723	5
8147	8849	1
8147	8851	4
8147	8918	1
8147	8919	1
8147	8939	2
8147	8974	6
8147	9079	3
8147	9122	1
8147	9135	3
8147	9252	1
8147	9260	4
8147	9284	23
8147	9417	2
8147	9482	2
8147	9487	1
8147	9501	2
8147	9531	4
8147	9533	1
8147	9579	1
8147	9700	2
8147	9806	1
8147	9920	2
8147	9995	13
8147	9998	3
8147	10027	5
8147	10072	4
8147	10118	2
8147	10342	6
8147	10374	1
8147	10444	1
8147	10460	7
8147	10487	1
8147	10499	5
8147	10512	4
8147	10513	3
8147	10514	1
8147	10515	3
8147	10677	7
8147	10678	1
8147	10766	2
8147	10803	2
8147	10866	1
8147	10900	1
8147	10921	1
8147	10949	1
8147	10950	2
8147	10990	2
8147	11021	1
8147	11045	2
8147	11077	2
8147	11078	2
8147	11079	2
8147	11086	2
8147	11132	1
8147	11178	1
8147	11234	21
8147	11237	4
8147	11240	9
8147	11288	3
8147	11307	3
8147	11424	3
8147	11425	1
8147	11456	1
8147	11491	5
8147	11492	2
8147	11517	1
8147	11539	4
8147	11575	2
8147	11734	2
8147	11777	4
8147	11791	1
8147	11820	1
8166	8167	1
8166	8204	3
8166	8244	1
8166	8378	2
8166	8385	3
8166	8475	2
8166	8574	2
8166	8605	1
8166	8672	1
8166	8673	3
8166	8701	1
8166	8722	4
8166	8723	5
8166	8801	1
8166	8918	2
8166	8939	1
8166	8974	2
8166	9122	1
8166	9135	3
8166	9258	1
8166	9284	15
8166	9417	1
8166	9482	1
8166	9501	1
8166	9531	1
8166	9579	1
8166	9700	2
8166	9701	1
8166	9806	1
8166	10011	1
8166	10072	3
8166	10118	2
8166	10342	2
8166	10374	1
8166	10460	2
8166	10487	1
8166	10514	1
8166	10515	1
8166	10584	1
8166	10677	9
8166	10678	1
8166	10734	1
8166	10766	1
8166	10803	2
8166	10900	2
8166	11021	6
8166	11026	2
8166	11045	3
8166	11077	5
8166	11079	4
8166	11132	2
8166	11178	1
8166	11234	6
8166	11240	13
8166	11361	1
8166	11424	3
8166	11425	2
8166	11491	1
8166	11492	3
8166	11536	1
8166	11539	1
8166	11575	1
8166	11734	2
8166	11820	2
8167	8373	1
8167	8605	3
8167	8673	4
8167	8722	2
8167	8723	1
8167	8801	1
8167	8918	3
8167	8974	1
8167	9135	1
8167	9246	4
8167	9258	1
8167	9260	2
8167	9284	5
8167	9579	1
8167	9700	2
8167	9995	2
8167	10027	1
8167	10072	2
8167	10460	1
8167	10487	1
8167	10556	2
8167	10559	1
8167	10677	5
8167	10678	3
8167	10709	1
8167	10900	1
8167	10949	1
8167	11079	1
8167	11132	1
8167	11234	2
8167	11240	2
8167	11491	2
8167	11734	1
8204	8378	1
8204	8385	2
8204	8574	2
8204	8605	1
8204	8672	1
8204	8699	1
8204	8722	2
8204	8974	1
8204	9029	1
8204	9122	2
8204	9135	1
8204	9284	2
8204	9482	1
8204	9700	1
8204	9806	1
8204	10072	1
8204	10342	3
8204	10374	1
8204	10514	1
8204	10515	1
8204	10677	2
8204	10803	2
8204	11021	1
8204	11045	1
8204	11078	1
8204	11079	2
8204	11178	1
8204	11234	3
8204	11240	1
8204	11492	1
8204	11517	1
8204	11536	1
8204	11734	1
8204	11820	1
8244	8701	1
8244	8722	1
8244	8723	2
8244	9256	1
8244	9258	1
8244	9284	5
8244	9700	1
8244	10118	2
8244	10556	1
8244	10557	1
8244	10561	1
8244	11240	1
8244	11491	1
8244	11698	1
8244	11734	1
8315	8673	1
8315	8723	1
8315	8974	1
8315	9260	1
8315	9284	4
8315	9806	1
8315	9995	2
8315	10027	4
8315	10513	2
8315	10677	1
8315	10766	2
8315	11234	2
8315	11240	3
8315	11502	1
8351	8605	1
8351	8723	1
8351	8851	1
8351	8974	1
8351	9163	1
8351	9284	3
8351	9806	1
8351	10027	1
8351	10072	2
8351	10561	1
8351	10677	1
8351	10734	2
8351	10803	2
8351	10949	1
8351	11234	2
8351	11240	1
8362	8378	2
8362	8672	1
8362	8851	1
8362	9069	1
8362	9223	1
8362	9284	1
8362	9597	1
8362	9719	4
8362	9804	1
8362	9900	1
8362	10010	2
8362	10011	1
8362	10374	1
8362	10556	1
8362	10561	1
8362	10584	1
8362	10621	2
8362	10949	1
8362	11307	1
8362	11575	1
8362	11647	1
8362	11791	1
8362	11820	1
8371	8373	2
8371	8374	2
8371	8849	1
8371	8851	2
8371	8974	1
8371	9487	1
8371	9614	1
8371	9920	2
8371	10010	1
8371	10027	1
8371	10584	1
8371	10866	3
8371	11240	1
8371	11575	1
8371	11791	1
8373	8374	1
8373	8378	1
8373	8380	1
8373	8605	1
8373	8773	1
8373	8849	1
8373	8851	3
8373	8857	2
8373	8918	1
8373	8974	2
8373	9069	1
8373	9226	2
8373	9246	1
8373	9284	3
8373	9292	1
8373	9487	1
8373	9597	1
8373	9614	2
8373	9804	1
8373	9920	1
8373	9995	1
8373	10010	1
8373	10011	1
8373	10027	1
8373	10499	2
8373	10514	2
8373	10515	1
8373	10584	1
8373	10621	1
8373	10677	1
8373	10766	1
8373	10803	1
8373	10866	1
8373	10949	1
8373	11234	3
8373	11361	1
8373	11424	1
8373	11425	1
8373	11491	1
8373	11575	1
8373	11777	1
8373	11791	2
8374	8722	2
8374	8851	2
8374	8857	1
8374	9258	1
8374	9284	1
8374	9487	4
8374	9597	1
8374	9614	2
8374	9920	2
8374	10010	1
8374	10866	1
8374	11086	1
8374	11361	1
8374	11424	1
8378	8380	4
8378	8574	1
8378	8605	1
8378	8672	1
8378	8722	1
8378	8773	1
8378	8851	2
8378	9223	1
8378	9284	1
8378	9292	1
8378	9487	1
8378	9719	1
8378	9900	1
8378	10011	3
8378	10072	1
8378	10374	1
8378	10556	1
8378	10561	1
8378	10677	1
8378	10949	1
8378	11086	1
8378	11178	1
8378	11234	1
8378	11456	3
8378	11517	2
8378	11536	1
8378	11647	2
8378	11791	1
8380	8773	1
8380	8851	2
8380	9226	1
8380	10011	1
8380	10072	1
8380	11517	2
8385	8574	1
8385	8605	1
8385	8624	1
8385	8722	1
8385	8723	1
8385	8918	1
8385	9122	2
8385	9258	1
8385	9260	1
8385	9284	3
8385	9482	2
8385	9531	1
8385	9533	2
8385	9995	1
8385	10027	1
8385	10072	1
8385	10342	3
8385	10677	5
8385	10678	1
8385	11079	2
8385	11234	1
8385	11240	3
8385	11424	1
8385	11491	1
8385	11492	2
8387	8723	1
8387	8939	1
8387	9284	2
8387	9995	4
8387	10499	1
8387	10512	1
8387	10513	1
8387	10515	1
8387	10950	1
8387	11237	1
8387	11492	1
8387	11734	1
8387	11777	2
8475	8476	2
8475	8605	2
8475	8672	1
8475	8673	1
8475	8701	1
8475	8723	1
8475	8801	1
8475	8851	1
8475	8918	1
8475	8974	3
8475	9029	1
8475	9163	1
8475	9254	1
8475	9256	1
8475	9258	1
8475	9260	1
8475	9284	4
8475	9501	1
8475	9700	2
8475	9701	1
8475	9806	1
8475	10027	2
8475	10072	2
8475	10118	1
8475	10444	1
8475	10515	1
8475	10556	2
8475	10557	2
8475	10559	2
8475	10561	1
8475	10677	2
8475	10709	2
8475	10900	1
8475	10949	1
8475	11021	2
8475	11026	3
8475	11045	1
8475	11077	2
8475	11079	2
8475	11132	1
8475	11234	2
8475	11240	3
8475	11491	1
8475	11539	1
8475	11698	2
8476	8605	2
8476	8624	1
8476	8672	1
8476	8673	1
8476	8723	2
8476	8918	1
8476	8974	3
8476	9029	2
8476	9163	1
8476	9252	1
8476	9284	3
8476	9482	1
8476	9700	3
8476	9701	2
8476	9806	1
8476	10027	1
8476	10072	1
8476	10515	1
8476	10677	2
8476	10734	1
8476	10900	1
8476	10995	1
8476	11026	1
8476	11045	2
8476	11079	2
8476	11234	1
8476	11240	2
8476	11424	1
8476	11425	1
8476	11491	1
8476	11698	1
8574	8624	3
8574	8673	1
8574	8722	3
8574	8723	1
8574	8851	1
8574	8918	1
8574	9122	1
8574	9258	1
8574	9260	2
8574	9284	2
8574	9417	5
8574	9482	1
8574	9501	2
8574	9531	1
8574	9579	2
8574	9700	2
8574	9806	1
8574	9998	1
8574	10027	1
8574	10072	1
8574	10342	3
8574	10460	2
8574	10677	3
8574	10949	1
8574	11077	1
8574	11178	5
8574	11234	3
8574	11361	3
8574	11456	1
8574	11491	2
8574	11536	1
8574	11539	1
8574	11820	1
8605	8672	1
8605	8673	6
8605	8699	1
8605	8701	1
8605	8722	4
8605	8723	4
8605	8773	1
8605	8801	2
8605	8851	2
8605	8918	2
8605	8939	1
8605	8974	5
8605	9029	2
8605	9163	5
8605	9223	1
8605	9226	1
8605	9246	3
8605	9252	1
8605	9254	1
8605	9258	3
8605	9260	3
8605	9284	12
8605	9533	1
8605	9579	1
8605	9700	7
8605	9701	4
8605	9806	2
8605	9995	2
8605	10027	2
8605	10072	8
8605	10118	1
8605	10342	2
8605	10460	1
8605	10499	1
8605	10512	1
8605	10556	3
8605	10557	1
8605	10559	2
8605	10561	1
8605	10677	10
8605	10678	2
8605	10709	1
8605	10734	1
8605	10803	4
8605	10949	1
8605	10950	1
8605	11021	1
8605	11026	1
8605	11078	3
8605	11079	6
8605	11086	1
8605	11234	9
8605	11240	4
8605	11307	1
8605	11361	1
8605	11424	2
8605	11456	2
8605	11491	2
8605	11492	2
8605	11575	1
8605	11698	1
8605	11734	1
8605	11820	1
8624	8673	2
8624	8722	1
8624	8723	2
8624	8851	2
8624	8918	1
8624	8974	2
8624	9254	1
8624	9256	1
8624	9258	1
8624	9260	1
8624	9284	5
8624	9417	3
8624	9482	1
8624	9531	3
8624	9579	1
8624	9700	2
8624	9806	1
8624	9920	3
8624	9995	2
8624	10118	1
8624	10342	4
8624	10503	1
8624	10512	2
8624	10513	1
8624	10515	2
8624	10677	2
8624	10995	1
8624	11178	2
8624	11234	1
8624	11240	1
8624	11288	1
8624	11307	1
8624	11361	2
8624	11424	3
8624	11425	3
8624	11491	2
8624	11820	1
8672	8673	3
8672	8699	1
8672	8722	2
8672	8851	2
8672	8918	2
8672	8974	6
8672	9029	1
8672	9135	5
8672	9223	1
8672	9246	1
8672	9284	7
8672	9292	2
8672	9700	3
8672	9701	1
8672	9719	1
8672	9806	1
8672	9920	1
8672	9995	3
8672	10011	1
8672	10072	1
8672	10118	1
8672	10342	1
8672	10374	2
8672	10460	1
8672	10514	1
8672	10515	1
8672	10556	3
8672	10557	1
8672	10559	2
8672	10561	3
8672	10677	3
8672	10709	1
8672	10803	1
8672	10900	1
8672	10949	1
8672	11021	1
8672	11026	2
8672	11045	2
8672	11077	1
8672	11079	1
8672	11234	6
8672	11240	3
8672	11288	1
8672	11539	1
8672	11698	3
8672	11734	1
8672	11820	1
8673	8699	1
8673	8722	4
8673	8723	2
8673	8801	1
8673	8857	1
8673	8918	4
8673	8919	1
8673	8974	6
8673	9079	1
8673	9135	2
8673	9163	2
8673	9246	2
8673	9254	1
8673	9256	1
8673	9258	2
8673	9260	3
8673	9284	11
8673	9417	1
8673	9482	1
8673	9579	2
8673	9700	7
8673	9995	5
8673	10027	3
8673	10072	5
8673	10118	1
8673	10460	2
8673	10487	2
8673	10513	1
8673	10556	5
8673	10557	3
8673	10559	4
8673	10561	1
8673	10677	9
8673	10678	1
8673	10709	5
8673	10734	1
8673	10766	1
8673	10900	4
8673	10949	2
8673	10990	1
8673	10995	1
8673	11021	2
8673	11045	1
8673	11078	1
8673	11079	3
8673	11178	1
8673	11234	8
8673	11240	9
8673	11288	3
8673	11307	1
8673	11361	1
8673	11424	1
8673	11425	2
8673	11491	1
8673	11539	4
8673	11698	1
8673	11734	1
8673	11777	1
8673	11820	2
8699	8701	1
8699	8722	1
8699	8851	1
8699	8919	1
8699	8974	2
8699	9029	2
8699	9122	1
8699	9163	2
8699	9284	3
8699	9700	1
8699	9995	1
8699	10027	1
8699	10342	2
8699	10499	1
8699	10515	1
8699	10677	2
8699	10731	2
8699	10734	1
8699	10803	1
8699	10921	1
8699	11021	1
8699	11026	1
8699	11045	1
8699	11077	1
8699	11078	1
8699	11079	1
8699	11234	5
8699	11240	3
8699	11288	2
8699	11539	2
8701	8723	1
8701	8974	3
8701	9029	1
8701	9122	1
8701	9163	2
8701	9254	1
8701	9256	1
8701	9258	1
8701	9260	1
8701	9284	5
8701	9501	1
8701	10027	1
8701	10072	1
8701	10118	1
8701	10460	1
8701	10515	1
8701	10559	1
8701	10709	1
8701	10731	1
8701	10949	1
8701	11234	2
8701	11240	5
8701	11307	1
8701	11539	2
8701	11734	1
8722	8723	10
8722	8801	1
8722	8851	1
8722	8918	1
8722	8974	3
8722	9029	1
8722	9079	1
8722	9135	3
8722	9163	1
8722	9246	2
8722	9252	3
8722	9254	1
8722	9258	3
8722	9260	3
8722	9284	11
8722	9417	1
8722	9487	1
8722	9501	1
8722	9531	2
8722	9579	1
8722	9597	1
8722	9700	4
8722	9806	1
8722	9995	3
8722	10072	5
8722	10118	1
8722	10342	7
8722	10374	1
8722	10499	1
8722	10514	1
8722	10515	1
8722	10677	14
8722	10678	1
8722	10731	1
8722	10734	1
8722	10803	2
8722	10900	1
8722	11021	2
8722	11026	1
8722	11045	2
8722	11079	1
8722	11178	1
8722	11234	8
8722	11237	1
8722	11240	7
8722	11288	2
8722	11307	1
8722	11361	2
8722	11424	1
8722	11456	1
8722	11491	3
8722	11492	4
8722	11536	1
8722	11539	2
8722	11698	2
8722	11734	2
8722	11820	1
8723	8801	2
8723	8851	3
8723	8918	3
8723	8939	1
8723	8974	7
8723	9029	2
8723	9079	1
8723	9135	2
8723	9163	3
8723	9252	4
8723	9254	1
8723	9256	1
8723	9258	1
8723	9260	1
8723	9284	31
8723	9531	1
8723	9579	2
8723	9597	1
8723	9700	6
8723	9701	3
8723	9806	2
8723	9920	1
8723	9995	3
8723	10027	6
8723	10072	7
8723	10118	2
8723	10342	4
8723	10460	1
8723	10487	2
8723	10499	1
8723	10503	1
8723	10512	1
8723	10513	2
8723	10515	2
8723	10556	2
8723	10557	1
8723	10561	1
8723	10677	13
8723	10678	1
8723	10731	2
8723	10734	3
8723	10766	3
8723	10803	3
8723	10900	2
8723	10995	1
8723	11021	1
8723	11077	1
8723	11078	1
8723	11079	2
8723	11132	2
8723	11234	8
8723	11237	1
8723	11240	17
8723	11288	1
8723	11307	2
8723	11361	1
8723	11424	3
8723	11425	4
8723	11456	2
8723	11491	6
8723	11492	12
8723	11539	1
8723	11698	1
8723	11734	1
8773	8851	1
8773	9223	2
8773	9226	1
8773	10010	1
8773	10011	1
8773	10514	1
8773	11424	1
8801	8918	1
8801	8974	2
8801	9163	1
8801	9246	1
8801	9260	1
8801	9284	3
8801	9533	1
8801	9597	1
8801	9995	1
8801	10027	1
8801	10072	1
8801	10342	1
8801	10677	2
8801	10678	1
8801	11021	1
8801	11026	1
8801	11077	1
8801	11079	1
8801	11132	2
8801	11234	4
8801	11240	2
8801	11307	1
8801	11361	1
8801	11492	1
8801	11734	1
8849	8851	3
8849	9079	1
8849	9284	1
8849	9719	1
8849	9995	1
8849	10460	2
8849	10499	1
8849	10503	1
8849	10866	1
8849	10921	1
8849	11078	1
8849	11234	1
8849	11240	1
8849	11288	1
8849	11425	1
8849	11492	1
8849	11539	1
8849	11777	1
8851	8857	1
8851	8919	1
8851	8939	1
8851	8974	8
8851	9069	2
8851	9135	2
8851	9163	1
8851	9258	1
8851	9260	1
8851	9284	9
8851	9292	1
8851	9501	1
8851	9531	3
8851	9700	3
8851	9701	2
8851	9719	2
8851	9806	1
8851	9920	2
8851	9995	8
8851	9998	1
8851	10027	7
8851	10072	4
8851	10118	1
8851	10342	2
8851	10374	1
8851	10444	2
8851	10460	3
8851	10487	1
8851	10499	5
8851	10503	2
8851	10512	4
8851	10514	2
8851	10515	2
8851	10556	1
8851	10559	1
8851	10561	1
8851	10621	2
8851	10677	1
8851	10734	2
8851	10766	1
8851	10803	2
8851	10866	2
8851	10921	3
8851	10995	2
8851	11026	1
8851	11045	1
8851	11077	1
8851	11234	12
8851	11240	10
8851	11288	2
8851	11307	1
8851	11361	4
8851	11424	7
8851	11425	3
8851	11491	1
8851	11492	1
8851	11517	2
8851	11536	1
8851	11539	2
8851	11647	1
8851	11698	1
8851	11777	1
8851	11791	2
8857	8918	2
8857	8919	1
8857	9135	1
8857	9260	1
8857	9487	1
8857	9614	1
8857	9920	1
8857	9998	1
8857	10010	1
8857	10487	1
8857	10900	1
8857	11234	1
8918	8919	2
8918	8974	7
8918	9135	2
8918	9163	2
8918	9246	1
8918	9252	1
8918	9254	1
8918	9258	1
8918	9260	2
8918	9284	10
8918	9417	1
8918	9482	3
8918	9533	1
8918	9579	2
8918	9700	3
8918	9900	1
8918	9920	1
8918	10027	1
8918	10072	1
8918	10342	1
8918	10460	1
8918	10487	2
8918	10512	1
8918	10515	1
8918	10556	1
8918	10559	1
8918	10677	4
8918	10678	1
8918	10709	1
8918	10803	2
8918	10900	2
8918	10949	2
8918	10950	1
8918	10995	1
8918	11021	1
8918	11026	1
8918	11045	1
8918	11077	2
8918	11086	1
8918	11132	3
8918	11178	1
8918	11234	5
8918	11240	3
8918	11288	1
8918	11361	1
8918	11424	1
8918	11491	3
8918	11492	1
8918	11820	1
8919	9135	1
8919	9284	3
8919	9700	1
8919	9806	1
8919	9995	1
8919	10027	1
8919	10487	2
8919	10499	1
8919	10678	1
8919	10900	1
8919	10921	1
8919	10949	1
8919	11045	1
8919	11077	1
8919	11132	1
8919	11234	3
8919	11240	2
8919	11361	1
8919	11734	1
8939	9284	2
8939	9531	1
8939	9995	2
8939	10512	1
8939	11021	1
8939	11077	1
8939	11078	1
8939	11424	2
8939	11492	1
8974	9029	2
8974	9079	1
8974	9122	2
8974	9135	6
8974	9163	6
8974	9246	1
8974	9252	1
8974	9254	1
8974	9260	3
8974	9284	27
8974	9482	2
8974	9531	1
8974	9579	1
8974	9597	1
8974	9614	1
8974	9700	7
8974	9701	3
8974	9806	4
8974	9920	2
8974	9995	3
8974	10027	7
8974	10072	4
8974	10118	2
8974	10342	3
8974	10374	1
8974	10444	2
8974	10460	8
8974	10487	1
8974	10499	3
8974	10503	2
8974	10512	1
8974	10514	2
8974	10515	1
8974	10556	2
8974	10557	1
8974	10561	1
8974	10584	1
8974	10677	14
8974	10678	1
8974	10709	1
8974	10731	1
8974	10734	2
8974	10803	4
8974	10866	2
8974	10900	3
8974	10921	1
8974	10949	1
8974	10990	1
8974	10995	2
8974	11021	1
8974	11045	2
8974	11079	2
8974	11132	2
8974	11234	33
8974	11237	2
8974	11240	22
8974	11288	7
8974	11307	6
8974	11361	2
8974	11424	4
8974	11425	2
8974	11456	1
8974	11491	5
8974	11492	1
8974	11502	1
8974	11536	1
8974	11539	8
8974	11698	3
8974	11734	1
8974	11777	1
8974	11820	2
9029	9163	2
9029	9252	1
9029	9284	4
9029	9700	2
9029	9701	1
9029	9806	1
9029	10027	1
9029	10072	1
9029	10118	1
9029	10342	1
9029	10515	2
9029	10677	2
9029	10731	1
9029	10734	1
9029	10803	1
9029	10900	1
9029	11078	1
9029	11079	2
9029	11234	3
9029	11240	4
9029	11491	1
9029	11539	1
9029	11698	1
9069	9284	1
9069	9292	1
9069	9719	1
9069	9995	1
9069	10514	1
9069	10621	1
9069	11045	1
9069	11132	1
9079	9252	1
9079	9260	2
9079	9284	5
9079	10027	2
9079	10118	1
9079	10460	2
9079	10499	1
9079	10515	1
9079	10677	3
9079	10900	1
9079	10950	1
9079	10990	1
9079	11078	1
9079	11234	3
9079	11240	3
9079	11288	2
9079	11307	1
9079	11425	1
9079	11492	2
9079	11539	3
9079	11777	2
9122	9163	2
9122	9284	2
9122	9482	1
9122	9700	1
9122	10027	1
9122	10677	2
9122	11234	3
9122	11240	1
9122	11491	1
9122	11539	1
9135	9246	2
9135	9252	1
9135	9258	1
9135	9284	13
9135	9292	1
9135	9700	2
9135	9806	1
9135	9920	2
9135	9995	4
9135	10027	2
9135	10072	2
9135	10342	2
9135	10374	1
9135	10460	6
9135	10487	1
9135	10499	1
9135	10503	1
9135	10512	1
9135	10514	1
9135	10515	1
9135	10584	1
9135	10677	4
9135	10678	1
9135	10766	1
9135	10803	1
9135	10900	2
9135	10995	1
9135	11021	1
9135	11045	1
9135	11079	2
9135	11234	11
9135	11237	1
9135	11240	8
9135	11288	1
9135	11307	3
9135	11425	1
9135	11491	3
9135	11492	3
9135	11536	1
9135	11539	3
9135	11734	2
9135	11820	1
9163	9252	1
9163	9254	1
9163	9260	1
9163	9284	7
9163	9533	1
9163	9700	2
9163	9701	1
9163	9806	2
9163	10027	3
9163	10072	5
9163	10342	1
9163	10515	1
9163	10677	3
9163	10731	1
9163	10734	1
9163	10803	2
9163	11079	3
9163	11234	7
9163	11240	5
9163	11288	1
9163	11361	1
9163	11492	2
9163	11539	2
9223	9226	1
9223	9719	1
9223	9804	1
9223	9900	1
9223	10010	2
9223	10011	1
9223	10374	1
9223	10514	1
9223	10556	1
9223	10561	1
9223	10949	1
9226	9920	1
9226	10866	1
9246	9258	1
9246	9260	2
9246	9284	3
9246	9700	2
9246	9920	1
9246	9995	1
9246	10072	2
9246	10677	3
9246	10678	3
9246	10949	1
9246	11079	1
9246	11234	1
9246	11240	1
9246	11491	1
9246	11734	1
9252	9254	1
9252	9260	1
9252	9284	3
9252	10027	1
9252	10072	1
9252	10499	1
9252	10515	1
9252	10677	3
9252	10734	1
9252	10803	1
9252	10900	1
9252	11234	1
9252	11240	2
9252	11307	1
9252	11491	1
9252	11492	4
9252	11539	1
9252	11734	1
9254	9256	4
9254	9258	1
9254	9260	2
9254	9284	2
9254	9501	1
9254	9531	1
9254	10072	2
9254	10556	1
9254	10559	2
9254	10677	2
9254	10709	2
9254	10803	1
9254	10949	2
9254	11240	1
9254	11492	1
9256	9258	1
9256	9260	1
9256	9284	2
9256	9501	1
9256	9531	1
9256	9700	1
9256	10072	1
9256	10118	1
9256	10556	2
9256	10557	1
9256	10559	2
9256	10561	1
9256	10677	1
9256	10709	2
9256	10949	2
9256	11240	1
9258	9260	2
9258	9284	7
9258	9417	1
9258	9482	1
9258	9501	1
9258	9579	1
9258	9700	2
9258	9995	1
9258	10072	2
9258	10515	1
9258	10559	1
9258	10677	3
9258	10678	1
9258	10709	1
9258	10803	1
9258	10949	1
9258	11178	1
9258	11234	1
9258	11237	1
9258	11240	1
9258	11288	1
9258	11361	2
9258	11424	1
9258	11491	4
9258	11575	1
9258	11820	2
9260	9284	6
9260	9417	1
9260	9501	1
9260	9533	1
9260	9579	1
9260	9700	2
9260	9995	4
9260	10027	5
9260	10072	3
9260	10118	1
9260	10460	2
9260	10513	1
9260	10515	1
9260	10559	1
9260	10677	5
9260	10678	1
9260	10709	1
9260	10766	1
9260	10803	2
9260	10900	1
9260	10949	1
9260	10950	2
9260	10990	1
9260	11178	1
9260	11234	5
9260	11237	1
9260	11240	5
9260	11288	2
9260	11424	1
9260	11425	1
9260	11491	1
9260	11492	1
9260	11539	1
9260	11734	1
9260	11777	1
9284	9417	1
9284	9482	2
9284	9501	1
9284	9531	2
9284	9533	2
9284	9579	3
9284	9597	1
9284	9700	11
9284	9701	3
9284	9806	4
9284	9920	6
9284	9995	15
9284	10027	23
9284	10072	12
9284	10118	7
9284	10342	8
9284	10374	1
9284	10444	2
9284	10460	12
9284	10487	4
9284	10499	9
9284	10503	4
9284	10512	5
9284	10513	3
9284	10514	2
9284	10515	8
9284	10556	5
9284	10557	3
9284	10559	3
9284	10561	1
9284	10584	2
9284	10677	39
9284	10678	4
9284	10709	3
9284	10731	3
9284	10734	4
9284	10766	7
9284	10803	7
9284	10866	1
9284	10900	5
9284	10921	3
9284	10949	3
9284	10950	3
9284	10990	4
9284	10995	2
9284	11021	5
9284	11026	2
9284	11045	5
9284	11077	5
9284	11078	3
9284	11079	9
9284	11132	4
9284	11178	2
9284	11234	46
9284	11237	5
9284	11240	56
9284	11288	7
9284	11307	7
9284	11361	8
9284	11424	7
9284	11425	7
9284	11456	1
9284	11491	14
9284	11492	16
9284	11502	3
9284	11517	1
9284	11536	3
9284	11539	9
9284	11575	1
9284	11698	3
9284	11734	4
9284	11777	3
9284	11820	3
9292	9900	1
9292	9995	1
9292	10011	1
9292	10514	1
9292	10866	1
9292	11647	1
9417	9482	1
9417	9501	1
9417	9531	1
9417	9579	1
9417	9700	1
9417	9806	1
9417	10342	2
9417	10677	1
9417	11178	2
9417	11361	2
9417	11491	2
9417	11820	1
9482	9533	1
9482	9579	1
9482	9700	1
9482	9806	1
9482	9900	1
9482	10072	1
9482	10342	1
9482	11045	1
9482	11079	1
9482	11178	1
9482	11240	1
9482	11361	1
9482	11491	2
9482	11820	1
9487	9597	1
9487	9614	2
9487	9920	2
9487	11086	1
9487	11424	1
9501	9531	1
9501	9995	1
9501	9998	2
9501	10072	1
9501	10342	1
9501	10460	1
9501	10499	1
9501	10512	1
9501	10515	1
9501	10559	1
9501	10677	1
9501	10709	1
9501	10949	2
9501	11077	1
9501	11178	1
9501	11234	1
9501	11240	1
9501	11539	1
9501	11777	1
9531	9920	2
9531	9995	2
9531	10118	1
9531	10342	5
9531	10512	2
9531	10515	1
9531	10677	2
9531	11234	1
9531	11240	1
9531	11288	1
9531	11307	1
9531	11424	2
9531	11491	1
9531	11492	1
9533	9700	1
9533	9995	1
9533	10072	2
9533	10342	3
9533	10460	1
9533	10731	1
9533	10803	1
9533	10950	1
9533	11079	2
9533	11234	1
9533	11361	1
9533	11492	2
9533	11536	1
9579	9700	1
9579	10027	2
9579	10460	1
9579	10487	1
9579	10677	2
9579	10678	1
9579	10803	1
9579	10866	1
9579	10900	1
9579	11132	1
9579	11178	2
9579	11234	2
9579	11240	1
9579	11361	1
9579	11491	2
9579	11492	1
9579	11777	1
9579	11820	1
9597	9614	1
9597	9900	1
9597	10010	1
9597	10584	1
9597	10677	1
9597	11132	1
9597	11234	1
9597	11240	1
9597	11424	1
9597	11791	1
9614	9920	1
9614	10010	1
9614	11234	1
9614	11288	1
9614	11424	1
9614	11791	1
9700	9701	5
9700	9806	2
9700	9995	1
9700	10027	3
9700	10072	8
9700	10118	2
9700	10342	2
9700	10374	1
9700	10499	1
9700	10514	1
9700	10515	1
9700	10556	4
9700	10557	2
9700	10559	2
9700	10561	2
9700	10677	8
9700	10678	1
9700	10709	1
9700	10731	1
9700	10734	1
9700	10803	2
9700	10921	1
9700	10950	1
9700	10995	1
9700	11021	4
9700	11026	1
9700	11045	2
9700	11077	1
9700	11078	1
9700	11079	5
9700	11178	1
9700	11234	8
9700	11240	10
9700	11288	1
9700	11361	3
9700	11424	2
9700	11425	1
9700	11456	2
9700	11491	3
9700	11492	1
9700	11502	1
9700	11536	1
9700	11698	2
9700	11734	1
9700	11820	2
9701	9806	1
9701	10027	1
9701	10072	1
9701	10556	2
9701	10559	1
9701	10561	1
9701	10677	1
9701	11026	1
9701	11077	1
9701	11079	3
9701	11234	3
9701	11240	3
9701	11361	1
9701	11424	1
9701	11425	1
9701	11456	1
9701	11536	1
9701	11698	1
9719	9900	1
9719	10010	1
9719	10011	1
9719	10374	2
9719	10503	1
9719	10556	1
9719	10561	1
9719	10621	1
9719	10949	1
9719	11307	1
9719	11820	1
9804	9900	2
9804	10621	1
9804	11575	1
9804	11791	1
9806	10027	3
9806	10072	3
9806	10342	2
9806	10374	1
9806	10514	1
9806	10515	1
9806	10677	1
9806	10734	1
9806	10803	2
9806	11021	1
9806	11045	1
9806	11079	2
9806	11178	1
9806	11234	4
9806	11240	3
9806	11361	1
9806	11491	1
9806	11734	1
9806	11820	1
9900	10010	1
9900	11647	2
9920	9995	2
9920	10118	1
9920	10342	2
9920	10460	1
9920	10499	1
9920	10503	2
9920	10512	2
9920	10513	1
9920	10515	1
9920	10866	1
9920	11234	2
9920	11240	2
9920	11288	1
9920	11307	2
9920	11424	3
9920	11491	1
9920	11536	1
9920	11539	1
9995	9998	4
9995	10027	4
9995	10072	1
9995	10342	1
9995	10374	1
9995	10460	4
9995	10499	2
9995	10512	5
9995	10513	3
9995	10515	3
9995	10556	3
9995	10557	1
9995	10559	1
9995	10561	1
9995	10621	2
9995	10677	8
9995	10678	1
9995	10709	1
9995	10731	1
9995	10766	3
9995	10900	1
9995	10921	2
9995	10950	2
9995	10990	1
9995	11045	1
9995	11077	1
9995	11234	14
9995	11237	4
9995	11240	5
9995	11288	4
9995	11307	3
9995	11424	3
9995	11425	1
9995	11491	2
9995	11492	1
9995	11536	2
9995	11539	2
9995	11698	1
9995	11734	2
9995	11777	5
9995	11791	1
9998	10460	1
9998	10499	1
9998	10512	3
9998	10515	1
9998	10556	1
9998	10949	1
9998	10950	1
9998	11077	1
9998	11178	1
9998	11234	3
9998	11240	2
9998	11424	1
9998	11425	1
9998	11539	1
9998	11777	2
10010	10514	1
10010	10584	1
10011	10374	1
10011	10556	1
10011	10561	1
10011	10866	1
10011	10949	1
10011	11517	1
10011	11575	1
10011	11820	1
10027	10072	3
10027	10118	1
10027	10444	2
10027	10460	1
10027	10499	2
10027	10503	1
10027	10512	2
10027	10513	2
10027	10515	2
10027	10556	1
10027	10559	1
10027	10584	1
10027	10677	4
10027	10709	1
10027	10734	1
10027	10766	5
10027	10803	3
10027	10866	1
10027	10900	1
10027	10921	4
10027	10950	1
10027	10990	5
10027	11045	1
10027	11077	1
10027	11079	1
10027	11178	1
10027	11234	11
10027	11240	20
10027	11288	1
10027	11424	1
10027	11425	1
10027	11492	4
10027	11502	6
10027	11539	3
10027	11575	1
10027	11647	1
10027	11698	1
10027	11734	1
10027	11777	1
10027	11791	1
10027	11820	1
10072	10342	5
10072	10374	1
10072	10460	1
10072	10499	2
10072	10514	1
10072	10515	1
10072	10559	1
10072	10561	1
10072	10677	8
10072	10678	1
10072	10709	1
10072	10731	1
10072	10734	3
10072	10803	4
10072	10900	1
10072	10949	2
10072	10995	2
10072	11021	3
10072	11045	2
10072	11078	2
10072	11079	6
10072	11234	7
10072	11240	8
10072	11361	3
10072	11424	1
10072	11425	1
10072	11456	1
10072	11491	1
10072	11492	4
10072	11517	1
10072	11539	2
10072	11734	1
10072	11820	1
10118	10342	1
10118	10460	1
10118	10512	1
10118	10515	1
10118	10556	1
10118	10557	1
10118	10561	1
10118	10677	3
10118	10900	2
10118	10950	1
10118	10990	1
10118	11045	1
10118	11132	1
10118	11234	4
10118	11240	4
10118	11288	2
10118	11425	1
10118	11491	1
10118	11492	1
10118	11539	1
10118	11698	1
10118	11734	1
10118	11777	1
10342	10374	1
10342	10512	2
10342	10514	1
10342	10515	2
10342	10677	6
10342	10731	1
10342	10734	1
10342	10803	2
10342	10995	1
10342	11021	2
10342	11026	1
10342	11045	1
10342	11077	1
10342	11078	1
10342	11079	4
10342	11178	1
10342	11234	7
10342	11240	3
10342	11288	2
10342	11307	1
10342	11361	4
10342	11424	1
10342	11456	1
10342	11491	1
10342	11492	5
10342	11734	1
10342	11820	1
10374	10514	1
10374	10515	1
10374	10556	1
10374	10561	1
10374	10621	1
10374	10677	1
10374	10803	1
10374	10949	1
10374	11021	1
10374	11045	1
10374	11079	1
10374	11234	1
10374	11240	1
10374	11424	1
10374	11734	1
10374	11791	1
10374	11820	2
10444	10499	1
10444	10503	1
10444	10921	1
10444	11234	3
10444	11240	5
10444	11517	2
10444	11539	1
10444	11575	1
10444	11698	1
10460	10487	1
10460	10499	2
10460	10503	1
10460	10677	5
10460	10678	1
10460	10734	1
10460	10766	1
10460	10866	1
10460	10900	4
10460	10949	1
10460	10990	1
10460	11077	1
10460	11078	1
10460	11132	1
10460	11178	1
10460	11234	18
10460	11237	2
10460	11240	9
10460	11288	3
10460	11307	5
10460	11425	2
10460	11491	4
10460	11492	2
10460	11536	1
10460	11539	10
10460	11777	2
10487	10557	1
10487	10677	2
10487	10678	2
10487	10900	2
10487	11132	1
10487	11234	2
10487	11240	3
10487	11361	1
10487	11491	1
10487	11734	1
10499	10514	1
10499	10584	1
10499	10677	3
10499	10803	1
10499	10866	1
10499	10921	1
10499	10950	1
10499	10990	1
10499	10995	2
10499	11045	1
10499	11077	1
10499	11078	1
10499	11234	8
10499	11240	4
10499	11307	3
10499	11361	2
10499	11424	3
10499	11425	2
10499	11492	1
10499	11517	1
10499	11539	2
10499	11734	1
10499	11777	1
10503	10513	1
10503	10921	1
10503	11234	2
10503	11240	3
10503	11307	1
10512	10513	1
10512	10515	6
10512	10677	1
10512	10731	1
10512	10766	2
10512	10921	1
10512	10990	1
10512	11077	1
10512	11078	1
10512	11234	2
10512	11237	1
10512	11240	4
10512	11288	1
10512	11307	1
10512	11424	3
10512	11425	2
10512	11491	1
10512	11492	1
10512	11502	1
10512	11575	1
10512	11777	2
10513	10515	1
10513	10766	2
10513	10866	1
10513	11234	2
10513	11237	1
10513	11240	1
10513	11777	1
10514	10515	1
10514	10677	2
10514	10803	2
10514	11021	1
10514	11045	1
10514	11079	1
10514	11234	2
10514	11240	1
10514	11361	1
10514	11424	3
10514	11734	1
10514	11820	1
10515	10621	1
10515	10677	3
10515	10731	2
10515	10734	1
10515	10766	3
10515	10803	1
10515	10900	2
10515	10921	1
10515	10950	1
10515	10990	1
10515	10995	1
10515	11021	1
10515	11045	1
10515	11078	1
10515	11079	1
10515	11234	5
10515	11237	1
10515	11240	6
10515	11288	1
10515	11424	1
10515	11425	1
10515	11491	2
10515	11536	1
10515	11539	1
10515	11734	1
10515	11777	3
10515	11820	1
10556	10557	4
10556	10559	5
10556	10561	5
10556	10677	3
10556	10709	4
10556	10949	2
10556	10950	1
10556	11026	1
10556	11079	1
10556	11234	1
10556	11240	1
10556	11424	1
10556	11456	1
10556	11491	1
10556	11698	2
10556	11777	1
10557	10559	2
10557	10561	3
10557	10677	2
10557	10709	2
10557	11079	1
10557	11240	1
10557	11491	1
10557	11698	1
10559	10561	2
10559	10677	1
10559	10709	5
10559	10949	2
10559	11026	1
10559	11079	1
10559	11240	1
10559	11698	1
10561	10677	1
10561	10709	1
10561	10949	2
10561	11026	1
10561	11491	1
10561	11698	1
10584	10678	1
10584	10866	1
10584	11086	1
10584	11234	2
10584	11240	3
10584	11491	1
10584	11575	1
10584	11791	1
10621	10766	1
10621	11234	1
10621	11307	1
10621	11425	1
10621	11575	1
10621	11777	1
10621	11791	2
10621	11820	1
10677	10678	5
10677	10709	1
10677	10731	1
10677	10734	3
10677	10766	1
10677	10803	3
10677	10900	5
10677	10949	1
10677	10950	1
10677	10990	1
10677	10995	1
10677	11021	4
10677	11026	2
10677	11045	1
10677	11077	1
10677	11078	1
10677	11079	5
10677	11132	2
10677	11178	1
10677	11234	25
10677	11237	2
10677	11240	21
10677	11288	4
10677	11307	2
10677	11361	2
10677	11424	6
10677	11425	4
10677	11456	1
10677	11491	7
10677	11492	6
10677	11502	1
10677	11536	1
10677	11539	3
10677	11698	1
10677	11734	3
10677	11777	1
10677	11820	1
10678	10900	1
10678	11079	1
10678	11132	1
10678	11234	3
10678	11240	5
10678	11361	1
10678	11491	2
10678	11734	3
10709	10949	3
10709	11079	1
10709	11234	1
10709	11240	2
10709	11307	1
10709	11539	1
10709	11698	1
10709	11820	1
10731	10734	2
10731	10766	1
10731	11021	1
10731	11026	1
10731	11234	1
10731	11240	1
10731	11288	1
10731	11492	1
10731	11536	1
10731	11539	2
10734	10803	1
10734	10900	1
10734	11021	1
10734	11026	1
10734	11079	1
10734	11234	4
10734	11240	2
10734	11288	2
10734	11491	2
10734	11492	1
10734	11539	1
10766	10921	1
10766	10990	1
10766	11078	1
10766	11234	3
10766	11240	6
10766	11425	2
10766	11492	2
10766	11502	1
10766	11777	1
10803	10950	1
10803	11021	1
10803	11045	1
10803	11078	1
10803	11079	2
10803	11234	4
10803	11240	1
10803	11361	2
10803	11424	2
10803	11425	1
10803	11492	1
10803	11575	1
10803	11734	1
10803	11820	2
10866	11234	2
10866	11237	1
10866	11240	2
10866	11425	1
10866	11491	1
10866	11492	1
10866	11575	1
10866	11777	1
10866	11791	1
10900	10990	1
10900	11045	1
10900	11132	1
10900	11234	5
10900	11240	4
10900	11288	1
10900	11425	1
10900	11491	2
10900	11539	2
10900	11777	1
10921	10990	2
10921	11045	1
10921	11077	1
10921	11234	2
10921	11240	3
10949	11077	1
10949	11132	1
10949	11178	1
10949	11234	2
10949	11240	2
10949	11307	1
10949	11491	1
10949	11539	2
10949	11820	1
10950	11240	2
10950	11734	1
10950	11777	2
10990	11234	2
10990	11237	1
10990	11240	2
10990	11288	1
10990	11425	1
10990	11539	1
10990	11777	1
10995	11078	1
10995	11234	2
10995	11361	1
10995	11424	3
10995	11425	2
10995	11491	1
10995	11536	1
11021	11026	3
11021	11045	1
11021	11077	3
11021	11078	1
11021	11079	1
11021	11132	1
11021	11234	2
11021	11240	3
11021	11288	1
11021	11424	1
11021	11491	1
11021	11734	1
11021	11820	1
11026	11045	1
11026	11077	2
11026	11132	1
11026	11234	1
11026	11288	1
11026	11698	1
11045	11077	1
11045	11079	1
11045	11132	1
11045	11234	2
11045	11240	4
11045	11492	1
11045	11539	1
11045	11698	1
11045	11734	1
11045	11820	1
11077	11079	1
11077	11132	1
11077	11178	1
11077	11234	3
11077	11240	3
11077	11361	1
11077	11424	1
11077	11425	1
11077	11539	1
11078	11079	1
11078	11234	3
11078	11240	2
11078	11288	1
11078	11425	2
11078	11492	2
11078	11536	1
11078	11539	1
11078	11777	1
11079	11234	5
11079	11240	7
11079	11361	1
11079	11425	1
11079	11492	1
11079	11734	1
11079	11820	1
11086	11234	1
11086	11456	1
11086	11491	1
11132	11234	3
11132	11240	2
11132	11491	1
11178	11234	2
11178	11361	2
11178	11491	1
11178	11536	1
11178	11539	1
11178	11820	1
11234	11237	5
11234	11240	32
11234	11288	12
11234	11307	9
11234	11361	4
11234	11424	4
11234	11425	3
11234	11456	1
11234	11491	7
11234	11492	4
11234	11517	1
11234	11536	4
11234	11539	13
11234	11698	3
11234	11734	3
11234	11777	4
11234	11820	2
11237	11240	1
11237	11288	2
11237	11307	1
11237	11491	3
11237	11539	1
11237	11777	1
11240	11288	5
11240	11307	4
11240	11361	4
11240	11424	5
11240	11425	7
11240	11491	8
11240	11492	12
11240	11502	4
11240	11517	1
11240	11536	1
11240	11539	10
11240	11698	3
11240	11734	3
11240	11777	3
11240	11820	3
11288	11425	1
11288	11491	3
11288	11492	1
11288	11539	3
11288	11777	2
11307	11424	1
11307	11492	1
11307	11536	1
11307	11539	6
11307	11820	2
11361	11424	1
11361	11425	1
11361	11456	1
11361	11491	1
11361	11492	1
11361	11536	1
11361	11734	1
11361	11820	1
11424	11425	5
11424	11456	1
11424	11491	1
11424	11492	1
11424	11575	1
11424	11698	1
11424	11777	1
11424	11820	2
11425	11492	2
11425	11539	1
11425	11777	2
11456	11698	1
11456	11791	1
11491	11539	2
11491	11820	1
11492	11502	1
11492	11539	2
11492	11734	1
11492	11777	2
11517	11575	2
11536	11539	1
11539	11698	1
11539	11777	2
11539	11820	1
11575	11791	2
11575	11820	1
11734	11777	1
11734	11820	1
