银行,年份,资产：现金及存放中央银行款项,资产：存放同业和其它金融机构款项,资产：贵金属,资产：拆出资金,资产：交易性金融资产,资产：衍生金融资产,资产：买入返售金融资产,资产：应收利息,资产：发放贷款及垫款,资产：可供出售金融资产,资产：持有至到期投资,资产：长期股权投资,资产：应收款项类投资,资产：固定资产,资产：无形资产,资产：递延所得税资产,资产：投资性房地产,资产：其他资产,资产：资产总计,负债：同业和其它金融机构存放款项,负债：向中央银行借款,负债：拆入资金,负债：衍生金融负债,负债：卖出回购金融资产款,负债：吸收存款,负债：应付职工薪酬,负债：应交税费,负债：应付利息,负债：应付债券,负债：递延所得税负债,负债：预计负债,负债：其他负债,负债：负债差额(特殊报表科目),负债：负债合计,所有者权益：股本,所有者权益：资本公积金,所有者权益：其它综合收益,所有者权益：盈余公积金,所有者权益：未分配利润,所有者权益：一般风险准备,所有者权益：归属于母公司所有者权益合计,所有者权益：少数股东权益,所有者权益：所有者权益合计,所有者权益：负债及股东权益总计,资产差额(特殊报表科目),负债：交易性金融负债,所有者权益：外币报表折算差额,资产：代理业务资产,资产：商誉,资产差额(合计平衡项目),负债：代理业务负债,负债：负债差额(合计平衡项目),所有者权益：其它权益工具,所有者权益：　　其它权益工具：优先股,所有者权益：减：库存股,所有者权益：未确认的投资损失,所有者权益：股东权益差额(特殊报表科目),所有者权益：股权权益差额(合计平衡项目),负债及股东权益差额(特殊报表项目),负债及股东权益差额(合计平衡项目),资产：　　拆出资金,负债：　　向中央银行借款,负债：　　拆入资金,负债：　　卖出回购金融资产款,其它综合收益
上海农商银行,2005,10124.14,7172.19,NA,NA,NA,NA,NA,NA,NA,NA,NA,NA,NA,680.65,4524.84,NA,NA,NA,127416.88,996.78,NA,NA,NA,7947.12,NA,39.72,70.81,NA,NA,NA,697.71,NA,NA,121263.35,3000.29,NA,NA,213.33,327.57,2612.33,6153.53,NA,6153.53,127416.88,NA,NA,NA,NA,NA,NA,NA,NA,NA,NA,NA,NA,NA,NA,NA,NA,NA,NA,NA,NA,NA
上海农商银行,2006,13664.27,1668.45,NA,NA,NA,NA,NA,NA,NA,NA,NA,NA,NA,737.6,4436.8599999999997,NA,NA,NA,136149.32,1050.46,NA,NA,NA,400,NA,155.06,82.96,NA,NA,NA,745.94,NA,NA,129662.36,3000.29,4.51,NA,278.85000000000002,585.49,2617.8200000000002,6486.96,NA,6486.96,136149.32,NA,NA,NA,NA,NA,NA,NA,NA,NA,NA,NA,NA,NA,NA,NA,NA,NA,NA,NA,NA,NA
上海农商银行,2007,22746.05,3481.62,NA,NA,NA,NA,NA,NA,NA,NA,NA,NA,NA,NA,4328.13,NA,NA,NA,157472.75,3053.56,NA,NA,NA,NA,NA,NA,235.14,NA,NA,NA,1662.45,NA,NA,148846.21,3745.69,1241.92,NA,377.24,638.38,2623.3,8626.5400000000009,NA,8626.5400000000009,157472.75,NA,NA,NA,NA,NA,NA,NA,NA,NA,NA,NA,NA,NA,NA,NA,NA,NA,NA,NA,NA,NA
上海农商银行,2008,25943.18,5217.9799999999996,NA,NA,NA,NA,5767.73,NA,NA,NA,NA,NA,NA,851.92,4248.13,NA,NA,NA,173327.35,405.4,NA,NA,NA,142.18,NA,87.82,41.68,NA,NA,NA,1443.07,NA,NA,161684.23000000001,3745.69,1241.92,NA,731.59,3287.4,2636.51,11643.11,NA,11643.11,173327.35,NA,NA,NA,NA,NA,NA,NA,NA,NA,NA,NA,NA,NA,NA,NA,NA,NA,NA,NA,NA,NA
上海农商银行,2009,31294.37,3178.79,NA,NA,129.28,NA,10515.16,828.63,116579.76,10472.02,26740.28,547.45000000000005,3222.71,3029.67,NA,717.26,4138.01,856.97,212250.36,224.27,NA,NA,NA,6523,179234.05,98.97,672.69,2870.53,1500,134.88,262.14,6959.97,700.97,199181.48,3745.69,1563.57,NA,873.71,4213.5600000000004,2625.54,13022.07,46.81,13068.88,212250.36,NA,NA,NA,NA,NA,NA,NA,NA,NA,NA,NA,NA,NA,NA,NA,NA,NA,NA,NA,NA,NA
上海农商银行,2010,43887.93,5597,1.78,86.09,47.43,NA,9904.7099999999991,733.03,138785.60000000001,16740.73,28973.7,467.19,2616.5700000000002,3186.7,NA,516.4,NA,556.04999999999995,252100.92,1057.99,NA,100,NA,5273.88,211834.3,324.5,788.03,3319.69,1500,NA,249.12,3938.74,488.86,228875.11,5000,8577.4599999999991,NA,3738.25,3231.53,2625.54,23172.78,53.03,23225.81,252100.92,NA,NA,NA,NA,NA,NA,NA,NA,NA,NA,NA,NA,NA,NA,NA,NA,NA,NA,NA,NA,NA
上海农商银行,2011,52107.21,13659.94,9.81,4063.01,438.5,NA,19106.29,1097.0999999999999,162279.88,14290.74,34306.57,361.59,1464.51,4750.54,NA,1389.96,NA,601.41999999999996,309927.08,10025.39,NA,8051.82,NA,10067.26,247548.15,682.91,1205.46,3853.45,1500,NA,319.33999999999997,467.46,1139.5,284860.74,5000,7552.35,NA,4260.17,5554.8,2625.54,24992.86,73.48,25066.35,309927.08,NA,NA,NA,NA,NA,NA,NA,NA,NA,NA,NA,NA,NA,NA,NA,NA,NA,NA,NA,NA,NA
上海农商银行,2012,60674.25,14540.33,2.97,1251.42,3523.84,NA,18663.46,1434.51,189902.58,26242.99,36222.79,357.16,187.71,5884.11,NA,1440.17,NA,1640.13,361968.42,8918.8799999999992,165,6364.39,NA,6470,292100.21999999997,1109.75,880.8,5832.17,6500,NA,343.88,765.79,2917.47,332368.34999999998,5000,8177.07,NA,5099.3500000000004,7840.04,2625.54,28742,858.07,29600.07,361968.42,NA,NA,NA,NA,NA,NA,NA,NA,NA,NA,NA,NA,NA,NA,NA,NA,NA,NA,NA,NA,NA
上海农商银行,2013,74649.58,9106.02,2.88,5281.19,757.27,1.87,17029.63,1717.34,223021.02,30268.21,44260.45,358.42,5126.4399999999996,5920.4,NA,1638.91,NA,1752.68,420892.31,8919.7999999999993,1149,2044.65,1.02,8485.0499999999993,347891.1,899.23,653.47,6898.98,6500,NA,361.35,548.74,3551.31,387903.69,5000,7738.2,NA,6136.03,9415.99,3578.03,31868.25,1120.3699999999999,32988.620000000003,420892.31,NA,NA,NA,NA,NA,NA,NA,NA,NA,NA,NA,NA,NA,NA,NA,NA,NA,NA,NA,NA,NA
上海农商银行,2014,77687.460000000006,11117.22,50.73,16401.84,2925.32,8.58,11315.92,1996.36,252017.63,51385.91,40420.57,354.14,9791.83,6687.42,NA,1721.16,NA,1421.11,485303.18,9145.9599999999991,2169,1902.87,17.670000000000002,18569.53,395507.55,1635.74,1032.49,8293.83,7955.16,NA,NA,929.86,NA,447159.67,5000,8111.06,493.46,7404.87,11904.94,3968.46,36882.79,1260.72,38143.51,485303.18,NA,NA,NA,NA,NA,NA,NA,NA,NA,NA,NA,NA,NA,NA,NA,NA,NA,NA,NA,NA,NA
上海农商银行,2015,71054.78,12363.96,625.65,20096.28,1757.09,225.39,16693.63,2536.7199999999998,289035.45,95619.56,56809.69,581.42999999999995,9711.85,6675.53,NA,1770.2,NA,1456.32,587013.54,48693.93,3434.5,1382.7,42.67,21903.57,450368.33,1931.08,1001.9,9771.57,3968.32,NA,NA,1188.5,NA,543687.06999999995,5000,8111.06,777.13,8941.61,13886.01,5184.17,41899.980000000003,1426.5,43326.48,587013.54,NA,NA,NA,NA,NA,NA,NA,NA,NA,NA,NA,NA,NA,NA,NA,NA,NA,NA,NA,NA,NA
上海银行,2005,21301.61,4257.9399999999996,1.34,5427.79,15419.86,NA,12950.18,955.73,118168.01,6978.5,46356.88,NA,1822.69,1815.27,137.26,777.82,NA,1041.67,237662.66,23194.01,NA,NA,NA,13262.07,184784.58,105.37,22.69,907.91,3000,NA,70,1998.07,NA,227344.69,2600,1376.43,NA,3267.03,3074.52,NA,10317.969999999999,NA,10317.969999999999,237662.66,250.12,NA,NA,NA,NA,NA,NA,NA,NA,NA,NA,NA,NA,NA,NA,NA,NA,NA,NA,NA,NA
上海银行,2006,34681.39,1192.58,248.99,8715.31,14953.14,NA,8525.5300000000007,1278.54,121188.43,11227.7,55407.31,NA,1436.17,2030.44,134.07,513.99,NA,1122.81,262902.62,29238.26,NA,850.76,NA,13738.62,200368.85,138.37,93.76,1244.9100000000001,3000,NA,57,1831,NA,250561.52,2600,1327.71,NA,3589.31,3334.08,1490,12341.1,NA,12341.1,262902.62,246.21,NA,NA,NA,NA,NA,NA,NA,NA,NA,NA,NA,NA,NA,NA,NA,NA,NA,NA,NA,NA
上海银行,2007,41276.33,4657.18,644.80999999999995,13897.68,7917.84,65.22,15996.05,1738.29,145879.67000000001,26978.04,41688.410000000003,NA,3719.29,2381.4699999999998,210.51,558.83000000000004,157.61000000000001,944.81,308986.01,38242.519999999997,NA,2074.66,57.84,25100.53,220888.8,261.27999999999997,759.79,1603.94,3000,NA,49.5,2185.7800000000002,NA,294224.65000000002,2600,1125.6400000000001,NA,3627.03,4718.7,2690,14761.36,NA,14761.36,308986.01,273.97000000000003,NA,NA,NA,NA,NA,NA,NA,NA,NA,NA,NA,NA,NA,NA,NA,NA,NA,NA,NA,NA
上海银行,2008,64957.04,4202.68,42.78,13503.91,6770.15,151.81,9937.9500000000007,2149.94,172626.38,39423.68,45640.87,NA,3247.04,3120.33,213.24,612.55999999999995,152.81,731.08,367735.97,36340.74,NA,5166.62,185.44,32457.29,266363.07,496.83,547.12,2534.06,3000,NA,115.71,1688.99,NA,348895.86,2600,2517.25,NA,4709.21,5273.66,3740,18840.11,NA,18840.11,367735.97,251.75,NA,NA,NA,NA,NA,NA,NA,NA,NA,NA,NA,NA,NA,NA,NA,NA,NA,NA,NA,NA
上海银行,2009,74910.289999999994,12163.96,5.61,11960.04,5453.03,17.59,2614,1752.62,238136,44222.57,64112.72,NA,5118.8999999999996,3070.67,259.22000000000003,1037.83,147.63999999999999,598.79,466038.95,80298.02,NA,9603.5499999999993,15.69,6325,333420.87,496.78,529.75,2723.23,8000,NA,126.39,2987.57,NA,444526.86,2600,1956.37,NA,5632.35,7123.37,4200,21512.09,NA,21512.09,466038.95,457.49,NA,NA,NA,NA,NA,NA,NA,NA,NA,NA,NA,NA,NA,NA,NA,NA,NA,NA,NA,NA
上海银行,2010,93142.25,1286.58,NA,9346.85,2905.89,32.049999999999997,22007.3,1900.26,290088.26,43201.65,80652.539999999994,NA,14713.17,3233.53,272.64,1510.1,142.82,1881.43,566775.19999999995,75280.600000000006,NA,12548.56,51.78,27885,409522.28,558.27,826.77,3598.43,5000,NA,74.64,1941.78,NA,537288.11,4234,3659.21,NA,6719.21,10114.67,4760,29487.09,NA,29487.09,566775.19999999995,457.87,NA,NA,NA,NA,NA,NA,NA,NA,NA,NA,NA,NA,NA,NA,NA,NA,NA,NA,NA,NA
上海银行,2011,107011.86,36781.08,NA,29791.34,6306.91,47.2,9997.06,2679.95,325523.45,46689.67,73610.73,NA,6330.19,3551,298.14999999999998,1493.37,NA,5688.06,655800.01,89699.69,NA,16497.16,37.65,29015.22,466764.06,786.75,714.01,4892,10000,NA,NA,2117.04,NA,620523.59,4234,4003.06,NA,8227.66,12734.3,5930,35129.01,147.41,35276.42,655800.01,NA,NA,NA,NA,NA,NA,NA,NA,NA,NA,NA,NA,NA,NA,NA,NA,NA,NA,NA,NA,NA
上海银行,2012,105809.18,142401.23000000001,NA,15215.91,4848.66,182.5,8323.9699999999993,4815.54,381217.51,61539.88,67415.44,NA,17031.32,3851.41,321.37,1750.09,NA,2179.96,816903.95,160002.73000000001,40,15169.19,196.62,30195.200000000001,545031.71,1167.1300000000001,1118.24,7422.97,12219.16,NA,NA,2069.39,NA,774632.33,4234,3869.55,NA,9969.3799999999992,16651.060000000001,7230,41953.98,317.64,42271.62,816903.95,NA,NA,NA,NA,NA,NA,NA,NA,NA,NA,NA,NA,NA,NA,NA,NA,NA,NA,NA,NA,NA
上海银行,2013,121609,66684.91,NA,21376.560000000001,7281.28,1030.56,33136.5,5384,430953.61,54938.75,74093.37,NA,150059.49,4571.6000000000004,472.91,2182.91,NA,3946.96,977722.41,195686.68,114.5,22570.59,1059.42,46954.81,626012.6,1432.85,1462.14,10628.58,12220.25,NA,NA,3260,NA,921402.43,4234,9333.06,NA,12219.38,19683.09,10485.92,55954.83,365.15,56319.99,977722.41,NA,NA,-0.62,NA,NA,NA,NA,NA,NA,NA,NA,NA,NA,NA,NA,NA,NA,NA,NA,NA,NA
上海银行,2014,139983.73000000001,71149.789999999994,NA,37970.9,7990.84,407.19,62320.800000000003,6925.1,472194.36,86051.72,76004.679999999993,20,213792.69,4414.5,532.65,2547.52,NA,5145.72,1187452.2,259647.37,40.299999999999997,24199.73,349.75,43943,724618.13,1661.01,2043.91,12726.01,38460.22,13.55,NA,5336.49,NA,1113093.24,4704,15688.71,744.26,15024.99,24942.91,12865.47,73970.34,388.62,74358.960000000006,1187452.2,NA,53.76,NA,NA,NA,NA,NA,NA,NA,NA,NA,NA,NA,NA,NA,NA,NA,NA,NA,NA,NA
上海银行,2015,144057.98000000001,46177.63,NA,72167.759999999995,4614.2,691.28,51042.68,6053.14,521365.25,163955.29,119953.78,18.420000000000002,301803.28999999998,4172.87,579.91,3504.32,NA,8982.68,1449140.49,331338.78000000003,6403.17,30229.75,525.4,47464.95,792679.89,2046.98,2857.29,14766.54,123939.76,51.36,NA,3991,NA,1356306.09,5404,20392.7,1887.02,18402.91,29635.75,16668.11,92390.5,443.9,92834.4,1449140.49,NA,11.24,NA,NA,NA,NA,NA,NA,NA,NA,NA,NA,NA,NA,NA,NA,NA,NA,NA,NA,NA
上饶银行,2006,532.25,119.25,NA,NA,NA,NA,NA,5.51,NA,NA,NA,NA,NA,NA,1.74,NA,NA,NA,3609.19,NA,NA,NA,NA,NA,NA,NA,8.57,30.86,NA,NA,NA,NA,NA,3376.91,153.61000000000001,5.78,NA,20.99,27.01,24.9,232.28,NA,232.28,3609.19,NA,NA,NA,NA,NA,NA,NA,NA,NA,NA,NA,NA,NA,NA,NA,NA,NA,NA,NA,NA,NA
上饶银行,2007,1021.39,36.909999999999997,NA,NA,NA,NA,NA,8.27,NA,NA,NA,NA,NA,NA,1.65,NA,NA,NA,4723.79,NA,NA,NA,NA,NA,NA,NA,11.96,70.760000000000005,NA,NA,NA,NA,NA,4463.22,165.13,6.4,NA,26.52,35.11,27.41,260.57,NA,260.57,4723.79,NA,NA,NA,NA,NA,NA,NA,NA,NA,NA,NA,NA,NA,NA,NA,NA,NA,NA,NA,NA,NA
上饶银行,2009,2061.0500000000002,720.24,NA,NA,NA,NA,NA,16.68,4863.93,NA,2205.4899999999998,NA,NA,200.89,1.17,19.14,NA,120.61,10209.209999999999,NA,NA,NA,NA,900,8155.75,11.33,72.819999999999993,93.72,NA,NA,NA,86.21,NA,9319.82,559.23,71.75,NA,58.64,132.16999999999999,67.599999999999994,889.38,NA,889.38,10209.209999999999,NA,NA,NA,NA,NA,NA,NA,NA,NA,NA,NA,NA,NA,NA,NA,NA,NA,NA,NA,NA,NA
上饶银行,2010,2308.16,543.1,NA,NA,NA,NA,2031.01,19.41,6837.88,NA,2959.6,NA,NA,239.61,1.03,3.19,NA,141.46,15084.46,7.6,40,NA,NA,750,11360.64,24.95,71.36,84.44,NA,NA,NA,1693.66,NA,14032.66,559.23,71.75,NA,78.5,233.35,83.96,1026.79,25.01,1051.8,15084.46,NA,NA,NA,NA,NA,NA,NA,NA,NA,NA,NA,NA,NA,NA,NA,NA,NA,NA,NA,NA,NA
上饶银行,2011,4925.07,1211.8699999999999,NA,NA,NA,NA,709.81,25.6,8588.7999999999993,2261.2199999999998,3815.65,NA,NA,269.08,0.89,9.6,NA,83.97,21901.57,115.37,30,NA,NA,1330,14867.92,40.340000000000003,99.5,130.1,NA,NA,NA,3190.2,NA,19803.419999999998,1086.1400000000001,378.63,NA,108.8,335.78,134.79,2044.14,54,2098.15,21901.57,NA,NA,NA,NA,NA,NA,NA,NA,NA,NA,NA,NA,NA,NA,NA,NA,NA,NA,NA,NA,NA
上饶银行,2012,6977.52,1892.65,NA,NA,NA,NA,1342.2,42.91,10775.15,2470.65,1500,NA,5880.52,292.89,6.6,12.73,NA,118.27,31312.09,1383.89,60,NA,NA,1540,21728.01,60.39,80.06,235.25,NA,4.79,NA,2718.06,NA,27810.45,1524.21,787.26,NA,162.09,751.69,210.67,3435.93,65.709999999999994,3501.64,31312.09,NA,NA,NA,NA,NA,NA,NA,NA,NA,NA,NA,NA,NA,NA,NA,NA,NA,NA,NA,NA,NA
上饶银行,2013,6693.3,5832.57,NA,NA,NA,NA,1476.33,80.150000000000006,13402.78,2434.8200000000002,NA,NA,7806.44,339.63,127.39,52.74,NA,253.74,38499.89,4995.26,50,NA,NA,723,26306.97,86.79,106.94,334.17,NA,NA,NA,2087.84,NA,34690.959999999999,1524.21,693.44,NA,228.01,811.8,473.95,3731.41,77.510000000000005,3808.92,38499.89,NA,NA,NA,NA,NA,NA,NA,NA,NA,NA,NA,NA,NA,NA,NA,NA,NA,NA,NA,NA,NA
上饶银行,2014,6476.28,9682.3799999999992,NA,NA,NA,NA,6163.73,211.63,17424.22,2612.41,NA,NA,10327.48,439.05,136.63,64.5,NA,228.32,53766.63,11409.03,430,NA,NA,1789,31559.19,83.7,126.03,549.89,1500,7.67,NA,1832.37,NA,49286.89,1524.21,767.81,9.3000000000000007,298.20999999999998,883.17,824.21,4306.92,172.82,4479.74,53766.63,NA,NA,NA,NA,NA,NA,NA,NA,NA,NA,NA,NA,NA,NA,NA,NA,NA,NA,NA,NA,NA
上饶银行,2015,6168.33,3513.18,NA,NA,NA,NA,2369.6999999999998,222.59,21318.65,3176.05,NA,NA,27903,503.99,133.19999999999999,186.92,NA,263.27,65758.880000000005,11503.75,800,NA,NA,NA,42914.14,76.75,172,574.69000000000005,4650,24.01,NA,186.69,NA,60902.04,1524.21,767.81,72.040000000000006,348.7,937.89,1008.6,4659.25,197.59,4856.84,65758.880000000005,NA,NA,NA,NA,NA,NA,NA,NA,NA,NA,NA,NA,NA,NA,NA,NA,NA,NA,NA,NA,NA
东莞农村商业银行,2011,29674.02,7869.98,NA,NA,NA,NA,16475.189999999999,511.17,71371.600000000006,12419.19,8806.8799999999992,55.01,NA,1247.83,128.82,47.24,33.96,NA,148965.49,234.19,NA,NA,NA,7360.69,127246.69,317.98,434.5,883.9,NA,57.23,NA,1778.46,125.38,138439.01999999999,4744.18,59.75,NA,294.64999999999998,3545.74,1690.26,10334.59,191.88,10526.47,148965.49,324.61,NA,NA,NA,NA,NA,NA,NA,NA,NA,NA,NA,NA,NA,NA,NA,NA,NA,NA,NA,NA
东莞农村商业银行,2012,31561.97,3794.76,NA,71.34,NA,NA,13324.95,723.88,82024.84,26840.36,10775.32,55.01,NA,1478.37,122.13,84.03,32.51,166.04,171467.51,606.84,60,450,NA,9866.0400000000009,142284.18,331.53,466.74,1366.86,NA,62.18,NA,2754.33,407.34,158656.03,5218.6000000000004,-32.51,NA,538.19000000000005,5072.37,1700.43,12497.06,314.41000000000003,12811.47,171467.51,411.99,NA,NA,NA,NA,NA,NA,NA,NA,NA,NA,NA,NA,NA,NA,NA,NA,NA,NA,NA,NA
东莞农村商业银行,2013,35487.440000000002,6306.8,NA,NA,NA,NA,14951,831.67,93527.86,25507.58,10028.280000000001,55.01,NA,1661.63,151.34,250.52,31.08,8787.8799999999992,197915.69,4806,100,NA,NA,14308.65,160267.03,429.31,312.08,1838.25,NA,106.59,NA,512.36,362.77,183043.04,5740.45,-531.9,NA,823.62,6798.74,1701.97,14532.88,339.77,14872.65,197915.69,337.59,NA,NA,NA,NA,NA,NA,NA,NA,NA,NA,NA,NA,NA,NA,NA,NA,NA,NA,NA,NA
东莞农村商业银行,2014,37228.03,33475.11,NA,NA,1593.3,NA,5784.3,1258.77,105764.66,33223.5,8973.48,NA,11607,1317.18,146.04,78.400000000000006,29.85,1037.19,241516.79999999999,25296.26,483.45,410,NA,20932.72,172151.33,489.97,399.5,2519.9,NA,203.4,NA,742.68,NA,223629.21,5740.45,NA,127,1141.46,7853.15,2660.79,17522.84,364.75,17887.59,241516.79999999999,NA,NA,NA,NA,NA,NA,NA,NA,NA,NA,NA,NA,NA,NA,NA,NA,NA,NA,NA,NA,NA
东莞农村商业银行,2015,34328.81,6283.63,100.1,389.62,33446.92,NA,4591.9799999999996,1720.87,117947.54,51346.45,23236.48,219.59,23049.22,1236.43,170.92,570.89,27.44,958.61,299625.51,33396.199999999997,590,3220,NA,24161.14,181652.06,667.47,567.32000000000005,2827.08,6892.04,NA,NA,720.15,NA,277926.81,5740.45,NA,684.62,1557.32,10106.68,3218.13,21307.200000000001,391.5,21698.7,299625.51,NA,23233.35,NA,NA,NA,NA,NA,NA,NA,NA,NA,NA,NA,NA,NA,NA,NA,NA,NA,NA,NA
东莞银行,2003,NA,NA,NA,NA,1261.54,NA,NA,NA,NA,NA,NA,NA,NA,NA,229.68,NA,NA,NA,28149.71,NA,NA,NA,NA,NA,NA,52.97,21.61,NA,NA,NA,NA,NA,NA,26885.56,1089.22,NA,NA,154.36000000000001,20.67,NA,1264.1400000000001,NA,1264.1400000000001,28149.71,NA,NA,-0.11,NA,NA,26658.48,NA,26810.97,NA,NA,NA,NA,NA,NA,NA,NA,NA,NA,NA,NA,NA
东莞银行,2004,NA,NA,NA,NA,1687.49,NA,NA,72.73,NA,NA,NA,NA,NA,NA,225.05,NA,NA,NA,31808.42,NA,NA,NA,NA,NA,NA,69.37,27.49,NA,NA,NA,NA,NA,NA,30522.78,1089.22,NA,NA,175.27,21.27,NA,1285.6400000000001,NA,1285.6400000000001,31808.42,NA,NA,-0.11,NA,NA,NA,NA,NA,NA,NA,NA,NA,NA,NA,NA,NA,NA,NA,NA,NA,NA
东莞银行,2005,NA,NA,NA,NA,2000.44,NA,NA,51.25,NA,NA,NA,NA,NA,NA,217.73,NA,NA,NA,39793.42,NA,NA,NA,NA,NA,NA,69.459999999999994,28.07,NA,NA,NA,NA,NA,NA,38350.639999999999,1089.22,NA,NA,335.14,22.66,NA,1442.78,NA,1442.78,39793.42,NA,NA,-4.24,NA,NA,NA,NA,NA,NA,NA,NA,NA,NA,NA,NA,NA,NA,NA,NA,NA,NA
东莞银行,2006,8674.02,1675.83,NA,NA,1995.09,NA,2153.8000000000002,192.04,21093.57,405.06,12221.6,9.44,NA,443.6,5.79,262.37,NA,1007.71,50139.92,618.91999999999996,NA,NA,NA,3792.13,42761.96,154.07,209.61,192.78,NA,NA,9.7899999999999991,355.79,NA,48095.05,1636.8,31.51,NA,39.19,227.37,110,2044.86,NA,2044.86,50139.92,NA,NA,NA,NA,NA,NA,NA,NA,NA,NA,NA,NA,NA,NA,NA,NA,NA,NA,NA,NA,NA
东莞银行,2007,8702.24,499.29,NA,NA,5507.02,NA,5354.44,191.19,25955.15,472.45,13502.59,9.44,NA,356.78,142.51,106.01,NA,2980.28,63779.4,2401.13,NA,NA,NA,8573.69,45657.57,146.66,268.22000000000003,263.33999999999997,1011.21,NA,10.82,2737.17,NA,61069.82,1636.8,21.41,NA,118.13,686.24,247,2709.58,NA,2709.58,63779.4,NA,NA,NA,NA,NA,NA,NA,NA,NA,NA,NA,NA,NA,NA,NA,NA,NA,NA,NA,NA,NA
东莞银行,2008,9012.84,4125.1899999999996,NA,NA,5123.87,NA,5675.98,250.45,27312.240000000002,4432.6099999999997,10393.64,9.44,NA,388.08,139.49,106.45,NA,3070.47,70040.740000000005,NA,2038.53,2300,NA,7862.04,49786.9,116.49,107.66,375.25,1012.57,37.81,16.04,2883.3,NA,66536.59,1636.8,97,NA,208.62,1248.46,313.27,3504.16,NA,3504.16,70040.740000000005,NA,NA,NA,NA,NA,NA,NA,NA,NA,NA,NA,NA,NA,NA,NA,NA,NA,NA,NA,NA,NA
东莞银行,2009,9757.49,3229.56,NA,206.21,2637.98,NA,6377.61,361.6,31689.33,3428.77,16241.27,131.69,NA,362.74,157.97999999999999,80.819999999999993,NA,4545.82,79208.86,2996.38,NA,1300,NA,5550.58,59127.69,158.11000000000001,116.25,420.31,1014.02,1.6,31.89,4355.3599999999997,NA,75072.2,1636.8,37.57,NA,299.43,1734.39,413.27,4121.45,15.21,4136.66,79208.86,NA,NA,NA,NA,NA,NA,NA,NA,NA,NA,NA,NA,NA,NA,NA,NA,NA,NA,NA,NA,NA
东莞银行,2010,15189.92,1701.83,NA,NA,1178.5899999999999,NA,15466.67,342.08,38825.58,2457.0500000000002,10691.46,207.81,14592.23,316.08999999999997,155.36000000000001,122.24,NA,6414.35,107661.26,10376.870000000001,50,3600,NA,10458.02,70155.75,169.42,128.52000000000001,539.64,1015.54,NA,22.14,6183.39,NA,102699.28,1636.8,30.33,NA,405.71,2260.66,613.27,4946.7700000000004,15.22,4961.9799999999996,107661.26,NA,NA,NA,NA,NA,NA,NA,NA,NA,NA,NA,NA,NA,NA,NA,NA,NA,NA,NA,NA,NA
东莞银行,2011,19473.2,1196.18,NA,NA,995.69,NA,14041.78,323.36,46778.54,1905.15,9569.7199999999993,227.04,21899.68,287.97000000000003,165.76,179.96,NA,5578.95,122622.98,8748.74,57.4,3140.5,NA,15396.03,80275.55,281.06,201.45,662.3,1017.15,NA,46.43,5154.1000000000004,NA,114980.71,1980,1234.5999999999999,NA,538.07000000000005,2961.79,863.27,7577.72,64.55,7642.27,122622.98,NA,NA,NA,NA,NA,NA,NA,NA,NA,NA,NA,NA,NA,NA,NA,NA,NA,NA,NA,NA,NA
东莞银行,2012,21832.49,691.33,NA,NA,1407.83,NA,2950.5,320.85000000000002,56571.73,1250.74,10107.98,268.99,32183.47,727.48,202.5,296.01,NA,11165.12,139977.01,9576.0499999999993,47.48,3448.03,NA,6986.61,96637.21,330.92,219.66,985.32,1001.06,4.04,26.77,11439.83,NA,130702.98,1980,1246.97,NA,730.29,3987.57,1263.27,9208.1,65.930000000000007,9274.0300000000007,139977.01,NA,NA,NA,NA,NA,NA,NA,NA,NA,NA,NA,NA,NA,NA,NA,NA,NA,NA,NA,NA,NA
东莞银行,2013,23957.27,12725.79,NA,550,158.94999999999999,NA,13971.31,610.80999999999995,66000.03,2236.83,12874.42,280.94,9414.6299999999992,784.34,198.65,322.11,NA,19639.04,163725.12,11673.21,59.39,562.07000000000005,NA,9261.66,108116.48,425.15,262.33999999999997,1459.24,1001.76,NA,36.25,20041.03,NA,152898.57,1980,1215.4100000000001,NA,926.76,4670.5600000000004,1963.27,10755.99,70.569999999999993,10826.56,163725.12,NA,NA,NA,NA,NA,NA,NA,NA,NA,NA,NA,NA,NA,NA,NA,NA,NA,NA,NA,NA,NA
东莞银行,2014,24667.95,6227.29,NA,NA,1102.1099999999999,NA,10871.29,697.83,75954.28,1983.86,14276.11,557.52,28825.89,788.9,201.58,425.67,NA,20411.240000000002,186991.52,15500.32,356.65,2347.13,NA,11932.23,113568.48,483.14,171.6,2355.25,1002.51,5.84,NA,20604.73,4882.26,173210.14,2180,2101.4699999999998,17.420000000000002,1152.92,5141.8999999999996,3113.27,13706.98,74.400000000000006,13781.37,186991.52,NA,NA,NA,NA,NA,NA,NA,NA,NA,NA,NA,NA,NA,NA,NA,NA,NA,NA,NA,NA,NA
东莞银行,2015,23703.81,2215.4499999999998,NA,NA,448.96,NA,7685.23,646.74,85399.73,2426.9,19396.150000000001,612.14,39007.81,747.85,184.62,521.86,NA,9064.3700000000008,192061.62,19758.82,250,2546.75,NA,3928.7,128697.65,549.61,30.36,2766.23,1003.31,17.07,NA,9909.5,7443.17,176901.19,2180,2101.4699999999998,43.15,1338.93,5374.18,4043.27,15081,79.430000000000007,15160.43,192061.62,NA,NA,NA,NA,NA,NA,NA,NA,NA,NA,NA,NA,NA,NA,NA,NA,NA,NA,NA,NA,NA
东营银行,2006,1976,724.05,NA,NA,NA,NA,NA,0.12,NA,NA,NA,NA,NA,31.15,59.25,NA,NA,NA,10046.43,NA,NA,NA,NA,NA,NA,NA,36.61,135.07,NA,NA,NA,NA,NA,9560.7000000000007,413.98,NA,NA,NA,12.11,35,486.2,NA,486.2,10046.91,NA,NA,NA,NA,NA,NA,NA,NA,NA,NA,NA,NA,NA,NA,NA,NA,NA,NA,NA,NA,NA
东营银行,2007,3301.52,718.27,NA,NA,NA,NA,NA,12.35,NA,NA,NA,NA,NA,35.799999999999997,62.74,NA,NA,NA,12589.36,30.72,NA,NA,NA,NA,NA,NA,10.07,149.46,NA,NA,NA,NA,NA,11983.1,413.98,NA,NA,NA,142.04,35,606.25,NA,606.25,12589.36,NA,NA,NA,NA,NA,NA,NA,NA,NA,NA,NA,NA,NA,NA,NA,NA,NA,NA,NA,NA,NA
东营银行,2008,3335.35,960.52,NA,NA,NA,NA,NA,37.65,8431.09,NA,1150.3699999999999,10.02,NA,43.16,62.33,27.73,NA,207.3,14265.52,550.95000000000005,NA,NA,NA,NA,11847.9,0.02,12.93,152.72,NA,NA,NA,823.43,NA,13387.96,502.51,70.819999999999993,NA,53.96,174.98,75.3,877.56,NA,877.56,14265.52,NA,NA,NA,NA,NA,NA,NA,0,NA,NA,NA,NA,NA,NA,NA,NA,NA,NA,NA,NA,NA
东营银行,2009,3055.69,388.64,NA,NA,NA,NA,NA,59.28,10176.219999999999,NA,975.15,20.02,NA,43.26,61.35,34.590000000000003,NA,2427.75,17241.95,500,NA,NA,NA,376,14810.53,4.54,43.03,127.4,248.55,NA,NA,148.26,NA,16258.3,502.51,70.819999999999993,NA,73.06,236.48,103.87,983.64,NA,983.64,17241.95,NA,NA,NA,NA,NA,NA,NA,NA,NA,NA,3.1,NA,NA,NA,NA,NA,NA,NA,NA,NA,NA
东营银行,2010,4011.97,426.94,NA,NA,58.56,NA,6130.3,108.21,12800.05,48.81,643.73,20.02,NA,40.630000000000003,57.5,38.659999999999997,NA,1425.21,25810.6,505.11,NA,NA,NA,4218.9799999999996,18317.27,6.52,34.47,168.45,248.81,NA,NA,1007.79,NA,24507.4,562.80999999999995,69.930000000000007,NA,116.63,421.25,135.68,1303.2,NA,1303.2,25810.6,NA,NA,NA,NA,NA,NA,NA,NA,NA,NA,3.1,NA,NA,NA,NA,NA,NA,NA,NA,NA,NA
东营银行,2011,5568.71,2027.57,NA,NA,NA,NA,NA,62.03,15022.47,220.17,1369.18,20,NA,46.86,58.55,66.61,NA,1282.58,25744.73,35.14,NA,NA,NA,790.3,21959.74,29.24,103.69,161.05000000000001,249.08,0.03,NA,162.86000000000001,NA,23491.119999999999,830.42,437.31,NA,175.8,619.22,193.97,2253.61,NA,2253.61,25744.73,NA,NA,NA,NA,NA,NA,NA,NA,NA,NA,3.1,NA,NA,NA,NA,NA,NA,NA,NA,NA,NA
东营银行,2012,6735.08,740.55,NA,80,NA,NA,NA,110.05,17362.16,1615.82,1668.95,30,1770,334,90.72,81.33,NA,127.37,30746.03,42.18,NA,NA,NA,300,26631.21,10.29,45.34,215.92,249.37,NA,NA,85.11,NA,27579.43,1213.47,575.34,NA,256.19,930.72,193.97,3166.59,NA,3166.59,30746.03,NA,NA,NA,NA,NA,NA,NA,NA,NA,NA,3.1,NA,NA,NA,NA,NA,NA,NA,NA,NA,NA
东营银行,2013,7694.43,424.66,NA,30,NA,NA,2665.69,156.27000000000001,20458.560000000001,2977.46,2585.9299999999998,30,1001,504.34,96.27,119.59,NA,204.56,38948.75,269.31,NA,NA,NA,1687.1,32602.73,21.96,166.18,341.5,249.68,NA,NA,124.9,NA,35463.360000000001,1274.1400000000001,479.63,NA,343.63,1049.22,341.87,3485.39,NA,3485.39,38948.75,NA,NA,0,NA,NA,NA,NA,NA,NA,NA,3.1,NA,NA,NA,NA,NA,NA,NA,NA,NA,NA
东营银行,2014,8554.7900000000009,623.20000000000005,NA,NA,NA,NA,2160.39,251.84,24384.86,3220.18,4760.82,NA,1132.75,523.66999999999996,108.14,117.46,NA,319.51,46157.599999999999,1.51,600,209.4,NA,1333,38872.01,41.59,186.21,467.28,NA,1.43,NA,291.08,NA,42003.519999999997,1783.8,580.49,4.3,443.48,902.14,442.97,4154.08,NA,4154.08,46157.599999999999,NA,NA,NA,NA,NA,NA,NA,NA,NA,NA,3.1,NA,NA,NA,NA,NA,NA,NA,NA,NA,NA
东营银行,2015,8613.8700000000008,1169.27,NA,NA,NA,NA,1367.13,338.73,28097.88,5302.45,8442.94,NA,1371.76,663.81,98.3,131.94999999999999,NA,368.99,55967.09,499.65,NA,549.36,NA,3030,45028.28,51.67,148.66999999999999,595.78,1196.54,NA,NA,188.91,NA,51288.86,1783.8,580.49,44.22,541.87,1193.1600000000001,537.78,4678.2299999999996,NA,4678.2299999999996,55967.09,NA,NA,NA,NA,NA,NA,NA,NA,NA,NA,3.1,NA,NA,NA,NA,NA,NA,NA,NA,NA,NA
临商银行,2006,1182.8,206.77,NA,NA,NA,NA,NA,NA,NA,NA,NA,NA,NA,214.1,342.78,NA,NA,NA,13386.92,398.96,180,NA,NA,549,NA,NA,65.62,NA,NA,NA,NA,NA,NA,12434.52,744.5,61.43,NA,58.86,87.61,NA,952.4,NA,952.4,13386.92,NA,NA,NA,NA,NA,NA,NA,NA,NA,NA,NA,NA,NA,NA,NA,NA,NA,NA,NA,NA,NA
临商银行,2007,2059.33,457.44,NA,NA,NA,NA,NA,NA,NA,NA,NA,NA,NA,227.15,179.77,NA,NA,NA,15232.51,255.02,343.63,NA,NA,397,NA,NA,27.37,NA,NA,NA,NA,NA,NA,13966.17,1011.04,61.43,NA,108.29,85.58,NA,1266.3399999999999,NA,1266.3399999999999,15232.51,NA,NA,NA,NA,NA,NA,NA,NA,NA,NA,NA,NA,NA,NA,NA,NA,NA,NA,NA,NA,NA
临商银行,2008,3061.53,803.46,NA,0.3,99.98,NA,432,59.52,10116.200000000001,150,651.15,35.25,NA,422.35,14.79,95.85,NA,244.64,17074.72,330.85,150,NA,NA,NA,14761.82,42.02,15.2,149.69,NA,NA,NA,257.58999999999997,36.9,15744.06,1011.04,61.43,NA,71.39,126.81,60,1330.66,NA,1330.66,17074.72,887.71,NA,NA,NA,NA,NA,NA,NA,NA,NA,NA,NA,NA,NA,NA,NA,NA,NA,NA,NA,NA
临商银行,2009,4115.0200000000004,475.75,NA,0.5,99.98,NA,2014.96,35.92,14007.29,150.47999999999999,1730.52,45.25,NA,514.69000000000005,664.15,53.86,NA,414.24,25547.33,346.77,150,NA,NA,NA,22353.81,33.54,-32.369999999999997,133.86000000000001,NA,NA,NA,461.34,48.35,23495.3,1712.04,61.43,NA,73.430000000000007,125.13,80,2052.02,NA,2052.02,25547.33,1224.71,NA,NA,NA,NA,NA,NA,NA,NA,NA,NA,NA,NA,NA,NA,NA,NA,NA,NA,NA,NA
临商银行,2010,5843.96,694.28,NA,0.5,99.98,NA,1095.28,48.03,17696.39,150,2654.54,45.25,NA,669.3,668.59,28.23,NA,811.95,31576.63,242.45,150,NA,NA,NA,27359.7,29,-71.930000000000007,196.41,NA,NA,NA,759.8,25.37,28690.81,2058.59,306.88,NA,97.61,241.75,181,2885.82,NA,2885.82,31576.63,1070.3499999999999,NA,NA,NA,NA,NA,NA,NA,NA,NA,NA,NA,NA,NA,NA,NA,NA,NA,NA,NA,NA
临商银行,2011,7652.07,983.89,NA,0.5,NA,NA,NA,61.22,22340.21,150,3430.28,45.25,NA,935.66,517.19000000000005,49.87,NA,798.72,37923.279999999999,143.91,155.4,NA,NA,591,32789.85,45.68,-33.74,203.04,NA,NA,NA,862.33,69.78,34827.24,2129.09,306.88,NA,127.44,304.66000000000003,227.97,3096.04,NA,3096.04,37923.279999999999,958.42,NA,NA,NA,NA,NA,NA,NA,NA,NA,NA,NA,NA,NA,NA,NA,NA,NA,NA,NA,NA
临商银行,2012,10219.709999999999,2394.7600000000002,NA,11.59,250.36,NA,500,79.81,27650.06,NA,3947.22,65.25,350,1514.71,513.88,120.39,NA,892.25,49323.24,707.32,150,62.85,NA,3469.13,39364.300000000003,52.11,108.79,314.08999999999997,NA,NA,NA,860.67,56.04,45145.29,2514.25,786.88,NA,168,267.86,440.95,4177.95,NA,4177.95,49323.24,813.26,NA,NA,NA,NA,NA,NA,NA,NA,NA,NA,NA,NA,NA,NA,NA,NA,NA,NA,NA,NA
临商银行,2013,11695.08,2389.0500000000002,NA,0.7,NA,NA,266.17,143.11000000000001,30938.95,NA,2543,65.25,5958.79,1874.63,518.75,177.62,NA,627.72,57198.82,813.48,NA,82.86,NA,2400.1999999999998,48336.49,70.28,112.59,466.66,NA,NA,NA,210.08,NA,52492.65,2514.25,786.88,NA,220.82,550.97,633.25,4706.17,NA,4706.17,57198.82,NA,NA,NA,NA,NA,NA,NA,NA,NA,NA,NA,NA,NA,NA,NA,NA,NA,NA,NA,NA,NA
临商银行,2014,11859.76,1146.95,NA,NA,NA,NA,1801.8,160.66,38132.949999999997,559.64,1827.74,NA,5077.3,1868.31,663.59,233.38,NA,294.25,63626.34,1634.46,NA,60.58,NA,734,53301.52,82.05,196.44,612.71,1393.88,NA,NA,290.33,NA,58305.98,2639.97,786.88,NA,281.95,862.58,748.98,5320.36,NA,5320.36,63626.34,NA,NA,NA,NA,NA,NA,NA,NA,NA,NA,NA,NA,NA,NA,NA,NA,NA,NA,NA,NA,NA
临商银行,2015,9806.7900000000009,408.6,NA,NA,116.15,NA,3842.5,227.08,40446.17,560.99,2457.4,NA,7599.26,1919.09,655.61,318.89,NA,272.91000000000003,68631.429999999993,3164.45,500,403.58,NA,NA,56184.79,94.61,165.72,684.79,1394.35,NA,NA,274.14999999999998,NA,62866.45,2824.76,786.88,NA,326.33999999999997,973.77,853.24,5764.98,NA,5764.98,68631.429999999993,NA,NA,NA,NA,NA,NA,NA,NA,NA,NA,NA,NA,NA,NA,NA,NA,NA,NA,NA,NA,NA
九江银行,2006,NA,1932.8,NA,NA,NA,NA,NA,1.46,NA,NA,NA,NA,NA,31.6,0.64,NA,NA,NA,6715.4,3.8,NA,NA,NA,810.95,NA,NA,21.7,NA,NA,NA,NA,NA,NA,6421.84,201.96,14.79,NA,12.96,63.85,NA,293.56,NA,293.56,6715.4,NA,NA,NA,NA,NA,NA,NA,NA,NA,NA,NA,NA,NA,NA,NA,NA,NA,NA,NA,NA,NA
九江银行,2007,NA,865.75,NA,NA,NA,NA,NA,6.31,NA,NA,NA,NA,NA,29.57,0.99,NA,NA,NA,8623.5300000000007,60,NA,NA,NA,715,NA,NA,41.7,NA,NA,NA,NA,NA,NA,8121.54,310.95999999999998,41.69,NA,21.78,101.99,18.23,494.64,NA,494.64,8623.5300000000007,NA,NA,NA,NA,NA,NA,NA,NA,NA,NA,NA,NA,NA,NA,NA,NA,NA,NA,NA,NA,NA
九江银行,2008,2407.66,1219.1400000000001,NA,NA,NA,NA,NA,20.46,7031.98,1157.02,1443.51,15.1,NA,122.63,1.0900000000000001,6.18,NA,18.559999999999999,13443.33,360,NA,NA,NA,1260,9521.15,22.05,27.78,76.97,NA,20.86,NA,680.51,NA,11969.32,510.96,485.75,NA,52.83,151.65,79.569999999999993,1280.76,193.25,1474.01,13443.33,NA,NA,NA,NA,NA,NA,NA,NA,NA,NA,NA,NA,NA,NA,NA,NA,NA,NA,NA,NA,NA
九江银行,2009,6901.79,1125.72,NA,NA,NA,NA,400,43.18,11228.35,1160.1300000000001,1906.97,15,NA,186.51,8.52,5.95,NA,26.37,23008.49,345.03,20,NA,NA,995,16235.56,61.48,43.21,50.02,NA,9.0500000000000007,NA,3626.91,NA,21386.25,715.34,245.94,NA,99.27,286.75,81.2,1428.51,193.72,1622.24,23008.49,NA,NA,NA,NA,NA,NA,NA,NA,NA,NA,NA,NA,NA,NA,NA,NA,NA,NA,NA,NA,NA
九江银行,2010,6522.03,6402.83,NA,NA,291.10000000000002,NA,992.27,95.01,13866.24,2807.84,3699.79,15,6318.68,333.72,10.92,29.03,27.75,37.71,41449.94,602.04,60,NA,NA,2764,34242.019999999997,129.15,81.430000000000007,127.15,NA,0.26,NA,30.39,NA,38036.44,1116,1118.48,NA,189.67,604.04,130.53,3158.72,254.78,3413.5,41449.94,NA,NA,NA,NA,NA,NA,NA,0,NA,NA,NA,NA,NA,NA,NA,NA,NA,NA,NA,NA,NA
九江银行,2011,13132.99,3219.99,NA,NA,801.82,NA,6457.65,225.65,17666.52,4228.66,5244.51,15,12153.75,574.16,12.45,126.55,26.19,293.7,64179.61,398.03,70,NA,NA,5156.3999999999996,51155.06,221.38,328.43,261.77999999999997,NA,4.17,NA,306.22000000000003,NA,57901.47,1516,2189.5500000000002,NA,407.23,1565.9,164.43,5843.1,435.03,6278.14,64179.61,NA,NA,NA,NA,NA,NA,NA,NA,NA,NA,NA,NA,NA,NA,NA,NA,NA,NA,NA,NA,NA
九江银行,2012,21276.82,9687.6,NA,NA,791.76,NA,NA,410.32,26392.92,4110.3500000000004,4629.1099999999997,90.51,12671.51,775.31,12.19,255.89,24.68,88.63,81217.600000000006,3077.3,55,133,NA,2021.43,65366.92,283.89,680.18,596.71,1000,NA,NA,370.49,NA,73584.929999999993,1516,2210.23,NA,1037.21,1642.08,960.7,7366.22,266.45999999999998,7632.68,81217.600000000006,NA,NA,NA,NA,NA,NA,NA,NA,NA,NA,NA,NA,NA,NA,NA,NA,NA,NA,NA,NA,NA
九江银行,2013,18851.669999999998,13225.99,NA,NA,1103.71,NA,31317.58,777.08,31563.85,3574.97,4102.46,89.98,17144.599999999999,970.96,10.31,360.18,23.17,116.93,123233.46,15816.93,59,NA,NA,11015.08,83895.66,371.69,649.51,1099.57,996.27,NA,NA,179.5,NA,114083.22,1516,2110.21,NA,1378.91,2406.2399999999998,1424.04,8835.41,314.83,9150.24,123233.46,NA,NA,NA,NA,NA,NA,NA,NA,NA,NA,NA,NA,NA,NA,NA,NA,NA,NA,NA,NA,NA
九江银行,2014,16219.64,7160.84,NA,NA,5712.94,NA,22739.45,679.44,40365.54,5284.46,2755.77,78.42,30938.27,1082.52,8.4499999999999993,434.55,21.66,167.75,133649.71,18326.810000000001,599,NA,NA,11584.35,88039.73,487.2,521.70000000000005,1349.97,996.74,NA,NA,912.72,NA,122818.22,1516,2178.94,25.2,1730.92,3468.8,1570.07,10489.93,341.56,10831.49,133649.71,NA,NA,NA,NA,NA,NA,NA,NA,NA,NA,NA,NA,NA,NA,NA,NA,NA,NA,NA,NA,NA
九江银行,2015,14875.78,4925.12,0.91,697.4,5432.78,NA,29388.33,916.69,48405.120000000003,11044.52,3705.22,79.67,52030.17,1462.84,15.3,468.43,20.149999999999999,1407.9,174876.32,25144.15,899,NA,NA,20340.21,100488.35,455.77,537.03,1341.24,12398.03,NA,NA,698.02,NA,162301.79,1516,2178.94,145.62,2084.37,4080.59,2155.42,12160.94,413.59,12574.53,174876.32,NA,NA,NA,NA,NA,NA,NA,NA,NA,NA,NA,NA,NA,NA,NA,NA,NA,NA,NA,NA,NA
佛山农商行,2007,2244.33,2221.84,NA,41.13,NA,NA,NA,NA,12403.14,NA,NA,6.25,NA,149.09,4.1900000000000004,NA,NA,NA,19203.77,190.32,NA,NA,NA,NA,11665.23,6.48,45.44,NA,NA,NA,217.79,NA,6564.42,18689.669999999998,102.69,NA,NA,24.81,11.06,375.53,514.1,NA,514.1,19203.77,2133.8000000000002,NA,NA,NA,NA,NA,NA,NA,NA,NA,NA,NA,NA,NA,NA,NA,NA,NA,NA,NA,NA
佛山农商行,2008,2620.19,4867.32,NA,41.13,NA,NA,NA,NA,13587.91,NA,NA,8.5,NA,178.52,NA,NA,NA,NA,23223.96,9.66,NA,NA,NA,NA,13116.73,1.71,23.9,NA,NA,NA,171.76,NA,8725.34,22049.1,601.4,50,NA,36.96,50.23,436.27,1174.8499999999999,NA,1174.8499999999999,23223.96,1920.38,NA,NA,NA,NA,NA,NA,NA,NA,NA,NA,NA,NA,NA,NA,NA,NA,NA,NA,NA,NA
佛山农商行,2009,2870.97,2925.04,NA,35.51,NA,NA,NA,NA,16060.8,NA,NA,2262.54,NA,124.15,NA,NA,38.44,NA,25680.62,NA,NA,NA,NA,NA,15802.67,0.81,2.33,NA,NA,NA,713.32,NA,7862.1,24381.23,601.4,50,NA,54.24,156.49,437.27,1299.4000000000001,NA,1299.4000000000001,25680.62,1363.17,NA,NA,NA,NA,NA,NA,NA,NA,NA,NA,NA,NA,NA,NA,NA,NA,NA,NA,NA,NA
佛山农商行,2010,3959.96,1679.63,NA,34.92,NA,NA,NA,37.869999999999997,19475.830000000002,NA,NA,8.5,4942.3100000000004,115.91,NA,NA,35.17,NA,30339.16,462.16,NA,NA,NA,NA,28234.97,NA,15.08,193.89,NA,NA,NA,83.87,15.61,29005.58,649.51,1.89,NA,63.57,172,446.61,1333.58,NA,1333.58,30339.16,49.06,NA,NA,NA,NA,NA,NA,NA,NA,NA,NA,NA,NA,NA,NA,NA,NA,NA,NA,NA,NA
佛山农商行,2011,5400.56,3103.77,NA,0.47,NA,NA,NA,76.569999999999993,22000,NA,NA,706.19,4668.66,122.85,NA,82.25,28.54,14.09,36203.94,280,NA,NA,NA,NA,31762.34,34.31,99.05,259.7,NA,8.69,NA,73.260000000000005,NA,32517.34,1291.46,1732.89,NA,58.57,254.81,348.87,3686.6,NA,3686.6,36203.94,NA,NA,NA,NA,NA,NA,NA,NA,NA,NA,NA,NA,NA,NA,NA,NA,NA,NA,NA,NA,NA
佛山农商行,2012,5714.21,7745.92,NA,0.47,NA,NA,NA,111.16,24636.61,NA,419.83,611.69000000000005,2173.31,442.29,NA,99.74,83.07,21.61,42059.89,2269.86,NA,NA,NA,158.80000000000001,34324.300000000003,29.05,101.82,412.49,NA,105.45,NA,95.72,NA,37497.480000000003,1290.46,2040.88,NA,111.84,558.69000000000005,560.54,4562.41,NA,4562.41,42059.89,NA,NA,NA,NA,NA,NA,NA,NA,NA,NA,NA,NA,NA,NA,NA,NA,NA,NA,NA,NA,NA
佛山农商行,2013,8685.77,13676.55,NA,0.39,NA,NA,297,279.14999999999998,27641.919999999998,NA,3510.85,611.5,886.04,416.37,NA,115.05,75.19,36,56231.77,7475,NA,NA,NA,NA,42877.89,24.45,92.06,691.84,NA,100.51,NA,41.77,NA,51303.519999999997,1290.46,2040.88,NA,187.14,651.66,758.11,4928.25,NA,4928.25,56231.77,NA,NA,NA,NA,NA,NA,NA,NA,NA,NA,NA,NA,NA,NA,NA,NA,NA,NA,NA,NA,NA
佛山农商行,2014,9165.92,11234.12,NA,0.39,NA,NA,382.6,237.55,30836.86,611.5,4256.88,NA,NA,391.18,NA,150.28,68.459999999999994,3363.21,60698.95,7901.55,NA,NA,NA,959.68,45366.11,0.54,88.93,810.13,NA,95.73,NA,48.54,NA,55297.02,1548.55,1782.79,NA,273.22000000000003,824.06,973.31,5401.93,NA,5401.93,60698.95,NA,NA,NA,NA,NA,NA,NA,NA,NA,NA,NA,NA,NA,NA,NA,NA,NA,NA,NA,NA,NA
佛山农商行,2015,8470.76,6507.08,NA,0.39,NA,NA,1114.3800000000001,262.08999999999997,33208.49,611.5,5588.21,NA,7663.55,372.99,NA,284.83,62.35,484.62,64770.11,7375.69,NA,NA,NA,NA,50010.63,23.8,72.040000000000006,923.16,NA,91.09,NA,999.09,36.67,59552.66,1548.55,1782.79,NA,301.23,704.87,880.02,5217.46,NA,5217.46,64770.11,138.86000000000001,NA,NA,NA,NA,NA,NA,NA,NA,NA,NA,NA,NA,NA,NA,NA,NA,NA,NA,NA,NA
信阳银行,2007,829.26,147.88,NA,NA,NA,NA,NA,NA,2221.5100000000002,NA,NA,NA,NA,61.32,166.34,NA,NA,NA,3556.86,NA,NA,NA,NA,NA,3325.77,3.94,13.78,NA,NA,NA,NA,NA,28.12,3371.6,160.47,NA,NA,4.22,15.2,5.36,185.26,NA,185.26,3556.86,130.56,NA,NA,NA,NA,NA,NA,NA,NA,NA,NA,NA,NA,NA,NA,NA,NA,NA,NA,NA,NA
信阳银行,2008,1345.8,13.84,NA,NA,NA,NA,NA,NA,2394.31,NA,NA,NA,NA,83.15,40.619999999999997,NA,NA,NA,3949.8,230.01,NA,NA,NA,NA,3401.6,3.3,10.17,NA,NA,NA,NA,7.02,99.7,3751.79,160.47,NA,NA,6.31,22.19,9.0399999999999991,198,NA,198,3949.8,72.069999999999993,NA,NA,NA,NA,NA,NA,NA,NA,NA,NA,NA,NA,NA,NA,NA,NA,NA,NA,NA,NA
信阳银行,2009,1772.33,9.3000000000000007,NA,NA,NA,NA,NA,2.25,2988.93,NA,NA,NA,NA,45.2,39.89,28.04,NA,129.87,5015.8100000000004,360.56,NA,NA,NA,NA,4202.95,4.03,38.619999999999997,16.760000000000002,NA,NA,NA,85.88,NA,4708.8100000000004,160.47,NA,NA,17.38,120.11,9.0399999999999991,307,NA,307,5015.8100000000004,NA,NA,NA,NA,NA,NA,NA,NA,NA,NA,NA,NA,NA,NA,NA,NA,NA,NA,NA,NA,NA
信阳银行,2010,1669.65,70.33,NA,NA,NA,NA,593,5.34,3809.89,NA,NA,12.4,NA,127.78,38.58,25.29,NA,75.34,6427.61,160.53,NA,NA,NA,NA,5431.35,11.45,67.31,24.55,NA,NA,NA,14.16,NA,5709.34,400.53,121.2,NA,26.84,128.83000000000001,40.869999999999997,718.27,NA,718.27,6427.61,NA,NA,NA,NA,NA,NA,NA,NA,NA,NA,NA,NA,NA,NA,NA,NA,NA,NA,NA,NA,NA
信阳银行,2011,2448.67,65.31,NA,NA,NA,NA,698.2,2.34,4663.05,NA,110,30,NA,120.64,37.700000000000003,54.15,NA,121.24,8351.31,422.45,NA,NA,NA,NA,6797.25,38.97,87.07,63.39,NA,NA,NA,20.09,NA,7429.23,500.2,152.80000000000001,NA,37.79,179.23,52.06,922.08,NA,922.08,8351.31,NA,NA,NA,NA,NA,NA,NA,NA,NA,NA,NA,NA,NA,NA,NA,NA,NA,NA,NA,NA,NA
信阳银行,2012,2860.35,340.56,NA,NA,552.79999999999995,NA,1422.21,3.26,6283.47,NA,NA,NA,NA,130.22999999999999,47.89,30.33,NA,121.68,11792.77,638.19000000000005,30,NA,NA,NA,9317.4,58.26,91.42,111.31,NA,NA,NA,410.72,NA,10657.32,500.2,152.80000000000001,NA,59.04,326.04000000000002,64.61,1102.68,32.770000000000003,1135.46,11792.77,NA,NA,NA,NA,NA,NA,NA,NA,NA,NA,NA,NA,NA,NA,NA,NA,NA,NA,NA,NA,NA
信阳银行,2013,NA,NA,NA,NA,NA,NA,NA,NA,NA,NA,NA,NA,NA,NA,NA,NA,NA,NA,14305.09,NA,NA,NA,NA,NA,NA,NA,NA,NA,NA,NA,NA,NA,NA,NA,NA,NA,NA,NA,NA,NA,1474.95,NA,NA,14305.09,NA,NA,NA,NA,NA,NA,NA,NA,NA,NA,NA,NA,NA,NA,NA,NA,NA,NA,NA,NA,NA
光大银行,2005,53149.56,29346.71,2.25,6325.17,6688.04,82.6,26698.26,2082.1,285503.95,20830.14,73141.77,71.55,NA,3654.2,1559.22,4372.4399999999996,NA,2048.7399999999998,515556.7,40839.29,NA,312.44,237.41,2575.89,433403.66,1184.1600000000001,355.6,2513.12,5550,207.89,91.92,8617.5300000000007,NA,518339.32,8216.89,2869.36,NA,NA,-13868.87,NA,-2782.63,NA,-2782.63,515556.7,NA,22450.41,NA,NA,NA,NA,NA,NA,NA,NA,NA,NA,NA,NA,NA,NA,NA,NA,NA,NA,NA
光大银行,2006,57894.52,16674.32,2.25,13127.85,1205.6300000000001,31.4,38107.85,1944.49,334247.3,53757.42,63730.7,102.44,NA,3597.74,1561.19,2586.65,NA,7544.87,596116.62,47582.41,NA,545.05999999999995,111.78,6309.85,502871.48,1282.1199999999999,381.46,3425.39,5550,144.25,84.85,5288.3,NA,596299.04,8216.89,25.34,NA,NA,-8424.65,NA,-182.42,NA,-182.42,596116.62,NA,22722.080000000002,NA,NA,NA,NA,NA,NA,NA,NA,NA,NA,NA,NA,NA,NA,NA,NA,NA,NA,NA
光大银行,2007,120638.58,15376.39,NA,12646.58,7508.61,1619.25,52654.97,2691.45,395103.85,44923.23,69544.09,121.69,NA,3748.3,285.14,2240.9499999999998,NA,8802.3799999999992,739186.46,89721.63,NA,326.33999999999997,1082.74,38786.639999999999,540661.24,1641.67,3669.61,4025.97,5550,NA,197.44,8792.6,NA,714497.36,28216.89,-142.30000000000001,NA,NA,-3385.49,NA,24689.09,NA,24689.09,739186.46,NA,20041.46,NA,NA,1281,NA,NA,NA,NA,NA,NA,NA,NA,NA,NA,NA,NA,NA,NA,NA,NA
光大银行,2008,100284.46,59404.99,NA,19552.48,12668.17,3758.83,49582.39,3403.42,450520.67,57661.62,61187.13,97.9,NA,8022.07,327.24,736.34,NA,23349.439999999999,851838.14,121694.43,NA,3099.38,3871.26,6956.78,605170.17000000004,2909.62,847.73,6599.08,18550,NA,61,28164.16,NA,818606.06,28216.89,1084.3900000000001,NA,393.08,2161.94,1375.78,33232.080000000002,NA,33232.080000000002,851838.14,NA,20682.46,NA,NA,1281,NA,NA,NA,NA,NA,NA,NA,NA,NA,NA,NA,NA,NA,NA,NA,NA
光大银行,2009,137372.17000000001,100583.05,NA,9061.31,10401.469999999999,2584.58,121295.1,3341.33,632151.29,54617.8,73530.02,99.13,NA,8827.24,371.11,575.78,NA,41603.71,1197696.1100000001,231260.07,NA,23090.51,2235.75,14641.53,799643.63,3420.3,752.56,6283.76,21550,NA,60.42,38576.910000000003,NA,1149574.6499999999,33434.79,6433.68,NA,1157.48,1595.56,5485.18,48106.69,14.77,48121.46,1197696.1100000001,NA,8059.23,NA,NA,1281,NA,NA,NA,NA,NA,NA,NA,NA,NA,NA,NA,NA,NA,NA,NA,NA
光大银行,2010,185744.69,53274.79,NA,23833.09,22397.119999999999,3025.04,170037,4138.63,760555.24,77142.16,87792.74,99.13,NA,10141.459999999999,392.08,1306.24,NA,82789.929999999993,1483950.34,197214.47,NA,18213.91,2960.43,12678.72,1029710.61,5186.99,1662.98,8536.09,16000,NA,42.52,76811.360000000001,NA,1402487.64,40434.79,19901.23,NA,2433.69,6963.19,11631.57,81364.47,98.23,81462.7,1483950.34,NA,33469.550000000003,NA,NA,1281,NA,NA,NA,NA,NA,NA,NA,NA,NA,NA,NA,NA,NA,NA,NA,NA
光大银行,2011,228665.75,105262.95,NA,81745.62,22726.63,2261.79,206940.91,6099.91,868782.23,54402.76,83984.5,99.13,NA,10810.27,530.13,1856.71,NA,57895.3,1733345.61,270627.08,NA,27361.98,3062.49,40608.97,1178800.33,6256.83,2534.11,12625.22,16000,NA,17.12,32823.879999999997,NA,1637195.97,40434.79,20328.169999999998,NA,4225.63,17168.93,13876.65,96034.16,115.47,96149.63,1733345.61,NA,46477.97,NA,NA,1281,NA,NA,NA,NA,NA,NA,NA,NA,NA,NA,NA,NA,NA,NA,NA,NA
光大银行,2012,285478,47019,NA,135979,29453,1677,230726,10140,997331,91801,95824,99,261207,11869,660,2454,NA,76297,2279295,527561,NA,23205,1861,74285,1426941,7405,3174,18414,52700,NA,17,29410,NA,2164973,40435,20258,NA,6560,18862,28063,114178,144,114322,2279295,NA,NA,NA,NA,1281,NA,NA,NA,NA,NA,NA,NA,NA,NA,NA,NA,NA,NA,NA,NA,NA
光大银行,2013,312643,67153,NA,124291,12490,1870,169182,13074,1142138,111849,105920,99,262699,12629,763,4015,NA,72990,2415086,438604,NA,50817,2465,63164,1605278,8149,2605,20949,42247,NA,326,27430,NA,2262034,46277,28707,NA,9199,38795,29861,152839,213,153052,2415086,NA,NA,NA,NA,1281,NA,NA,NA,NA,NA,NA,NA,NA,NA,NA,NA,NA,NA,NA,NA,NA
光大银行,2014,354185,40316,NA,132733,4377,1082,286682,14621,1271430,138559,111697,NA,333911,13043,922,3034,NA,29137,2737010,507187,30040,36744,781,51772,1785337,9668,3829,29950,89676,NA,424,12119,NA,2557527,46679,33365,222,12050,52756,33903,178975,508,179483,2737010,NA,NA,NA,NA,1281,NA,NA,NA,NA,NA,NA,NA,NA,NA,NA,NA,NA,NA,NA,NA,NA
光大银行,2015,326735,86311,NA,132361,5637,1625,153045,18546,1475424,222495,152312,NA,523427,12646,946,3923,NA,50996,3167710,541066,14840,60305,1391,58873,1993843,11217,6392,30612,210061,NA,446,14617,NA,2943663,46679,33365,3929,14964,64320,40271,223493,554,224047,3167710,NA,NA,NA,NA,1281,NA,NA,NA,19965,19965,NA,NA,NA,NA,NA,NA,NA,NA,NA,NA,NA
兰州银行,2006,4336.74,178.01,0.67,NA,NA,NA,NA,NA,NA,NA,NA,NA,NA,NA,NA,NA,NA,NA,26751.89,33.590000000000003,67.5,NA,NA,NA,NA,NA,12.01,NA,NA,NA,NA,NA,NA,25462.58,1195.0899999999999,0.01,NA,15.87,78.349999999999994,NA,1289.32,NA,1289.32,26751.89,NA,NA,NA,NA,NA,NA,NA,NA,NA,NA,NA,NA,NA,NA,NA,NA,NA,NA,NA,NA,NA
兰州银行,2007,4634.96,198.32,NA,NA,NA,NA,NA,NA,NA,NA,NA,NA,NA,NA,0.52,NA,NA,NA,29326.67,1180.4100000000001,61,NA,NA,NA,NA,NA,18.05,NA,NA,NA,NA,NA,NA,27960.25,1212.96,0.01,NA,43.69,109.75,NA,1366.41,NA,1366.41,29326.67,NA,NA,NA,NA,NA,NA,NA,NA,NA,NA,NA,NA,NA,NA,NA,NA,NA,NA,NA,NA,NA
兰州银行,2008,5308.23,1555.42,NA,3.5,NA,NA,613.63,NA,18745.39,NA,NA,NA,NA,381.88,0.5,NA,NA,1056.03,33804.49,1613.04,61,30,NA,NA,29051.77,2.73,20.309999999999999,NA,NA,NA,NA,24.69,1367.24,32170.78,1406.76,7.89,NA,51.01,107.79,60.25,1633.71,NA,1633.71,33804.49,6139.91,NA,NA,NA,NA,NA,NA,NA,NA,NA,NA,NA,NA,NA,NA,NA,NA,NA,NA,NA,NA
兰州银行,2009,5636.74,4133.6899999999996,NA,3.5,316.77999999999997,NA,1458.61,43.01,24143.68,NA,4612.96,11.25,NA,376.68,0.49,NA,773.61,2518.3000000000002,44029.29,1119.3599999999999,61,30,NA,1893.7,36251.81,6.26,38.479999999999997,843.33,NA,0.44,NA,1285.31,NA,41529.69,1968.66,137.13,NA,80.17,233.99,79.650000000000006,2499.6,NA,2499.6,44029.29,NA,NA,NA,NA,NA,NA,NA,NA,NA,NA,NA,NA,NA,NA,NA,NA,NA,NA,NA,NA,NA
兰州银行,2010,10163.56,4017.43,NA,3.5,1005.31,NA,3060.51,117.47,30011.759999999998,NA,4317.22,8.25,3418.27,422.67,0.48,5.5,738.22,1538.3,58828.46,2532.02,20,7,NA,NA,50812.09,11.18,57.84,817.72,NA,NA,NA,1009.43,NA,55267.27,2330.96,499.44,NA,113.64,299.66000000000003,306.27999999999997,3549.98,11.21,3561.19,58828.46,NA,NA,NA,NA,NA,NA,NA,NA,NA,NA,NA,NA,NA,NA,NA,NA,NA,NA,NA,NA,NA
兰州银行,2011,13252.81,5699.87,NA,NA,1464.91,NA,3620.3,140.33000000000001,38129.32,NA,5686.5,20.65,3204,513.91999999999996,10.33,38.479999999999997,446.49,3181.61,75409.509999999995,5543.87,70,NA,NA,2245.14,58638,25,205.09,988.15,995.38,1.74,NA,2455.75,NA,71168.11,2330.96,499.43,NA,179.05,815.03,376.28,4200.7700000000004,40.64,4241.3999999999996,75409.509999999995,NA,NA,NA,NA,NA,NA,NA,NA,NA,NA,NA,NA,NA,NA,NA,NA,NA,NA,NA,NA,NA
兰州银行,2012,16953.91,2765.31,NA,NA,985.87,NA,2589.06,438.73,48885.69,452.57,9129.01,44.64,10132.65,862.26,29.26,183.73,444.05,743.46,94640.19,1133.7,60.39,NA,NA,6013.28,75021.8,61.75,269.51,1540.27,3983.67,NA,NA,2114.14,NA,90198.52,2330.96,499.43,NA,259.02,448.68,903.58,4441.68,NA,4441.68,94640.19,NA,NA,NA,NA,NA,NA,NA,NA,NA,NA,NA,NA,NA,NA,NA,NA,NA,NA,NA,NA,NA
兰州银行,2013,21386.26,3853.22,NA,NA,803.98,NA,7827.84,578.91,64458.14,1009.43,12456.71,51.92,10503.21,1308.27,101.43,242.29,307.23,499.71,125388.55,898.27,773.25,NA,NA,4511.82,101898.29,40.97,387.53,1870.64,5983.93,2.9,NA,797.89,NA,117165.5,3623.38,2118.31,NA,375.72,785.11,1320.53,8223.0499999999993,NA,8223.0499999999993,125388.55,NA,NA,NA,NA,NA,NA,NA,NA,NA,NA,NA,NA,NA,NA,NA,NA,NA,NA,NA,NA,NA
兰州银行,2014,29024.38,5507.72,NA,NA,676.26,NA,2953.18,854.76,84268.77,3698.66,19025.54,57.01,5642.8,1895.95,126.34,446.14,480.58,504.31,155162.41,1172.6400000000001,903.27,192.2,NA,380,132501.78,33.67,524.49,1839.45,5989.46,64.77,9.14,2134.4899999999998,NA,145745.35999999999,3623.38,2106.04,194.3,521.55999999999995,1183.76,1788,9417.0400000000009,NA,9417.0400000000009,155162.41,NA,NA,NA,NA,NA,NA,NA,NA,NA,NA,NA,NA,NA,NA,NA,NA,NA,NA,NA,NA,NA
兰州银行,2015,26912.080000000002,5291.53,NA,NA,331.68,NA,1027.3699999999999,1508.28,104556.18,4112.87,25950.94,79.52,31871.05,2337.54,163.83000000000001,676.45,71.010000000000005,683.59,205573.93,1860.56,1274.72,NA,NA,1251.3,176398.73,111.28,539.96,2281.2800000000002,4193.7,61.54,9.61,3333.13,NA,191315.8,5126.13,4159.1499999999996,183.11,696.5,1455.25,2638,14258.13,NA,14258.13,205573.93,NA,NA,NA,NA,NA,NA,NA,NA,NA,NA,NA,NA,NA,NA,NA,NA,NA,NA,NA,NA,NA
兴业银行,2003,47262.68,8475.74,NA,NA,NA,NA,14831.6,483.7,153220.19,27944.78,NA,50,NA,2925.09,29.57,702.89,NA,778.67,259060.32,28330.09,300,1200,NA,10213.58,207682.79,420,448.42,569.09,NA,30.7,NA,800.07,3000,252994.74,3000,1140.9100000000001,NA,514.97,1445.55,NA,6065.58,NA,6065.58,259060.32,2355.4,NA,NA,NA,NA,NA,NA,NA,NA,NA,NA,NA,-35.86,NA,NA,NA,NA,NA,NA,NA,NA
兴业银行,2004,49699.44,14272.22,NA,NA,NA,NA,17698.27,789.04,198595.01,50366.33,NA,50,NA,2866.81,479.5,845.65,NA,1151.0999999999999,340064.71,30949.23,NA,903.5,NA,5525.77,283186.51,711.72,702.07,793.15,NA,84.22,NA,1124.6400000000001,6000,329980.81,3999,2839.21,NA,779.81,2616.3000000000002,NA,10083.9,NA,10083.9,340064.71,3251.34,NA,NA,NA,NA,NA,NA,NA,NA,NA,NA,NA,-150.43,NA,NA,NA,NA,NA,NA,NA,NA
兴业银行,2005,39537.68,18506.91,NA,NA,NA,168.6,50514.04,1964.07,237459.95,119998.74,NA,50,NA,2948.75,442.46,854.42,NA,1298.22,475094.1,65429.96,NA,403.51,102.42,19123.05,355218.11,1169.29,657.79,1888.09,10000,333.52,NA,1982.98,6000,462308.72,3999,2839.21,NA,1026.31,2030.72,2400,12785.39,NA,12785.39,475094.1,1350.26,NA,NA,NA,NA,NA,NA,NA,NA,NA,NA,NA,490.14,NA,NA,NA,NA,NA,NA,NA,NA
兴业银行,2006,76478.740000000005,11127.75,1203.7,NA,9186.32,106.54,56469.47,2115.31,318236.25,70282.210000000006,49714.37,50,6057.5,3621.61,412.02,1026.45,NA,1129.98,617704.34,105764.2,NA,716.1,115.93,23205.32,423196.71,1539.58,879.31,2063.5100000000002,41000,53.98,NA,2970.03,NA,601504.68000000005,3999,2839.21,NA,1406.13,4222.29,3626.86,16199.67,NA,16199.67,617704.34,10486.12,NA,NA,NA,NA,NA,NA,NA,NA,NA,NA,NA,106.17,NA,NA,NA,NA,NA,NA,NA,NA
兴业银行,2007,93863.21,42289.89,1817.95,4016.67,8525.07,1257.43,169955.56,2919.9,393028.78,43364.87,61592.68,50,21125.7,4117.37,420.98,1049.5,NA,1939.72,851335.27,191122.77,NA,991.4,1341.87,43142.19,505370.86,3114.19,1814.74,3355.37,59962.61,19.38,NA,2202.8200000000002,NA,812438.19,5000,17356.02,NA,2264.71,9502.4699999999993,4773.87,38897.08,NA,38897.08,851335.27,NA,NA,NA,NA,NA,NA,NA,NA,NA,NA,NA,NA,NA,NA,NA,NA,NA,NA,NA,NA,NA
兴业银行,2008,127823.85,96725.119999999995,NA,13197.71,6691.21,3764.64,117275.48,4202.71,489985.77,77167.990000000005,55539.89,387.7,18622.27,4917.95,391.5,1993.32,NA,2211.7399999999998,1020898.82,182914.28,NA,12717.62,3941.28,58296.3,632425.96,3472.11,3162.22,6303.91,64941.39,49.52,NA,3007.96,NA,971876.78,5000,17695.97,NA,3403.21,16542.59,6380.28,49022.05,NA,49022.05,1020898.82,NA,644.23,NA,NA,NA,NA,NA,NA,NA,NA,NA,NA,NA,NA,NA,NA,NA,NA,NA,NA,NA
兴业银行,2009,171904.29,42364.55,126.38,13684.32,3363.48,1399.03,195884.15,4354.33,691962.54,111148.15,42354.239999999998,416.21,40786.089999999997,5548.53,359.61,1838.18,NA,4667.4799999999996,1332161.55,237013.06,40.4,1762.58,1601.81,45910.48,900884.45,4176.75,2263.91,5732.32,68927.86,NA,NA,4250.45,NA,1272564.0900000001,5000,17239.439999999999,NA,3403.21,25854.18,8100.63,59597.46,NA,59597.46,1332161.55,NA,NA,NA,NA,NA,NA,NA,NA,NA,NA,NA,NA,NA,NA,NA,NA,NA,NA,NA,NA,NA
兴业银行,2010,288641.17,39867.26,684.62,21099.360000000001,5536.95,2301.37,374004.54,6655.34,842567.64,147231.85,34289.94,770.72,61321.13,6927.2,319.01,2389.5500000000002,NA,6372.8,1849673.38,417654.55,364.74,26137.08,2317.25,89585.32,1132767.3799999999,4545.37,3486.23,8591.24,64934.97,NA,NA,7293.97,NA,1757678.09,5992.45,32624.23,NA,3403.21,40038.94,9936.4500000000007,91995.29,NA,91995.29,1849673.38,8692.91,NA,NA,NA,NA,NA,NA,NA,NA,NA,NA,NA,NA,NA,NA,NA,NA,NA,NA,NA,NA
兴业银行,2011,296591,69425,1520,228899,8101,2907,526979,12924,968940,147505,32764,1159,70205,7904,281,2363,NA,8400,2408798,626831,NA,52752,3013,141426,1345279,6085,5066,14803,81013,NA,NA,16442,NA,2292720,10786,28296,NA,5913,56427,13787,115209,869,116078,2408798,21485,10,NA,NA,446,NA,NA,NA,NA,NA,NA,NA,NA,NA,NA,NA,NA,NA,NA,NA,NA
兴业银行,2012,391631,164642,4976,214812,21540,3266,792797,19535,1204542,192057,69199,1494,111360,9387,250,4936,NA,10326,3250975,894436,NA,88389,2996,161862,1813266,7435,9556,18895,68969,NA,NA,14536,NA,3080340,12702,50021,NA,6648,71283,28923,169577,1058,170635,3250975,33779,NA,NA,NA,446,NA,NA,NA,NA,NA,NA,NA,NA,NA,NA,NA,NA,NA,NA,NA,NA
兴业银行,2013,422871,62845,276,87091,42295,6414,921090,23249,1320682,263681,117655,1682,328628,10757,530,10107,NA,11042,3677435,1007544,NA,78272,6864,81781,2170345,9213,12103,26317,67901,NA,NA,14708,NA,3476264,19052,46242,NA,9824,93326,31325,199769,1402,201171,3677435,46094,1216,NA,NA,446,NA,NA,NA,NA,NA,NA,NA,NA,NA,NA,NA,NA,NA,NA,NA,NA
兴业银行,2014,491169,100816,7543,51149,44435,5142,712761,24760,1549252,408066,197790,1704,708446,14169,492,11357,NA,18648,4406399,1268148,30000,81080,4498,98571,2267780,9925,10873,35710,185787,NA,NA,151028,NA,4145303,19052,50861,2214,9824,119607,43418,257934,3162,261096,4406399,58254,1903,NA,NA,446,NA,NA,NA,12958,12958,NA,NA,NA,NA,NA,NA,NA,NA,NA,NA,NA
兴业银行,2015,417911,42347,42010,56336,128685,13933,225924,21743,1724822,426634,206802,1918,1834906,17829,519,14532,NA,47351,5298880,1765713,67700,103672,10563,48016,2483923,11262,10802,36443,414834,NA,NA,28574,NA,4981503,19052,50861,5685,9824,141656,60665,313648,3729,317377,5298880,74146,1,NA,NA,532,NA,NA,NA,25905,25905,NA,NA,NA,NA,NA,NA,NA,NA,NA,NA,NA
内蒙古银行,2006,1408.79,36.93,NA,NA,NA,NA,NA,4.55,NA,NA,NA,NA,NA,NA,NA,NA,NA,NA,9880.84,10.24,NA,NA,NA,NA,NA,NA,27.64,27.32,NA,NA,NA,NA,NA,9571.3700000000008,213.75,0.2,NA,14.88,49.38,31.25,309.47000000000003,NA,309.47000000000003,9880.84,NA,NA,NA,NA,NA,NA,NA,NA,NA,NA,NA,NA,NA,NA,NA,NA,NA,NA,NA,NA,NA
内蒙古银行,2007,3211.91,35.270000000000003,NA,NA,NA,NA,NA,0.54,NA,NA,NA,NA,NA,NA,NA,NA,NA,NA,14231.47,8.01,NA,NA,NA,NA,NA,NA,59.52,46.42,NA,NA,NA,NA,NA,13665.93,363.75,0.2,NA,14.88,114.4,72.290000000000006,565.53,NA,565.53,14231.47,NA,NA,NA,NA,NA,NA,NA,NA,NA,NA,NA,NA,NA,NA,NA,NA,NA,NA,NA,NA,NA
内蒙古银行,2008,3389.93,32.880000000000003,NA,NA,NA,NA,1014,23.57,7991.91,240.9,1737.24,0.25,NA,224.53,NA,NA,NA,0,15795.34,21.18,NA,NA,NA,NA,14794.53,32.83,57.36,95.97,NA,0.7,NA,2.85,9.94,15015.35,563.75,-1.1299999999999999,NA,40.81,176.55,NA,779.99,NA,779.99,15795.34,1140.1300000000001,NA,NA,NA,NA,NA,NA,NA,NA,NA,NA,NA,NA,NA,NA,NA,NA,NA,NA,NA,NA
内蒙古银行,2009,3503.66,30.99,NA,NA,NA,NA,2129.5700000000002,28.06,10464.56,744.09,1612.7,2.4500000000000002,NA,279.85000000000002,NA,NA,NA,0,20641.89,211.09,NA,NA,NA,150,17598.09,50.62,26.14,83.34,NA,0.17,NA,18.440000000000001,13.44,18151.330000000002,1500,624.34,NA,57.61,219.77,88.84,2490.5700000000002,NA,2490.5700000000002,20641.89,1845.97,NA,NA,NA,NA,NA,NA,NA,NA,NA,NA,NA,NA,NA,NA,NA,NA,NA,NA,NA,NA
内蒙古银行,2010,5815.37,1351.02,NA,NA,NA,NA,4477.63,36.369999999999997,12898.31,1842.64,1618.7,199.44,NA,314.85000000000002,NA,NA,NA,0,30971.62,378.05,NA,NA,NA,NA,27266.38,62.73,56.72,87.57,NA,1.21,NA,32.9,240.17,28125.73,1500,622.91,NA,120.98,422,180,2845.89,NA,2845.89,30971.62,2417.2800000000002,NA,NA,NA,NA,NA,NA,NA,NA,NA,NA,NA,NA,NA,NA,NA,NA,NA,NA,NA,NA
内蒙古银行,2011,6693.34,6053.5,NA,NA,NA,NA,6662.28,92.59,15426.99,701.99,1408.38,429.53,6230.77,1856.54,NA,115.56,NA,1266.1600000000001,46937.61,3631.47,NA,NA,NA,1158.1300000000001,34640.980000000003,123.72,189.31,156.9,NA,1.86,NA,81.510000000000005,NA,39983.879999999997,3000,2642.01,NA,265.25,678.37,296.26,6881.89,71.84,6953.73,46937.61,NA,NA,NA,NA,NA,NA,NA,NA,NA,NA,NA,NA,NA,NA,NA,NA,NA,NA,NA,NA,NA
内蒙古银行,2012,10750.9,13636.5,NA,NA,NA,NA,2620.98,142.87,19947.53,2022.94,1043.08,616.16999999999996,6359.53,2013.21,NA,186.1,NA,1738.22,61078.03,3649.11,NA,NA,NA,NA,49116.58,178.13,100.57,258.47000000000003,NA,3.93,NA,208.25,NA,53515.05,3000,2651.94,NA,478.06,858.68,491.2,7479.88,83.1,7562.98,61078.03,NA,NA,NA,NA,NA,NA,NA,NA,NA,NA,NA,NA,NA,NA,NA,NA,NA,NA,NA,NA,NA
内蒙古银行,2013,11104.41,10974.06,4.74,NA,NA,NA,936.58,142.07,27427.31,3437.09,231.84,709.24,5053.76,2382.69,NA,256.5,NA,2649.22,65309.52,5737.57,658,NA,NA,201.6,49749.07,146.97999999999999,27.45,328.62,NA,NA,NA,522.51,NA,57371.8,3000,2518.27,NA,773.38,856.58,697.03,7845.27,92.45,7937.72,65309.52,NA,NA,NA,NA,NA,NA,NA,NA,NA,NA,NA,NA,NA,NA,NA,NA,NA,NA,NA,NA,NA
内蒙古银行,2014,14158.63,9490.91,4.74,NA,NA,NA,200,297.36,36227.9,5945.82,128.77000000000001,786.86,10658.87,2596.85,NA,275.91000000000003,NA,2788.1,83560.73,9635.5,1358.24,500,NA,3025.4,59518.99,160.55000000000001,105.59,585.5,NA,13.57,NA,239.86,NA,75143.22,3000,2569.33,NA,1069.9100000000001,857.07,811.72,8308.02,109.49,8417.51,83560.73,NA,NA,NA,NA,NA,NA,NA,NA,NA,NA,NA,NA,NA,NA,NA,NA,NA,NA,NA,NA,NA
内蒙古银行,2015,18783.080000000002,3905.33,4.74,NA,NA,NA,160.19999999999999,484.14,42805.15,13253.3,NA,784.85,21519.439999999999,2877.9,NA,269.31,NA,1926.23,106773.68,12609.24,2453.67,330,NA,12271.57,68114.679999999993,151.19,146.44,819.17,NA,38.42,NA,809,NA,97743.38,3000,2728.07,NA,1340.07,778.1,1049.9100000000001,8896.15,134.13999999999999,9030.2999999999993,106773.68,NA,NA,NA,NA,NA,NA,NA,NA,NA,NA,NA,NA,NA,NA,NA,NA,NA,NA,NA,NA,NA
农业银行,2002,346433,20145,NA,72568,NA,NA,NA,61720,1889150,NA,NA,NA,420224,66480,NA,NA,NA,73138,2976566,141128,152958,21903,NA,NA,2479618,NA,NA,NA,NA,NA,NA,44919,NA,2840526,NA,NA,NA,NA,NA,NA,136040,NA,136040,2976566,26708,NA,NA,NA,NA,NA,NA,NA,NA,NA,NA,NA,NA,136040,NA,NA,NA,NA,NA,NA,NA
农业银行,2003,386129,14268,NA,56074,NA,NA,NA,56933,2239897,NA,NA,NA,576267,69120,NA,NA,NA,74013,3494016,138652,151896,17354,NA,NA,2997288,NA,NA,NA,NA,NA,NA,50857,NA,3356047,NA,NA,NA,NA,NA,NA,137969,NA,137969,3494016,21315,NA,NA,NA,NA,NA,NA,NA,NA,NA,NA,NA,NA,137969,NA,NA,NA,NA,NA,NA,NA
农业银行,2004,421361,16355,NA,53616,NA,NA,NA,37411,2557693,NA,NA,NA,773052,70880,NA,NA,NA,63010,4013769,137640,151706,25042,NA,NA,3491549,NA,NA,NA,NA,NA,NA,129769,NA,3935706,NA,NA,NA,NA,NA,NA,78063,NA,78063,4013769,20391,NA,NA,NA,NA,NA,NA,NA,NA,NA,NA,NA,NA,78063,NA,NA,NA,NA,NA,NA,NA
农业银行,2005,459820,18878,NA,40694,NA,NA,NA,10049,2793266,NA,NA,NA,1257059,72752,NA,NA,NA,57111,4771019,200201,150738,22206,NA,NA,4036854,NA,NA,NA,NA,NA,NA,281413,NA,4691412,NA,NA,NA,NA,NA,NA,79607,NA,79607,4771019,61390,NA,NA,NA,NA,NA,NA,NA,NA,NA,NA,NA,NA,79607,NA,NA,NA,NA,NA,NA,NA
农业银行,2006,687503,25469,NA,77259,NA,NA,NA,2793,3102309,NA,NA,NA,1306407,74892,NA,NA,NA,49628,5343943,186702,150660,26206,NA,NA,4730372,NA,NA,NA,NA,NA,NA,166001,NA,5259941,NA,NA,NA,NA,NA,NA,84002,NA,84002,5343943,17683,NA,NA,NA,NA,NA,NA,NA,NA,NA,NA,NA,NA,84002,NA,NA,NA,NA,NA,NA,NA
农业银行,2007,937014,16432,NA,52498,17205,10207,144848,23783,2709192,529203,532816,363,229743,76450,2115,11524,NA,12113,5305506,296618,150867,30375,7294,73391,5287194,58349,32804,44686,4154,NA,5395,31496,NA,6033111,121612,-4666,NA,NA,-844620,57,-727605,NA,-727605,5305506,NA,10488,12,NA,NA,NA,NA,NA,NA,NA,NA,NA,NA,NA,NA,NA,NA,NA,NA,NA,NA
农业银行,2008,1145884,62668,NA,44479,40017,7151,246370,29950,3014984,800013,576323,347,892532,103883,27000,17107,NA,5643,7014351,289772,314,34131,11534,35090,6097428,68144,26173,66512,5150,NA,5784,61101,NA,6723810,260000,17292,NA,1187,12022,64,290445,96,290541,7014351,NA,22677,-120,NA,NA,NA,NA,NA,NA,NA,NA,NA,NA,NA,NA,NA,NA,NA,NA,NA,NA
农业银行,2009,1517806,61693,NA,49435,112176,4678,421093,32127,4011495,730180,883915,343,890199,111973,26642,19659,NA,9174,8882588,573949,58,26312,7690,100812,7497618,29938,9445,66762,55179,NA,5047,52954,NA,8539663,260000,4624,NA,7676,59817,10772,342819,106,342925,8882588,NA,113899,-70,NA,NA,NA,NA,NA,NA,NA,NA,NA,NA,NA,NA,NA,NA,NA,NA,NA,NA
农业银行,2010,2082332,77893,NA,95375,50257,9173,525331,38641,4788008,668503,1036658,141,772013,121391,26294,31470,NA,13926,10337406,526250,30,56702,12378,37467,8887905,34584,21778,73771,62344,82,3901,42965,NA,9795170,324794,96602,NA,17242,45484,58335,542071,165,542236,10337406,NA,35013,-386,NA,NA,NA,NA,NA,NA,NA,NA,NA,NA,NA,NA,NA,NA,NA,NA,NA,NA
农业银行,2011,2487082,131874,NA,212683,68052,8524,529440,48655,5398863,651198,1178888,134,729914,131815,25730,45698,NA,29027,11677577,615281,50,108955,10284,92079,9622026,40617,44992,91143,119390,27,3369,71166,NA,11027789,324794,100097,NA,29509,131086,64854,649601,187,649788,11677577,NA,208410,-739,NA,NA,NA,NA,NA,NA,NA,NA,NA,NA,NA,NA,NA,NA,NA,NA,NA,NA
农业银行,2012,2613111,262233,NA,223380,178555,4825,814620,59993,6153411,755503,1308796,108,608594,141490,26598,56949,NA,34795,13244342,784352,66,149721,5514,7631,10862935,47697,48453,133744,192639,15,4090,97386,NA,12492988,324794,97872,NA,43996,208488,75349,749815,1539,751354,13244342,NA,158745,-684,NA,1381,NA,NA,NA,NA,NA,NA,NA,NA,NA,NA,NA,NA,NA,NA,NA,NA
农业银行,2013,2603802,397678,19185,308655,322882,8186,737052,75022,6902522,781311,1523815,1,592090,150859,26484,74075,NA,37102,14562102,729354,104,174363,7635,26787,11811411,45573,51755,163328,266261,8,4723,130004,NA,13717565,324794,76001,NA,60632,243482,139204,843108,1429,844537,14562102,NA,306259,-1005,NA,1381,NA,NA,NA,NA,NA,NA,NA,NA,NA,NA,NA,NA,NA,NA,NA,NA
农业银行,2014,2743065,572805,20188,407062,414660,7195,509418,97948,7739996,927903,1710950,NA,522117,154950,26117,78640,NA,39757,15974152,831141,80121,224923,7240,131021,12533397,40511,48873,192876,325167,43,13902,139825,NA,14941533,324794,98773,2265,78594,329989,156707,1031066,1553,1032619,15974152,NA,372493,NA,NA,1381,NA,NA,NA,39944,39944,NA,NA,NA,NA,NA,NA,NA,NA,NA,NA,NA
农业银行,2015,2587057,697923,40909,504252,439261,16038,471809,104775,8506675,1214542,2300824,273,557420,156178,25776,81548,NA,84752,17791393,1221901,60599,315759,12192,88804,13538360,39890,45214,225383,382742,111,17682,200428,NA,16579508,324794,98773,22266,96748,412005,175606,1210091,1794,1211885,17791393,NA,430443,NA,NA,1381,NA,NA,NA,79899,79899,NA,NA,NA,NA,NA,NA,NA,NA,NA,NA,NA
包商银行,2004,2265.3200000000002,91.94,NA,NA,NA,NA,NA,NA,NA,NA,NA,NA,NA,NA,7.69,NA,NA,NA,13192.1,6.5,170,0.1,NA,400,NA,NA,23.87,NA,NA,NA,NA,NA,NA,12940.63,179.67,NA,NA,32.57,39.229999999999997,NA,251.47,NA,251.47,13192.1,NA,NA,NA,NA,NA,NA,NA,NA,NA,NA,NA,NA,NA,NA,NA,NA,NA,NA,NA,NA,NA
包商银行,2005,3683.48,230.31,NA,NA,NA,NA,NA,NA,NA,NA,NA,NA,NA,NA,7.51,NA,NA,NA,21812.35,15.57,NA,0.1,NA,900,NA,NA,54.94,NA,NA,NA,NA,NA,NA,20289.310000000001,1332.53,NA,NA,72.42,48.47,69.62,1523.04,NA,1523.04,21812.35,NA,NA,NA,NA,NA,NA,NA,NA,NA,NA,NA,NA,NA,NA,NA,NA,NA,NA,NA,NA,NA
包商银行,2006,3373.6,270.94,NA,NA,NA,NA,NA,NA,NA,NA,NA,NA,NA,NA,0.34,NA,NA,NA,38988.26,45.67,NA,0.1,NA,9605.1,NA,NA,20.190000000000001,NA,NA,NA,NA,NA,NA,37212.07,1333.36,NA,NA,97.86,205.74,139.24,1776.19,NA,1776.19,38988.26,NA,NA,NA,NA,NA,NA,NA,NA,NA,NA,NA,NA,NA,NA,NA,NA,NA,NA,NA,NA,NA
包商银行,2007,8308.26,1800.64,NA,250,NA,NA,NA,NA,NA,NA,NA,NA,NA,295.58,24.04,NA,NA,NA,52666.8,1610.48,NA,2.6,NA,7110.5,NA,NA,55.04,NA,NA,NA,NA,NA,NA,50456.45,1359.13,NA,NA,192.24,448.95,208.85,2209.19,1.17,2210.36,52666.8,NA,NA,NA,NA,NA,NA,NA,NA,NA,NA,NA,NA,NA,NA,NA,NA,NA,NA,NA,NA,NA
包商银行,2008,10091.16,487.84,NA,NA,3951.99,NA,3905.93,51.34,22891.83,9851.57,9401.4599999999991,14,60.64,1036.5899999999999,26.37,NA,NA,164.87,61935.6,3636.08,NA,19.600000000000001,NA,5623.4,47768.04,37.47,46.83,312.14,1000,133.91999999999999,NA,326.42,NA,58903.9,1612.91,288.41000000000003,NA,285.99,555.25,278.47000000000003,3021.03,10.67,3031.7,61935.6,NA,NA,NA,NA,NA,NA,NA,NA,NA,NA,NA,NA,NA,NA,NA,NA,NA,NA,NA,NA,NA
包商银行,2009,16759.8,3720.6,NA,NA,3767.26,NA,6167.61,41.55,27619.23,7786.83,13103.35,64,725.29,1562.53,42.61,22.22,NA,265.70999999999998,81648.58,5412.81,20,0.1,NA,3378.3,67604.34,26.76,35.19,289.86,1000,NA,NA,316.81,NA,78084.160000000003,1612.91,-90.02,NA,471.78,1227.53,329.5,3551.69,12.74,3564.42,81648.58,NA,NA,NA,NA,NA,NA,NA,NA,NA,NA,NA,NA,NA,NA,NA,NA,NA,NA,NA,NA,NA
包商银行,2010,16293.62,3024.04,NA,NA,1127.22,NA,15178.49,223.36,34609.279999999999,10566.78,16111.27,162.1,14891.05,1923.7,79.87,55.44,NA,598.17999999999995,114844.4,4295.4399999999996,40,0.1,NA,7380.19,94216.41,45.11,96.35,543.24,1000,NA,NA,307.26,NA,107924.09,2511.7399999999998,1241.18,NA,731.42,1896.36,398.92,6779.62,140.68,6920.3,114844.4,NA,NA,NA,NA,NA,NA,NA,NA,NA,NA,NA,NA,NA,NA,NA,NA,NA,NA,NA,NA,NA
包商银行,2011,24507.96,13224.42,NA,1463.01,1703.88,NA,17707.560000000001,921.58,47741.11,12485.45,15383.05,631.5,34920.480000000003,3128.26,111.3,NA,NA,8011.01,181940.56,32062.79,160,475.71,NA,13078.36,117067.95,202.29,263.92,1093.77,1000,5.99,NA,561.1,NA,165971.88,3911.74,6536.51,NA,1121.6600000000001,2915.26,1024.8,15509.96,458.72,15968.68,181940.56,NA,NA,NA,NA,NA,NA,NA,NA,NA,NA,NA,NA,NA,NA,NA,NA,NA,NA,NA,NA,NA
包商银行,2012,25025.17,22920.28,1082.75,2231.35,2425.86,NA,6889.38,1297.1199999999999,57320.92,17252.740000000002,13267.03,649.51,46653.02,5300.08,161.09,24.57,NA,4959.38,207618.29,49110.8,285,6509.77,NA,6897.3,122974.24,420.4,291.89999999999998,1772.73,1000,NA,NA,365.96,NA,189628.11,3911.74,6492.39,NA,1499.9,4127.38,1462.81,17494.23,495.95,17990.18,207618.29,158.05000000000001,NA,NA,NA,NA,NA,NA,NA,NA,NA,NA,NA,NA,NA,NA,NA,NA,NA,NA,NA,NA
包商银行,2013,27936.79,10513.47,984.55,1550.24,4260.8599999999997,NA,12702.53,1287.45,72203.19,12759.3,10798.84,1462.21,76003.210000000006,6483.32,414.95,257.89,NA,2766.99,242556.37,62355.7,626.78,3979.39,NA,3691.37,148561.81,535.48,262.23,2459.04,NA,NA,NA,754.14,NA,223225.95,3911.74,5992.55,NA,1954.44,4789.42,2198.44,18846.59,483.83,19330.419999999998,242556.37,170.57,NA,NA,NA,NA,NA,NA,NA,NA,NA,NA,NA,NA,NA,NA,NA,NA,NA,NA,NA,NA
包商银行,2014,36360.53,26047.81,NA,1495.13,4541.83,NA,12100.07,1337.44,92296.69,14138.41,10547.03,516.65,99092.800000000003,7433.04,417.92,121.77,NA,6165.52,312864.71999999997,78746.759999999995,2316,10586.18,NA,2466.6,169525.74,570.36,373.6,4453.68,247.2,16.11,NA,21105.34,NA,290407.58,3911.74,6532.84,18.2,2495.85,5558,3304.39,21821.01,636.13,22457.14,312864.71999999997,252.1,NA,NA,NA,NA,NA,NA,NA,NA,NA,NA,NA,NA,NA,NA,NA,NA,NA,NA,NA,NA
包商银行,2015,31690.83,33259.08,NA,2591.75,3392.73,NA,3475.7,3030.69,118437.12,29782.19,9442.07,568.86,105578.8,7648.94,430.91,263.66000000000003,NA,2714.91,352595.34,58870.59,1903.94,7076.56,NA,492.48,177612.95,774.82,597.44000000000005,3878.82,39963.57,134.75,NA,4567.0600000000004,NA,326360.24,4300.7700000000004,6532.84,381.96,3144.7,6684.43,4465.07,25509.78,725.32,26235.1,352595.34,287.11,30487.26,NA,NA,NA,NA,NA,NA,NA,NA,NA,NA,NA,NA,NA,NA,NA,NA,NA,NA,NA
北京农商,2006,12885.32,1849.32,NA,NA,NA,NA,NA,NA,69524.09,NA,NA,NA,NA,2052.6799999999998,3.14,NA,NA,NA,151801.95000000001,2698.51,NA,NA,NA,6400,97028.19,600.82000000000005,228.56,NA,NA,NA,NA,NA,38026.129999999997,144982.22,5075.05,NA,NA,393.89,304.5,1046.3,6819.74,NA,6819.74,151801.95000000001,65487.39,NA,NA,NA,NA,NA,NA,NA,NA,NA,NA,NA,NA,NA,NA,NA,NA,NA,NA,NA,NA
北京农商,2007,31039.57,1500.4,NA,241.16,NA,NA,2000,NA,94551.33,NA,NA,43869.57,NA,2295.67,7.09,NA,NA,NA,182686.68,2155.63,NA,NA,NA,NA,120406.91,631.64,455.55,NA,NA,NA,NA,NA,52008.43,175658.16,5075.05,NA,NA,427.76,304.89,1220.81,7028.52,NA,7028.52,182686.68,7181.89,NA,NA,NA,NA,NA,NA,NA,NA,NA,NA,NA,NA,NA,NA,NA,NA,NA,NA,NA,NA
北京农商,2008,38436.85,17696.509999999998,NA,NA,NA,NA,5587.47,NA,113766.76,NA,NA,NA,NA,2141.5500000000002,4.84,NA,NA,NA,227616.46,2516.62,NA,NA,NA,2655.5,143771.26,829.46,294.47000000000003,NA,2500,NA,NA,NA,67592.27,220159.59,5075.05,NA,NA,491.07,253.75,1613.32,7433.19,23.69,7456.88,227616.46,49982.48,NA,NA,NA,NA,NA,NA,NA,NA,NA,NA,NA,NA,NA,NA,NA,NA,NA,NA,NA,NA
北京农商,2009,46476.5,23895.75,NA,95.59,1346.95,NA,17719.47,140.94,116181.92,30759.86,39066.839999999997,19.98,1339.34,2031.6,3.4,712.04,6.49,NA,284312.05,2404.4699999999998,NA,NA,NA,4920,262244.21000000002,949.94,286.64,2572.69,2500,0.32,NA,59.57,488.3,276426.13,5075.05,-91.06,NA,568.71,253.75,2056.16,7862.62,23.3,7885.92,284312.05,4515.3900000000003,NA,NA,NA,NA,NA,NA,NA,NA,NA,NA,NA,NA,NA,NA,NA,NA,NA,NA,NA,NA
北京农商,2010,61794.03,41618.730000000003,NA,291.39999999999998,9.89,NA,24920.98,811.26,131930.22,11347.52,42895.71,23.24,8589.51,2202.92,9.9,1221.8699999999999,2.31,NA,331396.7,1397.86,NA,3000,NA,9541.43,297007.13,565.91,757.92,2898.43,2500,NA,NA,412.51,504.28,318585.46999999997,9552.25,-274.07,NA,651.63,297.33999999999997,2559.39,12786.53,24.7,12811.23,331396.7,3727.21,NA,NA,NA,NA,NA,NA,NA,NA,NA,NA,NA,NA,NA,NA,NA,NA,NA,NA,NA,NA
北京农商,2011,73753.63,51479.64,42.43,3903.83,862.79,NA,15132.03,1038.73,160177.19,12688.64,49230.559999999998,25.93,2373.3000000000002,2198.92,16.34,1791.94,2.14,2597.52,377315.58,1285.18,7.8,63.01,NA,14005.2,336070.58,1145.55,1408.61,3580.93,2500,NA,NA,980.89,NA,361047.74,9552.25,1181.03,NA,874.75,1778.24,2853.95,16240.23,27.61,16267.83,377315.58,NA,NA,NA,NA,NA,NA,NA,NA,NA,NA,NA,NA,NA,NA,NA,NA,NA,NA,NA,NA,NA
北京农商,2012,74255.899999999994,45028.79,NA,10473.08,716.18,NA,14101.13,1027.46,193044.35,19493.39,51029.25,58,7369.58,3807.22,30.43,2216.36,1.97,1705.17,424358.26,2877.43,8.5,1565.69,NA,28821,355056.42,1603.2,1111.49,5706.4,7600,NA,NA,1124.3900000000001,NA,405474.53,9552.25,1028.81,NA,1198.48,2293.42,4779.75,18852.71,31.02,18883.73,424358.26,NA,NA,NA,NA,NA,NA,NA,NA,NA,NA,NA,NA,NA,NA,NA,NA,NA,NA,NA,NA,NA
北京农商,2013,77594.820000000007,38276.78,4.82,11448.29,394.43,NA,17550.830000000002,1526.07,226049.6,19860.330000000002,56244.3,98.62,3868.27,3688.75,36.700000000000003,2409.02,1.8,6936.63,465990.07,30633.54,15,642.02,NA,14397.5,382326.93,1867.95,733.8,7287.19,5100,NA,NA,1644.37,NA,444648.31,9552.25,326.58,NA,1580.21,4568.04,5279.8,21306.89,34.869999999999997,21341.759999999998,465990.07,NA,NA,NA,NA,NA,NA,NA,NA,NA,NA,NA,NA,NA,NA,NA,NA,NA,NA,NA,NA,NA
北京农商,2014,84512.21,32946.550000000003,8.74,8163.57,3061.79,NA,35457.64,1865.95,254262.94,16962.849999999999,61466.84,132.29,8253.4599999999991,5904.04,40.29,2545.61,NA,7361.42,522946.18,25518.61,553.89,7787.19,NA,10514.86,422053.52,2881.19,861.81,8606.07,11036.09,49.08,NA,1443.21,NA,491305.53,12148.48,4037.14,127.48,2084.58,7105.7,5995.51,31498.880000000001,141.77000000000001,31640.65,522946.18,NA,NA,NA,NA,NA,NA,NA,NA,NA,NA,NA,NA,NA,NA,NA,NA,NA,NA,NA,NA,NA
北京农商,2015,77906.48,62853.8,38.25,17265.95,12935.87,NA,50569.5,2523.06,257875.84,21927.279999999999,73617.89,154.30000000000001,41348.379999999997,6065.88,126.27,2392.65,NA,681.28,628282.68000000005,25635.82,7624.36,11845.79,NA,31105.25,463418.31,3150.75,698.31,10268.35,27663.62,NA,NA,1415.34,NA,592386.78,12148.48,4037.14,402.82,2604.9,9090.84,7472.73,35756.92,138.99,35895.9,628282.68000000005,NA,9560.8799999999992,NA,NA,NA,NA,NA,NA,NA,NA,NA,NA,NA,NA,NA,NA,NA,NA,NA,NA,NA
北京银行,2004,32015.01,10100.86,NA,2353.11,6603.94,5.89,7320.5,182.94,104893.3,7466.19,26844.26,NA,NA,1468.12,NA,1402.49,NA,1387.47,202939.98,11056.24,NA,373.24,7.7,10843.52,173526.78,137.66999999999999,540.75,558.26,NA,NA,64.69,2356.09,NA,199464.94,3538.86,751.91,NA,2433.2800000000002,-3070.59,NA,3475.04,NA,3475.04,202939.98,895.9,NA,NA,NA,NA,NA,NA,NA,NA,NA,NA,NA,-178.42,NA,NA,NA,NA,NA,NA,NA,NA
北京银行,2005,25855.040000000001,17176.07,NA,4619.32,14852.72,1.05,10024.6,187.13,107771.33,9635.8799999999992,37886.720000000001,NA,NA,1660.23,NA,1178.58,NA,1133.22,233043.82,13564.61,NA,194.2,33,4700,198546.91,121.73,628.86,749.9,3500,NA,32.24,3130.69,NA,225202.14,5027.5600000000004,2058.4699999999998,NA,1182.76,-659.12,314.32,7841.68,NA,7841.68,233043.82,1061.95,NA,NA,NA,NA,NA,NA,NA,NA,NA,NA,NA,-82.31,NA,NA,NA,NA,NA,NA,NA,NA
北京银行,2006,35459.949999999997,10178.030000000001,NA,5846.78,6648.74,1.61,10499.25,250.15,125527.05,73298.64,NA,NA,1440.66,1915.53,NA,1091.7,NA,810.81,272968.89,10419.799999999999,NA,862.34,17.68,8796.25,233090.26,0.76,1015.35,1034.23,3500,NA,79.91,4312.0200000000004,NA,263128.59999999998,5027.5600000000004,2058.4699999999998,NA,1266.18,706,765.61,9840.2900000000009,NA,9840.2900000000009,272968.89,NA,NA,NA,NA,NA,NA,NA,NA,NA,NA,NA,NA,16.48,NA,NA,NA,NA,NA,NA,NA,NA
北京银行,2007,45608.12,14177.45,NA,11508.36,6254.85,12.83,27895.29,1480,153324.13,82945.929999999993,NA,30.6,3921.61,1433.95,NA,861.83,247.57,4520.41,354222.94,16717.78,NA,2525.9499999999998,59.18,32684.5,259686.76,237.56,688.13,1482.47,3500,NA,156.78,9815.89,NA,327555,6227.56,14656.05,NA,1601.01,2105.33,2078,26667.94,NA,26667.94,354222.94,NA,NA,NA,NA,NA,NA,NA,NA,NA,NA,NA,NA,NA,NA,NA,NA,NA,NA,NA,NA,NA
北京银行,2008,49286.82,13928.48,NA,14977.76,16811.310000000001,51.72,42704.37,1723.24,187690.32,80979.06,NA,216.73,4254.51,1519.11,NA,85.44,255.5,2536.65,417021.02,36271.81,NA,1912.62,26.76,11426.78,315840.11,385.38,499.42,2139.4499999999998,13460.39,NA,78.89,1165.77,NA,383207.39,6227.56,17112.46,NA,2142.75,5333.44,2978,33794.21,19.420000000000002,33813.629999999997,417021.02,NA,NA,NA,NA,NA,NA,NA,NA,NA,NA,NA,NA,NA,NA,NA,NA,NA,NA,NA,NA,NA
北京银行,2009,68132.83,13810.87,NA,10721.55,11515.7,18.61,42746.68,1997.39,267450.11,63595.86,44723.62,310.82,4315.9399999999996,1734.82,NA,782.01,243.8,1368.7,533469.31999999995,25528.5,NA,1617.28,8.52,3500,446938.7,119.66,346.63,2368.48,13468.82,NA,41.32,1953.63,NA,495891.55,6227.56,16364.77,NA,2706.19,8615.41,3645.49,37559.42,18.36,37577.769999999997,533469.31999999995,NA,NA,NA,NA,NA,NA,NA,NA,NA,NA,NA,NA,NA,NA,NA,NA,NA,NA,NA,NA,NA
北京银行,2010,104196.88,41436.839999999997,NA,22556.67,16717.669999999998,26.6,65114.66,2838.96,327602.8,78388.3,64108.1,1177.56,4676.9399999999996,1935.53,NA,996.62,232.1,1204.3,733210.5,55085.27,NA,16024.69,11.92,39741.75,557724.34,398.32,237.91,3463,16470.740000000002,0.02,40.409999999999997,1445.24,NA,690643.62,6227.56,15669.27,NA,3386.91,12300.16,4962.09,42545.98,20.9,42566.879999999997,733210.5,NA,NA,NA,NA,NA,NA,NA,NA,NA,NA,NA,NA,NA,NA,NA,NA,NA,NA,NA,NA,NA
北京银行,2011,125984.46,114193.38,NA,96732.85,5360.63,22.23,23228.639999999999,5073.16,396076.92,86303.5,88572.96,1206.3399999999999,8576.74,2119.27,NA,1420.85,220.4,1406.35,956498.68,168043.87,NA,20397.77,19.54,72094.649999999994,614241.18000000005,596.75,1140.69,5831.24,19962.169999999998,0.01,39.31,3697.98,NA,906065.15,6227.56,15905.07,NA,4282.38,17123.39,6844.93,50383.34,50.18,50433.52,956498.68,NA,NA,NA,NA,NA,NA,NA,NA,NA,NA,NA,NA,NA,NA,NA,NA,NA,NA,NA,NA,NA
北京银行,2012,146923.01,60889.43,16.670000000000002,74099.820000000007,7040.69,30.32,88487.95,7005.35,483445.29,94983.05,97055.039999999994,1355.16,50311.21,3689.44,NA,2156.5300000000002,345.63,2134.33,1119968.93,241199.74,NA,21489.24,32.86,38935.99,713772.46,496.82,1239.8,7903.54,19972.25,NA,39.42,3196.1,NA,1048278.21,8800.16,25824.5,NA,5445.45,18197.75,13348.92,71616.789999999994,73.930000000000007,71690.710000000006,1119968.93,NA,NA,NA,NA,NA,NA,NA,NA,NA,NA,NA,NA,NA,NA,NA,NA,NA,NA,NA,NA,NA
北京银行,2013,170686.72,117840.34,NA,56388.36,13221.22,89.88,123747.71,7619.51,568852.23,96430.79,108331.26,1906.38,58921.03,5200.42,547.12,3855.96,358.75,2766.15,1336763.8400000001,315098.46000000002,NA,21896.57,103.87,29852.7,834479.87,332.93,1217.55,11009.83,39898,NA,39.11,4528.8500000000004,NA,1258457.74,8800.16,22382.48,NA,6810.73,24135.07,15985.57,78114.009999999995,192.1,78306.11,1336763.8400000001,NA,NA,NA,NA,NA,NA,NA,NA,NA,NA,NA,NA,NA,NA,NA,NA,NA,NA,NA,NA,NA
北京银行,2014,188007,99626,NA,74505,13360,53,133179,8981,654718,109706,120099,1779,105876,6046,623,3620,341,3918,1524437,313203,20115,24083,31,59527,922813,389,1529,13775,56783,NA,23,16022,NA,1428293,10560,26128,10,8370,32699,18136,95903,241,96144,1524437,NA,NA,NA,NA,NA,NA,NA,NA,NA,NA,NA,NA,NA,NA,NA,NA,NA,NA,NA,NA,NA
北京银行,2015,153182,265953,55,88953,16522,137,138722,10967,747917,127941,147562,2124,127079,7133,608,5073,240,4741,1844909,389709,10035,38469,96,46608,1022300,1151,2224,14274,174639,NA,23,28567,NA,1728095,12672,26128,1587,10045,38252,22995,116551,263,116814,1844909,NA,NA,NA,NA,NA,NA,NA,NA,4872,4872,NA,NA,NA,NA,NA,NA,NA,NA,NA,NA,NA
华融湘江银行,2009,6629.08,1240.25,NA,NA,1031.6600000000001,NA,150.02000000000001,85.8,14472.16,1066.6099999999999,3133.83,5.2,819.55,697.05,3405.86,NA,261.58,2302.0100000000002,35300.65,1257.1099999999999,90,NA,NA,1055,29485.09,98.1,69.97,166.62,NA,NA,NA,976.45,NA,33198.32,1413.98,3671.41,NA,36.5,-3100.37,53.23,2074.75,27.57,2102.3200000000002,35300.65,NA,NA,NA,NA,NA,NA,NA,NA,NA,NA,NA,NA,NA,NA,NA,NA,NA,NA,NA,NA,NA
华融湘江银行,2010,9752.02,1286.8499999999999,NA,NA,NA,NA,3377.96,138.58000000000001,21041.71,1813.12,6502.76,5.2,NA,782.44,27.12,8.42,186.37,6542.66,51465.24,2430.5500000000002,NA,NA,NA,2261.5,40546.18,84.19,87.76,173.83,NA,4.46,NA,1643.53,NA,47231.99,4080,7.24,NA,11.76,101.62,1.64,4202.26,30.99,4233.24,51465.24,NA,NA,NA,NA,NA,NA,NA,0,NA,NA,NA,NA,NA,NA,NA,NA,NA,NA,NA,NA,NA
华融湘江银行,2011,11591.65,1535.36,NA,NA,901.68,NA,36010.15,407.43,29096.080000000002,3384.27,13548.44,5.2,NA,769.49,35.799999999999997,160.04,186.37,4324.75,104299.79,8376.34,50,NA,NA,33295.43,54647.07,239.2,127.21,379.15,NA,146.71,NA,953.78,273.44,98488.320000000007,4928.91,17.93,NA,81.86,646.46,98.02,5773.18,38.29,5811.47,104299.79,2343.08,NA,NA,NA,NA,NA,NA,NA,NA,NA,NA,NA,NA,NA,NA,NA,NA,NA,NA,NA,NA
华融湘江银行,2012,16860.5,3034.19,NA,150,2456.5,NA,39460.29,497.04,37573.65,3163.15,21634.77,5.2,NA,989.58,44.81,83.37,NA,6261.18,133255.98000000001,10908.66,40,NA,NA,40077.67,70954.14,243.79,141.09,550.32000000000005,1492.5,79.650000000000006,NA,1927.03,146.6,126561.46,4928.91,16.77,NA,194.52,1038.28,466.13,6644.61,49.91,6694.52,133255.98000000001,1041.75,NA,NA,NA,NA,NA,NA,NA,NA,NA,NA,NA,NA,NA,NA,NA,NA,NA,NA,NA,NA
华融湘江银行,2013,21128.03,6416.44,NA,170.71,10428.73,NA,38601.379999999997,453.07,46518.02,4185.6000000000004,13023.76,5.2,2059.5,932.81,69.7,188.43,NA,1204.01,148107.70000000001,16017.92,52.3,2328.0300000000002,NA,28443.57,87925.66,425.81,177.56,956.45,1493.25,97.14,NA,218.5,503.14,138639.32999999999,6161.13,317.69,NA,346.09,1387.49,1195.9000000000001,9408.2999999999993,60.07,9468.3700000000008,148107.70000000001,2722.31,NA,NA,NA,NA,NA,NA,NA,NA,NA,NA,NA,NA,NA,NA,NA,NA,NA,NA,NA,NA
华融湘江银行,2014,26930.76,11494.69,NA,428.33,8314.08,NA,14078.72,1069.29,59572.5,9605.73,19272.89,NA,10489.84,870.62,96.84,216.21,NA,2868.38,165308.89000000001,13660.01,80,1161.02,NA,17188.330000000002,117401.97,543.6,363.21,1499.7,1494,NA,NA,826.16,NA,154217.99,6161.13,438.52,-1.45,548.22,1879.27,1994.86,11020.54,70.36,11090.89,165308.89000000001,NA,NA,NA,NA,NA,NA,NA,NA,NA,NA,NA,NA,NA,NA,NA,NA,NA,NA,NA,NA,NA
华融湘江银行,2015,24975.38,16109.85,NA,498.71,3430.98,NA,15651.85,1283.8800000000001,77591.179999999993,10573.8,35024.47,NA,21159.31,1802.72,117.67,275.57,NA,2629.16,211124.52,15650.63,20,364.94,NA,21785.07,140072.53,612.1,414.37,2240.48,14317.2,NA,NA,2768.1,NA,198245.42,6161.13,438.52,119.11,775.32,2110.0100000000002,3198.41,12802.49,76.61,12879.1,211124.52,NA,NA,NA,NA,NA,NA,NA,NA,NA,NA,NA,NA,NA,NA,NA,NA,NA,NA,NA,NA,NA
南京银行,2002,NA,NA,NA,NA,300,NA,NA,146.18,NA,NA,NA,8.6,NA,324.42,7.58,NA,NA,NA,26258.58,NA,NA,NA,NA,NA,NA,44.84,-8.4499999999999993,90.14,NA,NA,NA,NA,NA,25026,1206.75,38.01,NA,44.88,-141.53,NA,1232.58,NA,1232.58,26258.58,NA,NA,NA,NA,NA,NA,NA,NA,NA,NA,NA,NA,NA,NA,NA,NA,NA,NA,NA,NA,NA
南京银行,2003,NA,NA,NA,NA,409.11,NA,NA,98.8,NA,NA,NA,8.6,NA,318.05,12.19,NA,NA,NA,29582.44,NA,NA,NA,NA,NA,NA,55.68,-2.0699999999999998,92.02,NA,NA,NA,NA,NA,28264.83,1206.75,38.01,NA,70.31,2.5499999999999998,NA,1317.62,NA,1317.62,29582.44,NA,NA,NA,NA,NA,NA,NA,NA,NA,NA,NA,NA,NA,NA,NA,NA,NA,NA,NA,NA,NA
南京银行,2004,2555.96,1249.1500000000001,NA,28.97,3358.1,NA,3853.11,163.51,15127.91,10311.61,NA,8.6,NA,391.27,11.69,158.80000000000001,NA,221.79,38271.660000000003,1241.05,NA,74.8,NA,4445.7,28345.81,106.97,54.4,148.46,NA,NA,NA,2123.48,NA,36606.629999999997,1206.75,16.53,NA,125.64,305.36,10.74,1665.03,NA,1665.03,38271.660000000003,831.18,65.959999999999994,NA,NA,NA,NA,NA,NA,NA,NA,NA,NA,NA,NA,NA,NA,NA,NA,NA,NA,NA
南京银行,2005,2669.5,781.8,NA,8.07,10037.459999999999,NA,3870.79,188.04,19433.599999999999,9419.31,NA,8.6,NA,407.66,11.31,127.78,NA,556.91,48593.27,1053.52,NA,250,NA,5612.48,35859.15,131.16999999999999,107.96,180.5,800,24.92,NA,2469.2800000000002,NA,46488.99,1206.75,88.6,NA,180.72,305.82,322.39,2104.27,NA,2104.27,48593.27,1072.43,NA,NA,NA,NA,NA,NA,NA,NA,NA,NA,NA,NA,NA,NA,NA,NA,NA,NA,NA,NA
南京银行,2006,3929.91,1018.8,NA,NA,9129.7800000000007,NA,4451.8500000000004,221.8,24829.79,11867.52,NA,147.65,1309.5999999999999,432.21,15.57,102.59,NA,510.23,57967.3,5555.32,NA,966,NA,1736.57,43858.16,180.21,133.65,248.98,800,43.97,NA,1833.3,NA,55356.17,1206.75,97.37,NA,240.18,640.73,426.1,2611.14,NA,2611.14,57967.3,NA,NA,NA,NA,NA,NA,NA,NA,NA,NA,NA,NA,NA,NA,NA,NA,NA,NA,NA,NA,NA
南京银行,2007,7471.21,1691.73,NA,306.05,6740.64,NA,6154.95,452.75,29823.64,8532.83,10188.280000000001,199.16,2585.61,495.03,17.91,158.69,NA,1245.23,76063.710000000006,3523.9,NA,796,NA,7156.72,50931.53,205.7,93.45,295.67,800,4.93,NA,2313.35,NA,66121.25,1836.75,6009.88,NA,331.13,1338.6,426.1,9942.4599999999991,NA,9942.4599999999991,76063.710000000006,NA,NA,NA,NA,NA,NA,NA,NA,NA,NA,NA,NA,NA,NA,NA,NA,NA,NA,NA,NA,NA
南京银行,2008,8834.01,1780.09,NA,610,7815.78,NA,6277.2,666.08,39057.379999999997,10455.48,12343.22,258.88,2546.6799999999998,913.18,44.21,213.16,NA,1890.73,93706.07,8469.48,NA,3056,NA,2881.55,62730.99,269,311.26,474.87,800,153.68,NA,3213.63,NA,82360.479999999996,1836.75,6457.94,NA,331.13,2169.96,499.81,11295.59,50,11345.59,93706.07,NA,NA,NA,NA,NA,NA,NA,NA,NA,NA,NA,NA,NA,NA,NA,NA,NA,NA,NA,NA,NA
南京银行,2009,15189.79,4484.05,NA,600,7986.11,NA,18863.349999999999,779.84,65607.77,11668.68,14156.47,801.37,7903,1112.03,60.26,220.73,NA,132.36000000000001,149565.82,10645.31,NA,3017.9,NA,17899.47,102127.22,363.03,218.1,579.12,800,28,NA,1719.45,NA,137397.60999999999,1836.75,6208.59,NA,631.03,2286.44,1076.1400000000001,12038.95,129.25,12168.21,149565.82,NA,NA,NA,NA,NA,NA,NA,NA,NA,NA,NA,NA,NA,NA,NA,NA,NA,NA,NA,NA,NA
南京银行,2010,23958.33,4156.53,NA,2198.16,9519.77,NA,39376.29,1250.24,81989.47,15337.34,19496.150000000001,908.1,20963.32,1746.51,59.05,323.79000000000002,NA,209.55,221492.6,32448.32,80,6318.31,NA,17949.189999999999,139724.32999999999,409.96,413.81,969.15,800,NA,NA,3409.13,NA,202522.2,2968.93,10294.99,NA,861.38,3198.85,1509.6,18833.740000000002,136.66,18970.400000000001,221492.6,NA,NA,NA,NA,NA,NA,NA,NA,NA,NA,NA,NA,NA,NA,NA,NA,NA,NA,NA,NA,NA
南京银行,2011,32840.61,20861.72,NA,8682.56,6995.06,71.430000000000007,40836.239999999998,1960.65,100203.83,24186.63,25303.84,1486.97,15777.52,1901.63,80.38,362.11,NA,240.51,281791.69,43554.91,180,9477.6200000000008,84.48,31014.94,166424.29,534.79,764.24,1748.54,5281.49,NA,NA,922.14,NA,259987.42,2968.93,10487.29,NA,1180.0899999999999,5013.55,1993.9,21643.759999999998,160.5,21804.27,281791.69,NA,NA,NA,NA,NA,NA,NA,NA,NA,NA,NA,NA,NA,NA,NA,NA,NA,NA,NA,NA,NA
南京银行,2012,42228.88,17479.22,NA,9534.5499999999993,5830.23,50.03,53846.12,2433.17,121962.19,27932.66,27354.15,1721.4,30191.58,2172.9899999999998,96.67,534.46,NA,423.87,343792.15,43815.33,100,12900.21,54.89,33213.599999999999,213655.8,635.48,734.73,2537.2399999999998,10283.57,NA,NA,1050.55,NA,318981.40000000002,2968.93,10339.93,NA,1578.09,6132.28,3599.09,24618.33,192.43,24810.75,343792.15,NA,NA,NA,NA,NA,NA,NA,NA,NA,NA,NA,NA,NA,NA,NA,NA,NA,NA,NA,NA,NA
南京银行,2013,49593.79,17484.490000000002,NA,1996.55,3454.61,399.4,60388.77,3480,143057.81,45062.76,39319.300000000003,2181.8000000000002,63527.02,2188.06,120.04,1092.3900000000001,24.57,685.94,434057.29,94380.26,100,8704.9,414.75,27326.6,260149.32,706.7,704,3625.46,10277.629999999999,NA,NA,811.53,NA,407201.16,2968.93,9020.1299999999992,NA,1578.09,7947.45,5075.3900000000003,26589.99,266.14,26856.13,434057.29,NA,NA,NA,NA,NA,NA,NA,NA,NA,NA,NA,NA,NA,NA,NA,NA,NA,NA,NA,NA,NA
南京银行,2014,71767.570000000007,20109.62,5.53,7001.2,8269.5300000000007,763.81,14497.98,5090.63,169346.25,55363.97,67056.149999999994,2429.9699999999998,145451.29999999999,3652.78,118.87,1091.8499999999999,18.559999999999999,1114.6199999999999,573150.18000000005,84573.46,1830,8625.18,676.54,30907.27,368328.88,1273.05,1139.56,6704.39,33856.400000000001,NA,NA,2451.65,NA,540366.39,2968.93,10354.25,281.89,2025.52,10469.950000000001,6348.38,32448.91,334.87,32783.79,573150.18000000005,NA,NA,NA,NA,NA,NA,NA,NA,NA,NA,NA,NA,NA,NA,NA,NA,NA,NA,NA,NA,NA
南京银行,2015,78780.240000000005,27644.25,6.74,3947.4,19551.59,2329.58,8966.91,6740.86,242226.64,110546.28,85577.33,2765.82,208474.18,4499.68,179.44,1474.19,14.71,1294.4100000000001,805020.24,98405.94,4250,5039.3900000000003,2032.06,28631.61,504197.11,1873.46,2104.46,7692.56,86887.19,NA,NA,11492.53,NA,752606.31,3365.96,17879.23,1746.09,2582.1799999999998,12634.15,8945.11,52026.52,387.4,52413.919999999998,805020.24,NA,NA,NA,NA,NA,NA,NA,NA,4873.8100000000004,NA,NA,NA,NA,NA,NA,NA,NA,NA,NA,NA,NA
南充商行,2006,1006.37,358.3,NA,NA,NA,NA,NA,7.19,NA,NA,NA,NA,NA,4.4400000000000004,NA,NA,NA,NA,5872.96,210.86,NA,NA,NA,NA,NA,NA,37.130000000000003,22.59,NA,NA,NA,NA,NA,5454.42,300,7.97,NA,13.37,73.930000000000007,23.26,418.54,NA,418.54,5872.96,NA,NA,NA,NA,NA,NA,NA,NA,NA,NA,NA,NA,NA,NA,NA,NA,NA,NA,NA,NA,NA
南充商行,2007,2217.04,216.43,NA,NA,NA,NA,NA,2.79,NA,NA,NA,NA,NA,73.66,NA,NA,NA,NA,10743.77,199.21,NA,NA,NA,NA,NA,NA,56.99,32.69,NA,NA,NA,NA,NA,10269.93,300,7.97,NA,22.66,91.15,51.18,472.97,0.87,473.84,10743.77,NA,NA,NA,NA,NA,NA,NA,NA,NA,NA,NA,NA,NA,NA,NA,NA,NA,NA,NA,NA,NA
南充商行,2008,3598.24,303.39,NA,0.09,799.74,NA,495.6,67.56,6349.09,2413.09,2199.46,0.16,NA,74.94,NA,16.79,12.44,87.87,16418.46,3140.05,NA,NA,NA,1720,10038.34,3.49,34.58,77.099999999999994,NA,36.26,NA,620.15,NA,15669.97,300,75.31,NA,42.68,231.52,84.07,733.59,14.91,748.49,16418.46,NA,NA,NA,NA,NA,NA,NA,0,NA,NA,NA,NA,NA,NA,NA,NA,NA,NA,NA,NA,NA
南充商行,2009,5694.83,568.33000000000004,NA,NA,147.83000000000001,NA,710,72.290000000000006,9878.35,1274.76,5553.79,0.16,NA,81.06,1.28,20.59,11.54,140.26,24155.06,2894.78,NA,NA,NA,2820,17267.27,2.58,54.93,99.05,NA,13.51,NA,39.770000000000003,NA,23191.88,300,15.67,NA,72.81,434.94,123.4,946.82,16.36,963.18,24155.06,NA,NA,NA,NA,NA,NA,NA,NA,NA,NA,NA,NA,NA,NA,NA,NA,NA,NA,NA,NA,NA
南充商行,2010,6506.49,5139.49,NA,25,144.75,NA,8030.56,128.01,12711.67,2447.11,7187.2,8.82,460,85.75,34.75,34.450000000000003,10.64,158.62,43113.33,9722.06,NA,NA,NA,2620,27940.18,3.12,78.5,134.99,NA,10.94,NA,1110.47,NA,41620.26,600,3.75,NA,129.03,560.17999999999995,178.9,1471.86,21.21,1493.06,43113.33,NA,NA,NA,NA,NA,NA,NA,NA,NA,NA,NA,NA,NA,NA,NA,NA,NA,NA,NA,NA,NA
南充商行,2011,9118.1200000000008,28244.43,NA,50,269.56,NA,7001.48,386.76,15505.08,834.58,8364.19,9.49,3280,130.47999999999999,34.020000000000003,56.51,9.74,2460.12,75754.55,24410.22,50,132.32,NA,1298.51,44911.95,3.88,165.26,478.96,NA,14.76,NA,580.88,NA,72046.73,1001.21,820.76,NA,231.91,1250.07,368.97,3672.92,34.9,3707.82,75754.55,NA,NA,NA,NA,NA,NA,NA,NA,NA,NA,NA,NA,NA,NA,NA,NA,NA,NA,NA,NA,NA
南充商行,2012,16391.41,14777.33,NA,NA,675.65,NA,20630.37,772.3,26491.55,1130.3499999999999,23724.63,11.36,2660,166.73,33.28,67.209999999999994,8.83,1204.97,108745.98,26097.119999999999,387.5,5283.47,NA,5023.2,63819.59,13.36,175.59,595.16,NA,12.99,NA,2307.61,NA,103715.58,1001.21,812.52,NA,366.4,1981.08,674.58,4835.79,194.6,5030.3900000000003,108745.98,NA,NA,NA,NA,NA,NA,NA,NA,NA,NA,NA,NA,NA,NA,NA,NA,NA,NA,NA,NA,NA
南充商行,2013,19050.09,24220.81,NA,151.02000000000001,371.73,NA,25026.41,818.65,28539.79,1249.98,22436.87,17.98,6477.24,301.91000000000003,32.89,130.38,7.93,1271.53,130105.21,38188.629999999997,711.76,256.07,NA,9244.41,73147.509999999995,50.75,274.42,1142.3499999999999,NA,10.94,NA,349.21,NA,123376.07,1001.21,743.94,NA,551.85,3281.92,924.87,6503.79,225.36,6729.15,130105.21,NA,NA,NA,NA,NA,NA,NA,NA,NA,NA,NA,NA,NA,NA,NA,NA,NA,NA,NA,NA,NA
南充商行,2014,18253.93,10585.97,NA,25,2059.59,NA,23531.439999999999,913.91,37410.01,3370.95,19870.41,NA,12692.12,429.48,34.68,226.92,7.03,1240.22,130651.65,21248.71,1312.77,12.24,NA,15149,82381.56,112.99,278.91000000000003,1175.1600000000001,NA,17.13,NA,414.65,NA,122103.1,1001.21,809.7,-1.26,725.65,4538.96,1127.6400000000001,8201.89,346.66,8548.5499999999993,130651.65,NA,NA,NA,NA,NA,NA,NA,NA,NA,NA,NA,NA,NA,NA,NA,NA,NA,NA,NA,NA,NA
南充商行,2015,18346.46,13280.11,NA,20,1890.91,NA,11981.98,1424.59,49851.25,11042.94,19722.5,NA,24538.27,461.72,43.01,303,6.13,1534.49,154447.35999999999,24677.65,1480.54,142.86000000000001,NA,18454.68,92683.520000000004,156.91999999999999,361.43,873.2,3969.32,12.98,NA,990.67,NA,143803.78,1001.21,809.7,1.87,940.57,6315.43,1153.23,10222.01,421.58,10643.58,154447.35999999999,NA,NA,NA,NA,NA,NA,NA,NA,NA,NA,NA,NA,NA,NA,NA,NA,NA,NA,NA,NA,NA
南昌银行,2006,4646.38,293.64,NA,70.02,NA,NA,NA,NA,10088.280000000001,NA,NA,2317.9499999999998,NA,418.82,2005.75,NA,NA,382.99,23355.87,50.69,NA,NA,NA,NA,19449.669999999998,24.97,70.7,NA,NA,NA,NA,98.05,2158.35,21852.43,1182.07,0.23,NA,136.99,64.069999999999993,124.77,1503.44,NA,1503.44,23355.87,3132.04,NA,-4.68,NA,NA,NA,NA,NA,NA,NA,NA,NA,NA,NA,NA,NA,NA,NA,NA,NA,NA
南昌银行,2007,5676.18,106.3,NA,71.09,NA,NA,500,NA,15040.01,NA,NA,2613.67,NA,397.23,170.41,NA,NA,369.5,27004.19,10.79,NA,100,NA,NA,22529.46,92.77,127.35,NA,NA,NA,NA,267.76,689.7,23817.85,2382.0700000000002,360.23,NA,176.76,92.12,184.88,3186.34,NA,3186.34,27004.19,2059.8000000000002,NA,-9.7200000000000006,NA,NA,NA,NA,NA,NA,NA,NA,NA,NA,NA,NA,NA,NA,NA,NA,NA,NA
南昌银行,2008,6967.66,1910.11,NA,NA,618.38,NA,NA,113.71,16953.46,102.75,3442.64,10.53,3819.09,371.79,21.71,117.08,163.47999999999999,477.66,35090.06,1558.97,NA,NA,NA,NA,28651.919999999998,193.06,112.66,148.25,NA,4.49,0.19,733.13,NA,31402.67,2382.0700000000002,364.77,NA,276.63,406.13,257.79000000000002,3687.39,NA,3687.39,35090.06,NA,NA,NA,NA,NA,NA,NA,NA,NA,NA,NA,NA,NA,NA,NA,NA,NA,NA,NA,NA,NA
南昌银行,2009,7749.54,3254.53,NA,NA,2484.17,NA,NA,119.78,21662.23,97.9,3075.99,10.53,4301.62,670.52,18.54,187.01,160.87,471.57,44264.78,1231.83,NA,NA,NA,2983.09,34947.11,217.24,87.43,154.77000000000001,NA,NA,0.17,426.05,NA,40047.69,2382.0700000000002,360.14,NA,412.08,713.51,349.29,4217.09,NA,4217.09,44264.78,NA,NA,NA,NA,NA,NA,NA,NA,NA,NA,NA,NA,NA,NA,NA,NA,NA,NA,NA,NA,NA
南昌银行,2010,12767.05,5163.1400000000003,NA,NA,2063.4699999999998,NA,8660.68,168.08,27026.34,206.14,3312.69,10.53,3867.82,743.8,58.27,195.61,1.28,89.62,64334.54,2175.73,NA,NA,NA,2474.66,54135.55,189.5,153.37,171.5,NA,NA,NA,177.43,NA,59477.73,2382.0700000000002,359.66,NA,565.76,1157.08,353.42,4817.99,38.82,4856.8100000000004,64334.54,NA,NA,NA,NA,NA,NA,NA,NA,NA,NA,NA,NA,NA,NA,NA,NA,NA,NA,NA,NA,NA
南昌银行,2011,22762.76,13296.99,NA,NA,373.7,NA,6164.09,182.41,32840.42,1138.21,2525.5100000000002,10.53,7398.17,933.72,53.45,299.2,1.1200000000000001,98.05,88078.33,7463.04,NA,NA,NA,NA,72252.179999999993,286.92,372.48,296.2,993.5,5.33,7.0000000000000007E-2,482.89,NA,82152.61,2382.0700000000002,376.21,NA,810.75,1697.75,555.17999999999995,5821.96,103.77,5925.72,88078.33,NA,NA,NA,NA,NA,NA,NA,NA,NA,NA,NA,NA,NA,NA,NA,NA,NA,NA,NA,NA,NA
南昌银行,2012,21174.33,14360.68,NA,320,387.84,NA,11675.19,362.98,39497.519999999997,1005.84,6473.28,10.25,9289.52,819.23,57.13,465.51,NA,242.21,106141.52,8288.64,39.96,189.55,NA,8613.6200000000008,76189.52,272.13,203.82,512.89,996.88,0.42,NA,2950.52,NA,98257.94,2634.07,872.5,NA,1105.1600000000001,1899.6,1218.28,7729.61,153.97,7883.58,106141.52,NA,NA,NA,NA,NA,NA,NA,NA,NA,NA,NA,NA,NA,NA,NA,NA,NA,NA,NA,NA,NA
南昌银行,2013,21649.56,14764.22,NA,NA,732.63,NA,10499.27,680.72,47825.13,1905.07,9738.26,10.25,16878.18,1277.25,57.39,578.23,NA,432.36,127028.55,16714.86,50,NA,NA,3379.33,89017.88,282.69,553.01,915.25,5989.8,NA,0.31,491.67,NA,117394.79,2782.07,1146.24,NA,1427.64,2520.9499999999998,1542.86,9419.76,214,9633.76,127028.55,NA,NA,NA,NA,NA,NA,NA,NA,NA,NA,NA,NA,NA,NA,NA,NA,NA,NA,NA,NA,NA
南昌银行,2014,21311.98,7696.56,NA,870.5,1941.32,NA,15539.14,1279.82,58795.89,2562.75,12385.54,NA,30256.61,1848.12,54.97,706.39,NA,625.1,155874.66,13384.56,207.42,NA,NA,14743.02,106274.85,269.27,551.79,1243.1199999999999,6983.4,NA,NA,1429.69,NA,145087.12,2782.07,1190.2,-3.77,1731.28,2905.68,1958.17,10563.64,223.9,10787.54,155874.66,NA,NA,NA,NA,NA,NA,NA,NA,NA,NA,NA,NA,NA,NA,NA,NA,NA,NA,NA,NA,NA
南昌银行,2015,27126.01,7249.83,0.11,612.54,5367.68,NA,10093.5,915.69,83612.11,3604.98,16611.2,NA,53216.97,2455.14,159.51,898.96,14.27,1122.05,213087.75,8928.5300000000007,685,149.16,NA,12705.62,149359.64000000001,340.58,276.93,1510.41,17362.189999999999,49.42,0.27,1511.4,NA,192879.16,4678.78,7633.63,42.62,1827.13,2576.2199999999998,2610.3200000000002,19368.689999999999,839.9,20208.59,213087.75,NA,NA,NA,NA,27.19,NA,NA,NA,NA,NA,NA,NA,NA,NA,NA,NA,NA,NA,NA,NA,NA
厦门农商行,2006,729.96,498.68,NA,NA,NA,NA,NA,NA,5644.86,NA,NA,32.04,NA,212.58,NA,NA,NA,NA,9377.83,NA,NA,NA,NA,NA,5813.72,1.24,27.97,NA,NA,NA,NA,NA,3276.21,9119.14,123.7,NA,NA,23.12,NA,111.87,258.69,NA,258.69,9377.83,2259.7199999999998,NA,NA,NA,NA,NA,NA,NA,NA,NA,NA,NA,NA,NA,NA,NA,NA,NA,NA,NA,NA
厦门农商行,2007,1454.65,330.18,NA,NA,NA,NA,617.29999999999995,NA,6599.17,NA,NA,63.66,NA,212.14,NA,NA,NA,NA,10918.41,NA,30,NA,NA,NA,6636.01,NA,47.55,NA,NA,NA,NA,NA,3904.48,10618.04,131.55000000000001,NA,NA,24.85,13.83,130.15,300.37,NA,300.37,10918.41,1641.31,NA,NA,NA,NA,NA,NA,NA,NA,NA,NA,NA,NA,NA,NA,NA,NA,NA,NA,NA,NA
厦门农商行,2008,1509.8,2591.38,NA,NA,NA,NA,NA,NA,6537.45,NA,NA,156.1,NA,203.06,NA,NA,NA,NA,11107.34,NA,NA,NA,NA,NA,6543.37,NA,28.04,NA,NA,NA,NA,NA,3726.48,10297.89,452.07,77.5,NA,32.770000000000003,63.26,183.86,809.45,NA,809.45,11107.34,109.55,NA,NA,NA,NA,NA,NA,NA,NA,NA,NA,NA,NA,NA,NA,NA,NA,NA,NA,NA,NA
厦门农商行,2009,1668.77,3029.81,NA,NA,NA,NA,150,NA,7608.31,NA,NA,528.1,NA,207.44,NA,NA,NA,NA,13621.45,NA,NA,NA,NA,338.7,8003.3,NA,16.600000000000001,NA,NA,NA,NA,NA,4292.26,12650.86,501.73,77.5,NA,52.1,153.47,185.79,970.59,NA,970.59,13621.45,429.02,NA,NA,NA,NA,NA,NA,NA,NA,NA,NA,NA,NA,NA,NA,NA,NA,NA,NA,NA,NA
厦门农商行,2010,2124.98,4050.4,NA,NA,NA,NA,392.7,NA,9218.65,NA,NA,528.1,NA,199.66,NA,NA,NA,NA,16546.830000000002,NA,NA,NA,NA,NA,10507.14,NA,29.11,7.0000000000000007E-2,NA,NA,NA,NA,4812.59,15348.91,601.73,77.5,NA,77.33,253.04,188.31,1197.92,NA,1197.92,16546.830000000002,32.340000000000003,NA,NA,NA,NA,NA,NA,NA,NA,NA,NA,NA,NA,NA,NA,NA,NA,NA,NA,NA,NA
厦门农商行,2011,3660.56,5828.93,NA,NA,NA,NA,345.5,NA,11000.11,NA,NA,488.1,NA,210.21,NA,NA,NA,NA,21765.58,0.05,NA,NA,NA,NA,15087.65,NA,80.239999999999995,NA,NA,NA,NA,NA,5205.92,20373.849999999999,600.13,116.19,NA,152.47999999999999,309.16000000000003,213.78,1391.73,NA,1391.73,21765.58,232.17,NA,NA,NA,NA,NA,NA,NA,NA,NA,NA,NA,NA,NA,NA,NA,NA,NA,NA,NA,NA
厦门农商行,2012,4505.3599999999997,3723.32,NA,NA,NA,NA,160,NA,12765.24,NA,NA,1461.42,NA,247.73,NA,NA,NA,NA,24272.82,720.13,NA,NA,NA,NA,15315.7,NA,34.369999999999997,NA,NA,NA,NA,NA,5989.63,22059.83,850.13,602.61,NA,223.44,228.84,307.97000000000003,2212.9899999999998,NA,2212.9899999999998,24272.82,1409.76,NA,NA,NA,NA,NA,NA,NA,NA,NA,NA,NA,NA,NA,NA,NA,NA,NA,NA,NA,NA
厦门农商行,2013,5392.71,5763.19,NA,NA,NA,NA,2962.47,164.66,15461.89,5214,1632.95,60.8,NA,233.62,NA,NA,NA,1521.58,38407.870000000003,4534.76,NA,2710,NA,300,27632.97,8.69,59.92,425.26,NA,NA,NA,64.349999999999994,NA,35735.949999999997,1028.3499999999999,636.99,NA,268.48,241.7,496.4,2671.93,NA,2671.93,38407.870000000003,NA,NA,0,NA,NA,NA,NA,NA,NA,NA,NA,NA,NA,NA,NA,NA,NA,NA,NA,NA,NA
厦门农商行,2014,6670.33,7224.95,NA,67.31,5800.32,NA,4003.71,456.86,19372.84,11755.7,2327.16,60.8,NA,212.07,NA,NA,NA,3819.17,61771.22,5548.71,NA,2495.94,NA,7383.3,37153.21,11.4,81.7,531.64,632.66999999999996,7.11,NA,3556.69,NA,57402.37,1492.46,1402.94,0,335.43,453.51,684.51,4368.8500000000004,NA,4368.8500000000004,61771.22,NA,NA,NA,NA,NA,NA,NA,NA,NA,NA,NA,NA,NA,NA,NA,NA,NA,NA,NA,NA,NA
厦门农商行,2015,8097.01,6712.03,NA,1003.26,5289.39,NA,4892.68,687.88,25844.71,25070.41,3638.93,45,10270.23,114.05,5.32,18.02,82.65,139.72,91911.26,1857.3,400,2135.0300000000002,NA,17293.45,50877.66,185.53,125.32,488.82,10522.42,63.59,NA,1794.32,NA,85743.45,1961.72,2228.4,120.06,339.08,428.81,1089.73,6167.81,NA,6167.81,91911.26,NA,NA,NA,NA,NA,NA,NA,NA,NA,NA,NA,NA,NA,NA,NA,NA,NA,NA,NA,NA,NA
厦门国际银行,2006,1272.1500000000001,1716.01,NA,2620.37,NA,NA,139.4,87.35,14801.73,NA,NA,2834.52,NA,202.54,NA,NA,NA,0.02,30594.62,359.04,NA,NA,NA,586.20000000000005,27091.15,35.22,73.33,163.15,NA,NA,NA,NA,431.03,28739.119999999999,1068.96,NA,NA,NA,211.46,NA,1817.79,37.72,1855.51,30594.62,6920.54,NA,-40.98,NA,NA,NA,NA,NA,NA,NA,NA,NA,578.35,NA,NA,NA,NA,NA,NA,NA,NA
厦门国际银行,2007,3366.76,538.21,NA,2515.41,NA,NA,1813.75,136.35,25547.75,NA,NA,4449.0600000000004,NA,188.96,NA,NA,NA,0.23,42821.38,1665.5,NA,NA,NA,581.25,36867.660000000003,62.02,88.8,207.97,NA,NA,NA,NA,1153.68,40626.879999999997,1068.96,NA,NA,NA,437.39,NA,2151.13,43.37,2194.5100000000002,42821.38,4264.8900000000003,NA,-75.319999999999993,NA,NA,NA,NA,NA,NA,NA,NA,NA,720.11,NA,NA,NA,NA,NA,NA,NA,NA
厦门国际银行,2008,4236.1499999999996,2126.27,NA,2121.75,642.29,16.97,437.01,147.18,27605.63,2228.0500000000002,3770,3.65,NA,153.6,NA,113.9,23.3,265.24,44088.68,2786.31,NA,205.48,20.059999999999999,NA,37524.42,147.43,230.92,289.52,NA,103.17,NA,290.44,NA,41678.699999999997,1068.96,3.18,NA,919.41,373.44,190,2409.98,NA,2409.98,44088.68,197.69,80.95,-145.01,NA,NA,NA,NA,NA,NA,NA,NA,NA,NA,NA,NA,NA,NA,NA,NA,NA,NA
厦门国际银行,2009,4449.4799999999996,1656.95,NA,1036.27,422.72,73.459999999999994,3012,85.57,28305.42,3724.9,3493.04,3.65,NA,144.44999999999999,NA,NA,22.29,228.55,46892.53,1012.74,NA,NA,14.78,198,41930.18,95.92,116.91,181.52,NA,84.24,NA,207.8,NA,44079.12,1068.96,-3.47,NA,979.21,726.61,190,2813.4,NA,2813.4,46892.53,233.79,237.04,-147.91,NA,NA,NA,NA,NA,NA,NA,NA,NA,NA,NA,NA,NA,NA,NA,NA,NA,NA
厦门国际银行,2010,6651.96,1926.13,NA,556.16999999999996,348.6,157.54,4783.53,146.47,43800.69,3954.8,3958.54,3.65,NA,140.16999999999999,NA,NA,6.72,4118.0200000000004,70901.740000000005,8215.11,NA,96.23,64.05,2750,55071.68,180.96,117.99,313.07,NA,16.39,NA,670.46,NA,67569.440000000002,1068.96,11.73,NA,1103.8,950.52,380,3332.3,NA,3332.3,70901.740000000005,348.74,73.510000000000005,-182.71,NA,NA,NA,NA,NA,NA,NA,NA,NA,NA,NA,NA,NA,NA,NA,NA,NA,NA
厦门国际银行,2011,10300.01,12307.83,NA,152.76,616.98,99.76,NA,284.51,52455.67,4587.47,1399.38,3.65,NA,131.28,NA,7.41,6.25,1202.6099999999999,105095.9,24381.01,NA,628.57000000000005,31.78,2145.79,72075.649999999994,319.7,216.94,865.52,NA,NA,NA,540.08000000000004,NA,101214.67,1068.96,22.29,NA,1200.44,1283.21,541,3881.23,NA,3881.23,105095.9,21540.32,9.6199999999999992,-234.67,NA,NA,NA,NA,NA,NA,NA,NA,NA,NA,NA,NA,NA,NA,NA,NA,NA,NA
厦门国际银行,2012,16710.02,1959.07,NA,15217.12,19582.96,56.54,100,1073.98,65210.58,15007.51,1035.8399999999999,3.65,67185.45,132.03,NA,52.35,NA,2726.07,206564.57,80878.86,NA,2653.42,119.38,14690.04,96285.97,381.67,276.06,1660.17,NA,NA,NA,410.07,NA,197361,1807.8,4871.53,NA,1302.55,156.91999999999999,1300,9203.57,NA,9203.57,206564.57,511.41,5.36,-235.24,NA,NA,NA,NA,NA,NA,NA,NA,NA,NA,NA,NA,NA,NA,NA,NA,NA,NA
厦门国际银行,2013,21884.240000000002,22192.11,NA,2714.86,904.22,38.78,4521.1000000000004,1254.22,79924.240000000005,26972.23,784.26,3.65,97742.16,150.05000000000001,NA,569.72,NA,584.62,260837.88,89871.38,NA,3519.65,28.53,14428.68,136383.57,744.9,605.88,2420.96,608.13,NA,NA,1444.08,99.73,250170.42,2004.3,4899.55,NA,NA,2497.7199999999998,1530,10667.46,NA,10667.46,260837.88,597.42999999999995,14.92,-264.11,NA,NA,NA,NA,NA,NA,NA,NA,NA,NA,NA,NA,NA,NA,NA,NA,NA,NA
厦门国际银行,2014,34616.959999999999,12188.92,NA,2687.34,735.13,55.23,7219,1559.93,109259.19,32527.35,1031.6199999999999,NA,145072.87,186.28,34.090000000000003,272.82,NA,779.24,348940.89,76688.39,430,7421.76,76.27,15148.69,224185.22,941.39,464.01,3874.23,3601.8,NA,NA,635.77,21.6,333494.8,2293.13,7445.95,-48.29,166.82,3168.69,2419.7800000000002,15446.09,NA,15446.09,348940.89,714.93,5.67,NA,NA,NA,NA,NA,NA,NA,NA,NA,NA,NA,NA,NA,NA,NA,NA,NA,NA,NA
厦门国际银行,2015,41698.47,19547.59,NA,6783.79,521.96,64.08,NA,1702.97,150198.57999999999,32307.360000000001,4040.02,NA,197573.27,257.22000000000003,235.67,428.37,NA,464.17,459204.69,101447.96,NA,8086.74,5.24,2273.52,310342.15000000002,1155.46,814.29,3356.26,3640.47,NA,NA,278.79000000000002,NA,431412.6,6386.26,10204.790000000001,384.28,722.16,4030.75,3652.49,25380.73,2411.36,27792.09,459204.69,3381.18,11.71,NA,NA,NA,NA,NA,NA,NA,NA,NA,NA,NA,NA,NA,NA,NA,NA,NA,NA,NA
台州银行,2006,1330.15,775.33,NA,NA,NA,NA,NA,106.07,NA,NA,NA,NA,NA,NA,99.26,NA,NA,NA,14219.17,1.55,NA,NA,NA,NA,NA,NA,79.290000000000006,20.149999999999999,NA,NA,NA,NA,NA,13470.4,300,2.09,NA,101.21,280.06,65.41,748.77,NA,748.77,14219.17,NA,NA,NA,NA,NA,NA,NA,NA,NA,NA,NA,NA,NA,NA,NA,NA,NA,NA,NA,NA,NA
台州银行,2007,2591.83,643.19000000000005,NA,NA,NA,NA,NA,170.39,NA,NA,NA,NA,NA,NA,98.45,NA,NA,NA,18095.88,31.58,NA,NA,NA,NA,NA,NA,105.83,46.17,NA,NA,NA,NA,NA,17001.43,300,2.09,NA,135.77000000000001,550.28,106.31,1094.45,NA,1094.45,18095.88,NA,NA,NA,NA,NA,NA,NA,NA,NA,NA,NA,NA,NA,NA,NA,NA,NA,NA,NA,NA,NA
台州银行,2008,8190.76,519.30999999999995,NA,NA,NA,NA,NA,100.45,15052.19,NA,1122.25,0.25,NA,145.41,28.13,NA,NA,56.24,25215,1340,NA,NA,NA,NA,21812.32,37.17,89.6,86.18,NA,NA,NA,153.43,NA,23518.69,900,2.09,NA,147.52000000000001,486.45,160.25,1696.31,NA,1696.31,25215,NA,NA,NA,NA,NA,NA,NA,NA,NA,NA,NA,NA,NA,NA,NA,NA,NA,NA,NA,NA,NA
台州银行,2009,9193.81,905.3,NA,NA,NA,NA,601.69000000000005,133.16999999999999,20802.849999999999,NA,1851.73,0.25,NA,133.97999999999999,32.78,NA,NA,67.900000000000006,33723.480000000003,1184.58,NA,NA,NA,NA,29646.97,2.35,101.23,117.63,NA,NA,NA,249.96,NA,31302.720000000001,900,2.09,NA,219.96,1073.45,225.26,2420.7600000000002,NA,2420.7600000000002,33723.480000000003,NA,NA,NA,NA,NA,NA,NA,NA,NA,NA,NA,NA,NA,NA,NA,NA,NA,NA,NA,NA,NA
台州银行,2010,9716.61,2696.09,NA,NA,NA,NA,3888.19,190.86,28161.78,190,3293.43,0.25,NA,150.68,54.96,2.64,NA,148.27000000000001,48493.77,81.84,30,NA,NA,NA,43610.92,61.85,131.6,192.51,600,NA,NA,236.88,NA,44945.61,1800,2.09,NA,328.74,935.07,320.75,3386.65,161.51,3548.16,48493.77,NA,NA,NA,NA,NA,NA,NA,NA,NA,NA,NA,NA,NA,NA,NA,NA,NA,NA,NA,NA,NA
台州银行,2011,11740.81,5006.29,NA,NA,NA,NA,205.02,261.72000000000003,34834.720000000001,1141.5999999999999,3473.56,0.25,NA,260.33999999999997,55.46,49.66,NA,162.38999999999999,57191.82,2933.13,350,NA,NA,NA,47420.639999999999,74.959999999999994,178.9,288.17,600,NA,NA,394.32,NA,52240.13,1800,2.09,NA,460.02,2045.96,409.57,4717.6400000000003,234.06,4951.7,57191.82,NA,NA,NA,NA,NA,NA,NA,NA,NA,NA,NA,NA,NA,NA,NA,NA,NA,NA,NA,NA,NA
台州银行,2012,14658.26,2268.34,NA,NA,241.34,NA,2343.9699999999998,273.81,43041.7,3150.48,3473.77,0.25,NA,372.11,72.099999999999994,110.87,NA,192.11,70199.08,745.18,125.29,NA,NA,1198,57913.37,98.98,245.59,486.9,2096.04,NA,NA,743.29,NA,63652.63,1800,1.9,NA,599.28,3322.85,481.05,6205.08,341.37,6546.45,70199.08,NA,NA,NA,NA,NA,NA,NA,NA,NA,NA,NA,NA,NA,NA,NA,NA,NA,NA,NA,NA,NA
台州银行,2013,17449.759999999998,2686.38,NA,NA,NA,NA,4369.8100000000004,344.49,52189.27,5636.38,4083.82,0.25,NA,457.01,91.51,199,NA,203.35,87711.03,1149.26,180.07,7.88,NA,887,73700.37,139.83000000000001,378.99,831.3,2097.54,NA,NA,218.3,NA,79590.53,1800,0.91,NA,752.07,4521.3900000000003,586.72,7661.09,459.41,8120.5,87711.03,NA,NA,NA,NA,NA,NA,NA,NA,NA,NA,NA,NA,NA,NA,NA,NA,NA,NA,NA,NA,NA
台州银行,2014,18875.5,2877.49,NA,NA,186.85,NA,1105.82,420.01,65691.66,3749.21,5673.18,NA,2623.49,644.75,93.58,248.13,NA,264.58999999999997,102454.27,665.54,506.88,43.18,NA,1942.08,83295.28,155.87,313.02,1368.83,4087.32,NA,NA,754.1,NA,93132.09,1800,NA,NA,900,4881.46,962.59,8544.0499999999993,778.12,9322.17,102454.27,NA,NA,NA,NA,NA,NA,NA,NA,NA,NA,NA,NA,NA,NA,NA,NA,NA,NA,NA,NA,NA
台州银行,2015,17936.14,3805.92,NA,NA,1305.99,NA,385.25,593.16999999999996,75858.66,7868.28,8354.0400000000009,NA,5929.83,668.13,98.08,324.95,NA,271.20999999999998,123399.65,33.549999999999997,204,272.44,NA,988.8,101493.22,182.29,256.89999999999998,2025.01,6444.9,5.04,NA,1044.32,NA,112950.47,1800,NA,1.65,900,5451.86,1405.18,9558.69,890.5,10449.19,123399.65,NA,NA,NA,NA,NA,NA,NA,NA,NA,NA,NA,NA,NA,NA,NA,NA,NA,NA,NA,NA,NA
吉林九台农商行,2011,3923.7,1958.96,NA,NA,NA,NA,1777.66,21.89,6783.32,200.15,433.2,171.15,NA,338.97,NA,8.57,NA,382.37,15999.93,141.91999999999999,34.31,2.5,NA,NA,13924.01,8.9600000000000009,49.92,143.54,NA,NA,NA,168.64,NA,14473.8,870.5,275.68,NA,69.62,138.59,171.74,1526.13,NA,1526.13,15999.93,NA,NA,NA,NA,NA,NA,NA,NA,NA,NA,NA,NA,NA,NA,NA,NA,NA,NA,NA,NA,NA
吉林九台农商行,2012,6547.37,3491.02,NA,90,297.14,NA,2065.96,26.97,12528.25,260.93,1289.8,276.89999999999998,NA,674.64,0.99,29.52,NA,957.08,28536.58,892.7,44.31,2.5,NA,944,22633.81,17.12,64.36,314.49,697,0,NA,254.57,NA,25864.85,1481.98,627.41,NA,111.64,203.54,247.15,2671.73,NA,2671.73,28536.58,NA,NA,NA,NA,NA,NA,NA,NA,NA,NA,NA,NA,NA,NA,NA,NA,NA,NA,NA,NA,NA
吉林九台农商行,2013,11269.67,3309.33,NA,147,19.27,NA,11102.9,134.69,21253.29,0.15,2225.41,379.96,2866.68,1001.92,1.94,95.27,NA,572.52,55213.14,4581.5,35.880000000000003,8.57,NA,7365.71,36620.61,60.17,192.01,657.16,697.3,NA,NA,271.77999999999997,NA,50490.69,1950.06,1313.9,NA,146.59,440.8,279.13,4130.4799999999996,591.97,4722.45,55213.14,NA,NA,NA,NA,833.14,NA,NA,NA,NA,NA,NA,NA,NA,NA,NA,NA,NA,NA,NA,NA,NA
吉林九台农商行,2014,15605.85,11972.8,NA,140,1282.93,NA,7131,164.01,33417.040000000001,1394.48,774.57,NA,6441.28,1486.48,44.29,155.4,NA,985.63,81854.960000000006,6511.83,203.02,594.63,NA,4677.6000000000004,59771.65,111.42,196.13,1020.22,697.6,4.33,NA,236.91,NA,74025.350000000006,2406.0700000000002,1682.86,0.87,234.01,930.79,477.04,5731.63,2097.98,7829.61,81854.960000000006,NA,NA,NA,NA,859.19,NA,NA,NA,NA,NA,NA,NA,NA,NA,NA,NA,NA,NA,NA,NA,NA
吉林九台农商行,2015,19333.599999999999,18640.150000000001,NA,390,12101.53,NA,17297.439999999999,316.61,46477.43,9047.85,1376.07,121.98,12487.55,2038.1,39.090000000000003,197.82,NA,917.71,141953.32999999999,1868.32,293.57,52.5,NA,23063.5,93302.78,139.97,348.9,1429.9,9074.18,NA,NA,522.52,NA,130096.13,3294.8,3309.13,76.98,354.74,1087.3599999999999,1025.28,9148.2999999999993,2708.9,11857.2,141953.32999999999,NA,NA,NA,NA,1170.4000000000001,NA,NA,NA,NA,NA,NA,NA,NA,NA,NA,NA,NA,NA,NA,NA,NA
吉林银行,2007,9729.6,17.559999999999999,NA,80.22,1086.08,NA,1913.97,96.41,32122.95,600.70000000000005,1478.66,20.88,NA,1327.19,2920.83,357.78,234.76,356.19,53389.79,1246.67,NA,1.5,NA,915.69,46240.74,525.52,152.13999999999999,386.31,NA,105.36,NA,376.12,97.69,50047.74,3422.08,-54.71,NA,NA,-25.32,NA,3342.05,NA,3342.05,53389.79,1046,NA,NA,NA,NA,NA,NA,NA,NA,NA,NA,NA,NA,NA,NA,NA,NA,NA,NA,NA,NA
吉林银行,2008,15003.37,514.85,NA,0.42,4624.47,NA,3911.21,128.06,45782.46,3701.47,1645.68,21.33,NA,1914.84,5194.6899999999996,556.83000000000004,229.96,1016.12,85664.55,1163.83,7.16,0.5,NA,4325.9799999999996,69984.3,696.68,159,833.33,NA,195.72,13.3,1137.7,248.39,78765.899999999994,5306.98,1084.8900000000001,NA,50.67,372.56,83.55,6898.65,NA,6898.65,85664.55,1418.78,NA,NA,NA,NA,NA,NA,NA,NA,NA,NA,NA,NA,NA,NA,NA,NA,NA,NA,NA,NA
吉林银行,2009,16813.46,225.55,4.28,0.2,8307.1200000000008,NA,344.05,351.28,62658.71,5964.17,3838.57,23.25,NA,1956.23,5098.05,506.7,236.89,10.55,108138.05,1131.75,7.16,0.5,NA,11175.51,86176.13,693.59,33.72,752.7,NA,160.08000000000001,NA,91.75,138.74,100361.63,5366.98,1075.8800000000001,NA,133.33000000000001,1116.68,83.55,7776.42,NA,7776.42,108138.05,1798.98,NA,NA,NA,NA,NA,NA,NA,NA,NA,NA,NA,NA,NA,NA,NA,NA,NA,NA,NA,NA
吉林银行,2010,23742.28,747.82,6.94,0.2,2817.04,NA,17162.36,510.66,77405.3,9829.65,5611.4,73.7,NA,2241.35,5001.75,579.17999999999995,235.79,22.72,148080.56,1112.49,7.16,35,NA,17030.96,116655.28,835.4,244.14,1002.77,NA,134.01,NA,113.93,205.25,137376.4,6566.98,1957.31,NA,252.44,1130.58,711.94,10619.25,84.92,10704.16,148080.56,2092.44,NA,NA,NA,NA,NA,NA,NA,NA,NA,NA,NA,NA,NA,NA,NA,NA,NA,NA,NA,NA
吉林银行,2011,32594.86,7170.3,6.94,NA,4441.1000000000004,NA,14876.25,794.62,92201.600000000006,10551.7,11457.56,375.22,NA,2650.52,4906.3500000000004,823.79,244.15,1323.96,186428.03,10405.299999999999,39.409999999999997,370,NA,21407.31,138423.6,968.28,434.22,1470.21,NA,135.11000000000001,NA,103.63,248.37,174005.45,7066.98,1986.74,NA,252.44,1779.94,1057.08,12143.18,279.39999999999998,12422.59,186428.03,2009.12,NA,NA,NA,NA,NA,NA,NA,NA,NA,NA,NA,NA,NA,NA,NA,NA,NA,NA,NA,NA
吉林银行,2012,36912.639999999999,13896,6.94,1107.26,2967.99,NA,16323.59,925.24,107627.53,18997.939999999999,10034.09,391.85,NA,3000.73,4810.62,1098.0899999999999,265.69,52.86,220757.26,20223.91,50,3199.59,NA,16164.02,160110.66,1171.98,580.87,2351.96,2000,139.09,0.62,345.69,240.12,206578.51,7066.98,2009.09,NA,608.36,2802.11,1358.21,13844.75,334,14178.75,220757.26,2338.1799999999998,NA,NA,NA,NA,NA,NA,NA,NA,NA,NA,NA,NA,NA,NA,NA,NA,NA,NA,NA,NA
吉林银行,2013,42099.95,6440.41,6.94,1636.58,2067.11,NA,4724.3,869.58,121643.47,61045.97,9446.65,491.96,NA,2939.45,5045.99,1242.43,257.27999999999997,54.82,262242.84000000003,32747.15,50,984.92,NA,12738.56,191972.74,1194.72,424.31,3435.8,2000,136.12,1.1100000000000001,423.41,264.20999999999998,246373.06,7066.98,1701.74,NA,848.67,3282.8,2583,15483.19,386.6,15869.78,262242.84000000003,2229.9499999999998,NA,NA,NA,NA,NA,NA,NA,NA,NA,NA,NA,NA,NA,NA,NA,NA,NA,NA,NA,NA
吉林银行,2014,46336.15,5102.25,6.94,1385.15,2320.33,NA,3404.91,1007.48,137363.56,67131.39,7365.58,460.56,NA,2986.32,3988.25,1315.63,261.18,55.63,283783.2,31143.25,545,1300,NA,14348.22,208788.84,1072.8399999999999,683.57,4801.16,2000,165.54,2.3199999999999998,316.32,246.53,265413.59999999998,7066.98,2006.2,76.16,1112.69,4477.1499999999996,3122.15,17861.330000000002,508.27,18369.599999999999,283783.2,3291.89,NA,NA,NA,NA,NA,NA,NA,NA,NA,NA,NA,NA,NA,NA,NA,NA,NA,NA,NA,NA
吉林银行,2015,45456.25,9587.24,6.94,310.04000000000002,2597.77,NA,13942.35,1600.98,154682.76,112695.09,8304.57,NA,NA,3071.97,360.35,1316.64,256.12,3344.55,357533.63,52239.68,NA,1400.3,NA,38276.6,232257.46,863.26,432.8,5497.08,4000,275.35000000000002,2.1,1272.46,NA,336905.23,7066.98,2006.2,419.46,1367.51,5840.69,3382.48,20083.310000000001,545.08000000000004,20628.400000000001,357533.63,NA,NA,NA,NA,NA,NA,NA,NA,NA,NA,NA,NA,NA,NA,NA,NA,NA,NA,NA,NA,NA
哈尔滨银行,2005,2374.19,214.01,NA,NA,NA,NA,NA,NA,NA,NA,NA,NA,NA,430.6,4,NA,NA,NA,30796.89,1812.02,NA,NA,NA,1300.42,NA,0.56999999999999995,20.11,NA,NA,NA,NA,NA,NA,29917.13,572.32000000000005,4.09,NA,240.46,72.25,NA,889.13,NA,889.13,30796.89,NA,NA,NA,NA,NA,NA,NA,NA,NA,NA,NA,NA,NA,NA,NA,NA,NA,NA,NA,NA,NA
哈尔滨银行,2006,3575.01,227.02,NA,NA,NA,NA,NA,NA,NA,NA,NA,NA,NA,434.56,4.84,NA,NA,650.49,43705.13,2993.37,NA,NA,NA,5219.0200000000004,NA,0.95,NA,NA,NA,NA,NA,NA,NA,41694.800000000003,1615.64,4.09,NA,296.86,103.1,NA,2019.69,NA,2019.69,43705.13,NA,NA,NA,NA,NA,NA,NA,NA,NA,NA,NA,NA,NA,NA,NA,NA,NA,NA,NA,NA,NA
哈尔滨银行,2007,6083.8,376.44,NA,NA,NA,NA,NA,442.25,NA,NA,NA,NA,NA,463.02,11.72,NA,NA,NA,52193,3246.22,NA,NA,NA,5706.59,NA,0.86,71.22,163.79,NA,NA,NA,NA,NA,49798.47,1615.64,4.09,NA,202.06,194.83,377.9,2394.52,NA,2394.52,52193,NA,NA,NA,NA,NA,NA,NA,NA,NA,NA,NA,NA,NA,NA,NA,NA,NA,NA,NA,NA,NA
哈尔滨银行,2008,9139.31,2233.86,NA,NA,115.72,NA,9696.26,543.80999999999995,32979.279999999999,18.87,5878.62,24.84,813.27,701.12,13.68,93.18,NA,1063.54,63315.38,1765.99,16.420000000000002,2.34,NA,3717.14,53079.519999999997,15.43,287.3,268.25,NA,0.16,NA,985.94,NA,60138.5,1615.64,0.98,NA,293.52999999999997,864.83,401.89,3176.88,NA,3176.88,63315.38,NA,NA,NA,NA,NA,NA,NA,NA,NA,NA,NA,NA,NA,NA,NA,NA,NA,NA,NA,NA,NA
哈尔滨银行,2009,11951.18,8147.72,NA,NA,2776.96,NA,8741.65,644.57000000000005,42844.58,6,5949.1,24.84,1008.77,919.66,27.92,63.38,NA,1499.49,84605.8,3091.23,NA,2.34,NA,0.14000000000000001,74996.89,23.76,-25.74,299.26,1000,2.2000000000000002,NA,1335.14,NA,80725.22,2100.33,1.74,NA,373.55,839.08,565.88,3880.58,NA,3880.58,84605.8,NA,NA,NA,NA,NA,NA,NA,NA,NA,NA,NA,NA,NA,NA,NA,NA,NA,NA,NA,NA,NA
哈尔滨银行,2010,23413.22,9447.94,NA,310,5318.63,NA,17863.46,817.41,53200.49,2838.34,5862.04,24.84,4205.58,1621.64,29.33,93.2,NA,2123.9699999999998,127170.08,2651.89,NA,2.34,NA,2871.73,112891.63,29.03,181.34,396.88,1000,0.93,NA,1900.34,NA,121926.1,2100.33,-23.92,NA,504.8,1898.67,694.54,5174.43,69.55,5243.98,127170.08,NA,NA,NA,NA,NA,NA,NA,NA,NA,NA,NA,NA,NA,NA,NA,NA,NA,NA,NA,NA,NA
哈尔滨银行,2011,30935.73,15407.04,NA,500,4780.8100000000004,NA,49973.57,1788.24,63973.03,5326.54,12286.78,1026.52,13635.51,3427.52,35.6,190.17,NA,352.31,203639.4,15003.67,174.76,2.34,NA,27972.52,145962.43,238.72,306.72000000000003,1014.42,1000,23.16,NA,410.28,NA,192109.03,6187.82,2267.11,NA,675.91,1304.46,950.33,11385.62,144.75,11530.37,203639.4,NA,NA,NA,NA,NA,NA,NA,NA,NA,NA,NA,NA,NA,NA,NA,NA,NA,NA,NA,NA,NA
哈尔滨银行,2012,51858.51,17058.310000000001,NA,2888.5,7878.96,NA,51745.65,2075.61,85298.08,8244.2999999999993,12323.53,1017.01,22733.33,2397.33,71.680000000000007,258.31,NA,4241.04,270090.15000000002,32861.980000000003,594.86,2204.8200000000002,NA,22832.65,188099.14,336.14,448.81,1601.19,3500,NA,NA,673.59,NA,253153.17,7560.2,4222.1000000000004,-16.649999999999999,869.69,3179.09,950.33,16764.740000000002,172.24,16936.98,270090.15000000002,NA,NA,NA,NA,NA,NA,NA,NA,NA,NA,NA,NA,NA,NA,NA,NA,NA,NA,NA,NA,NA
哈尔滨银行,2013,51552.09,29471.19,NA,4400,2512.2600000000002,NA,51110.95,1893.1,103515.01,7914.11,17080.810000000001,963.96,43528.67,2816.19,54.35,333.86,NA,5028.88,322175.44,49879.74,787.2,679.62,NA,19091.169999999998,224229.63,420.78,452.16,2493.21,3500,NA,NA,714.64,NA,302248.15000000002,8246.9,4220.3500000000004,-230.77,1190.02,4030.71,2270.34,19727.54,199.75,19927.29,322175.44,NA,NA,NA,NA,NA,NA,NA,NA,NA,NA,NA,NA,NA,NA,NA,NA,NA,NA,NA,NA,NA
哈尔滨银行,2014,53871.040000000001,24733.49,NA,3473.75,1912.55,NA,37267.47,2414.0500000000002,121014.26,15934.6,19655.689999999999,1045.49,49144.61,3449.98,79.540000000000006,460.37,NA,5024.29,343641.62,54611.54,1716.91,3412.3,0.6,6002.52,233793.79,453.84,709.97,3485.07,4498.1899999999996,NA,NA,1394.26,3400,313479,10995.6,7637.33,17.559999999999999,1547.37,5487.06,3845.36,29530.28,632.35,30162.62,343641.62,4160.43,NA,NA,NA,NA,NA,NA,NA,NA,NA,NA,NA,NA,NA,NA,NA,NA,NA,NA,NA,NA
哈尔滨银行,2015,54566.09,30035.06,NA,NA,2840.04,19.29,51027.89,NA,145061.51999999999,NA,NA,NA,NA,8735.4599999999991,NA,649.44000000000005,NA,4171.84,444851.27,NA,764.25,NA,23.91,12145,306817.67,NA,507.73,NA,23269.88,NA,NA,7308.01,60166.86,411003.31,10995.6,NA,NA,NA,8183.05,NA,33099.599999999999,748.36,33847.96,444851.27,147744.63,NA,NA,NA,NA,NA,NA,NA,NA,NA,NA,NA,NA,NA,NA,NA,NA,NA,NA,NA,NA
嘉兴银行,2006,1265.99,848.56,NA,NA,NA,NA,NA,NA,NA,NA,NA,NA,NA,NA,7.06,NA,NA,NA,9138.08,5.28,NA,NA,NA,NA,NA,NA,43.24,NA,NA,NA,NA,NA,NA,8610.83,375,78.180000000000007,NA,25.04,49.03,NA,527.25,NA,527.25,9138.08,NA,NA,NA,NA,NA,NA,NA,NA,NA,NA,NA,NA,NA,NA,NA,NA,NA,NA,NA,NA,NA
嘉兴银行,2007,1737.21,1118.46,NA,NA,NA,NA,NA,NA,NA,NA,NA,NA,NA,NA,6.85,NA,NA,NA,11770.04,0.14000000000000001,NA,NA,NA,NA,NA,NA,NA,NA,NA,NA,NA,NA,NA,10929.21,525,138.18,NA,38.07,59.08,80.5,840.83,NA,840.83,11770.04,NA,NA,NA,NA,NA,NA,NA,NA,NA,NA,NA,NA,NA,NA,NA,NA,NA,NA,NA,NA,NA
嘉兴银行,2008,2042.14,826.35,NA,NA,NA,NA,NA,0.4,8755.7000000000007,30,1671.81,NA,NA,156.02000000000001,6.65,61.47,NA,554.72,14105.27,0.39,NA,NA,NA,NA,12638.59,49.52,84.93,200.84,NA,NA,NA,192.64,NA,13166.91,525,138.18,NA,67.78,126.9,80.5,938.36,NA,938.36,14105.27,NA,NA,NA,NA,NA,NA,NA,NA,NA,NA,NA,NA,NA,NA,NA,NA,NA,NA,NA,NA,NA
嘉兴银行,2009,2219.7399999999998,534.61,NA,NA,107.07,NA,NA,85.15,10973.99,1110.97,2265.7600000000002,NA,NA,166.88,6.45,44.49,NA,305.43,17820.54,0.27,NA,NA,NA,NA,15943.57,49.75,59.17,201.92,350,0.08,NA,148.52000000000001,NA,16753.29,525,116.46,NA,80.47,247.19,98.13,1067.25,NA,1067.25,17820.54,NA,NA,NA,NA,NA,0,NA,NA,NA,NA,NA,NA,NA,NA,NA,NA,NA,NA,NA,NA,NA
嘉兴银行,2010,4204.8,142.86000000000001,NA,NA,NA,NA,503.25,89.97,13566.33,149.96,3665.74,0.25,NA,173.17,60.74,67.709999999999994,NA,456.65,23081.42,148.75,NA,NA,NA,NA,20000.27,67.8,105.12,202.04,350,NA,NA,911.45,NA,21785.42,525,138.18,NA,100.78,395.91,136.13,1296,NA,1296,23081.42,NA,NA,NA,NA,NA,NA,NA,NA,NA,NA,NA,NA,NA,NA,NA,NA,NA,NA,NA,NA,NA
嘉兴银行,2011,4948.16,438.33,NA,215,NA,NA,962.25,145.79,16659.47,1685.46,2533.4299999999998,58.08,NA,190.19,58.95,111.7,NA,765.35,28772.17,34.1,NA,NA,NA,1307.6199999999999,24205.17,144.84,132.22999999999999,232.67,349.7,NA,NA,69.5,NA,26475.84,1015.27,403.41,NA,187.53,527.12,163,2296.33,NA,2296.33,28772.17,NA,NA,NA,NA,NA,NA,NA,NA,NA,NA,NA,NA,NA,NA,NA,NA,NA,NA,NA,NA,NA
嘉兴银行,2012,6389.7,1102.44,NA,244.86,NA,NA,102.6,172.65,19562.72,2120.5100000000002,2632.57,61.46,200,217.23,56.1,139.35,NA,215.54,33217.730000000003,653.32000000000005,NA,427.34,NA,500,27937.22,163.02000000000001,157.9,356.74,349.82,NA,NA,76.959999999999994,NA,30622.31,1015.27,436.07,NA,243.99,685.53,214.57,2595.4299999999998,NA,2595.4299999999998,33217.730000000003,NA,NA,NA,NA,NA,NA,NA,NA,NA,NA,NA,NA,NA,NA,NA,NA,NA,NA,NA,NA,NA
嘉兴银行,2013,7261.35,556.54999999999995,NA,135.6,NA,NA,286.52,218.52,22426.78,2172.33,2957.12,0.25,970,230.81,53.54,156.25,NA,477.33,37902.949999999997,958.97,325,34.049999999999997,NA,419.5,32130.95,151.28,32.49,574.64,349.93,NA,NA,100.89,NA,35077.699999999997,1015.27,380.45,NA,293.44,682.79,351.32,2723.28,101.96,2825.25,37902.949999999997,NA,NA,NA,NA,NA,NA,NA,NA,NA,NA,NA,NA,NA,NA,NA,NA,NA,NA,NA,NA,NA
嘉兴银行,2014,7237.42,1009.81,NA,NA,40.409999999999997,NA,637.53,230.71,23205.64,3034.04,2856.72,NA,1524.89,252.5,55.22,227.98,NA,420.59,40733.449999999997,1777.49,25,100,NA,1927.5,31884.22,171.26,71.72,678.99,999.05,NA,NA,88.37,NA,37723.599999999999,1015.27,419.56,31.2,320.5,703.82,418.28,2908.64,101.21,3009.85,40733.449999999997,NA,NA,NA,NA,NA,NA,NA,NA,NA,NA,NA,NA,NA,NA,NA,NA,NA,NA,NA,NA,NA
嘉兴银行,2015,6455.52,739.25,NA,NA,1952.59,NA,417.73,213.34,25342.13,8015.87,2698.43,NA,3421.19,254.33,51.41,147.63999999999999,NA,348.74,50058.16,7659.2,50,NA,NA,1255.5,33804.33,239.23,-34.409999999999997,870.64,2582.63,NA,NA,88.44,NA,46768.59,1421.38,13.45,96.82,345.97,825.35,473.35,3176.34,113.24,3289.58,50058.16,NA,253.03,NA,NA,NA,NA,NA,NA,NA,NA,NA,NA,NA,NA,NA,NA,NA,NA,NA,NA,NA
大同市商业银行,2006,1685.24,753,NA,NA,NA,NA,NA,NA,NA,NA,NA,NA,NA,NA,1.93,NA,NA,NA,11057.87,140.35,NA,NA,NA,1476.2,NA,NA,5.12,NA,NA,NA,NA,NA,NA,10863.97,164.29,0.89,NA,32.369999999999997,-3.64,NA,193.9,NA,193.9,11057.87,NA,NA,NA,NA,NA,NA,NA,NA,NA,NA,NA,NA,NA,NA,NA,NA,NA,NA,NA,NA,NA
大同市商业银行,2007,3684.7,257.83999999999997,NA,NA,NA,NA,NA,NA,5302.55,NA,NA,1994.08,NA,207.37,1.64,NA,NA,23.4,11492.67,4.88,NA,NA,NA,NA,10683.77,0.11,17.39,NA,NA,NA,NA,NA,154.43,10860.58,564.29,0.89,NA,39.270000000000003,27.63,NA,632.08000000000004,NA,632.08000000000004,11492.67,21.09,NA,NA,NA,NA,NA,NA,NA,NA,NA,NA,NA,NA,NA,NA,NA,NA,NA,NA,NA,NA
大同市商业银行,2008,4225.6499999999996,1489.26,NA,33.700000000000003,NA,NA,NA,NA,5309.33,NA,NA,2077.48,NA,205.14,2.61,NA,NA,17.43,13960.98,429.39,NA,NA,NA,NA,12664.43,0.05,17.16,NA,NA,NA,NA,1.24,211.75,13324.03,564.29,0.89,NA,43.63,28.14,NA,636.95000000000005,NA,636.95000000000005,13960.98,600.38,NA,NA,NA,NA,NA,NA,NA,NA,NA,NA,NA,NA,NA,NA,NA,NA,NA,NA,NA,NA
大同市商业银行,2009,5060.41,1054.53,NA,33.700000000000003,NA,NA,1077.55,67.33,6308.53,1287.82,500,25.25,NA,201.16,1.06,0.35,NA,1380.59,16998.259999999998,405.74,NA,NA,NA,NA,15741.31,0.47,7.11,155.22,NA,NA,NA,39.049999999999997,NA,16348.89,564.29,-0.17,NA,49.71,35.54,NA,649.37,NA,649.37,16998.259999999998,NA,NA,NA,NA,NA,NA,NA,NA,NA,NA,NA,NA,NA,NA,NA,NA,NA,NA,NA,NA,NA
大同市商业银行,2010,5480.44,1567.24,NA,33.700000000000003,NA,NA,NA,66.61,7335.86,874.27,500,25.25,NA,217.25,1.19,3.53,NA,3745.28,19850.63,405.06,NA,NA,NA,NA,18447.68,7.0000000000000007E-2,24.47,178.74,NA,NA,NA,26.35,NA,19082.37,649.04,5.54,NA,59.87,53.82,NA,768.26,NA,768.26,19850.63,NA,NA,NA,NA,NA,NA,NA,NA,NA,NA,NA,NA,NA,NA,NA,NA,NA,NA,NA,NA,NA
大同市商业银行,2011,5995.02,3193.48,NA,33.700000000000003,NA,NA,NA,34.94,8332.3700000000008,775.18,NA,25.25,NA,238.82,1.86,3.09,NA,3597.72,22231.439999999999,404.77,NA,NA,NA,NA,20741.03,0.04,8.49,259.5,NA,NA,NA,39,NA,21452.82,649.04,6.86,NA,67.510000000000005,45.21,10,778.61,NA,778.61,22231.439999999999,NA,NA,NA,NA,NA,NA,NA,NA,NA,NA,NA,NA,NA,NA,NA,NA,NA,NA,NA,NA,NA
大同市商业银行,2012,10880.17,116.54,NA,NA,NA,NA,NA,48.15,9730.24,689.45,NA,25.25,3421.7,91.63,4.12,152.91,NA,481.58,25641.73,403.99,NA,NA,NA,NA,23797.15,14.35,16.989999999999998,392.45,NA,NA,NA,32.950000000000003,NA,24657.88,649.04,14.68,NA,81.23,78.900000000000006,160,983.85,NA,983.85,25641.73,NA,NA,NA,NA,NA,NA,NA,NA,NA,NA,NA,NA,NA,NA,NA,NA,NA,NA,NA,NA,NA
大同市商业银行,2013,10892.27,141.36000000000001,NA,NA,NA,NA,NA,46.69,11465.77,847.24,NA,25.25,3285,133.47,2.2999999999999998,159.58000000000001,NA,470.27,27469.19,403.77,NA,NA,NA,NA,25312.66,15.09,1.35,556.24,NA,NA,NA,52.59,NA,26341.69,649.04,-1.62,NA,106.21,213.87,160,1127.5,NA,1127.5,27469.19,NA,NA,NA,NA,NA,NA,NA,NA,NA,NA,NA,NA,NA,NA,NA,NA,NA,NA,NA,NA,NA
大同市商业银行,2014,7900.21,1210.2,NA,NA,NA,NA,NA,91.75,13096.36,1383.07,NA,NA,NA,181.31,3.22,160.41,NA,4040.72,28067.24,NA,NA,NA,NA,NA,25954.68,0,10.96,689.78,NA,4.49,NA,42.65,NA,26717.919999999998,649.04,16.14,13.47,147.26,280.01,243.4,1349.32,NA,1349.32,28067.24,NA,NA,NA,NA,NA,NA,NA,NA,NA,NA,NA,NA,NA,NA,NA,NA,NA,NA,NA,NA,NA
天津滨海农商行,2008,NA,NA,NA,NA,NA,NA,NA,NA,NA,NA,NA,NA,NA,NA,NA,NA,NA,NA,21493.01,NA,NA,NA,NA,NA,NA,NA,NA,NA,NA,NA,NA,NA,NA,NA,NA,NA,NA,NA,NA,NA,2482.5100000000002,NA,2482.5100000000002,21493.01,NA,NA,NA,NA,NA,NA,NA,NA,NA,NA,NA,NA,NA,NA,NA,NA,NA,NA,NA,NA,NA
天津滨海农商行,2009,3927.41,1236.57,NA,NA,2046.51,NA,NA,132.27000000000001,18989.080000000002,2545.4499999999998,3159.61,NA,NA,382.79,7.52,60.7,NA,0,32615.82,203.19,NA,NA,NA,1220,27266.799999999999,92.24,17.47,206.96,NA,6.67,NA,39.869999999999997,89.1,29142.28,2821.08,13.61,NA,106.67,153.09,332.45,3426.91,46.63,3473.54,32615.82,127.93,NA,NA,NA,NA,NA,NA,NA,NA,NA,NA,NA,NA,NA,NA,NA,NA,NA,NA,NA,NA
天津滨海农商行,2010,6603.25,727.4,NA,NA,2393.96,NA,450,186.88,23015.8,3819.51,2910.47,50,NA,404.25,8.7799999999999994,128.88999999999999,NA,0,40805.339999999997,148.53,80,NA,NA,NA,35250.57,125.88,126.58,259.44,NA,NA,NA,69.52,90.12,36150.65,3796.28,-31.1,NA,155.75,324.44,354.83,4600.2,54.5,4654.6899999999996,40805.339999999997,106.15,NA,NA,NA,NA,NA,NA,NA,NA,NA,NA,NA,NA,NA,NA,NA,NA,NA,NA,NA,NA
天津滨海农商行,2011,7900.21,713.71,NA,680,3273.39,NA,1024.4000000000001,209.06,27704.21,2737.54,2580.71,50,NA,373.95,14.92,141.77000000000001,NA,51.4,47578.13,2651.78,80,70,NA,NA,38682.639999999999,101.6,78.44,362.4,NA,5.63,NA,74.78,129.13,42236.4,4046.28,14.68,NA,216.65,507.72,437.51,5222.83,118.9,5341.73,47578.13,122.86,NA,NA,NA,NA,NA,NA,NA,NA,NA,NA,NA,NA,NA,NA,NA,NA,NA,NA,NA,NA
天津滨海农商行,2012,8936.52,873.14,NA,NA,2080.8200000000002,NA,NA,248.79,31411.98,1606.16,6732.4,50,6207.44,493.21,13.75,175.37,NA,52.67,59021.02,1992.15,90,500,NA,1818,45772.3,99.62,74.569999999999993,624.92999999999995,NA,5.36,NA,1739.91,151.41,52868.25,4447.59,2.8,NA,282.77,676.74,484.12,5894.01,258.76,6152.77,59021.02,138.79,NA,NA,NA,NA,0,NA,NA,NA,NA,NA,NA,NA,NA,NA,NA,NA,NA,NA,NA,NA
天津滨海农商行,2013,13907.36,3061.02,NA,NA,2963.49,NA,4420,366.71,38684.74,1592.9,6587.19,105,15249.13,548.69000000000005,12.09,297.14,NA,7.07,87941.92,14555.36,170,110,NA,3570.3,57054.46,163.52000000000001,184.07,856.29,2500,NA,NA,1700,264.36,81128.36,4447.59,-54.36,NA,368.69,1011.64,752.54,6526.1,287.45999999999998,6813.56,87941.92,139.38999999999999,NA,NA,NA,NA,NA,NA,NA,NA,NA,NA,NA,NA,NA,NA,NA,NA,NA,NA,NA,NA
天津滨海农商行,2014,13501.77,3539.95,NA,1610,2347.5,NA,4203.09,320.64999999999998,44434.01,996.51,10268.06,NA,15349.44,544.37,16.559999999999999,368.34,NA,660.83,98161.09,13370.5,250,960.19,NA,7074.99,62453.9,144.26,121.43,1338.47,4000,1.41,NA,835.87,112.07,90663.1,4447.59,3.09,NA,445.97,715.87,1348.82,6961.34,536.65,7497.99,98161.09,NA,NA,NA,NA,NA,NA,NA,NA,NA,NA,NA,NA,NA,NA,NA,NA,NA,NA,NA,NA,NA
天津滨海农商行,2015,14286.09,22415.09,NA,1200,319.54000000000002,NA,300,352.63,53385.46,916.58,8896.3700000000008,NA,26568.55,663.51,18.09,452.01,NA,142.91,129916.83,31079.59,1085.5,900,NA,2353.6,75169.8,143.84,211.19,1807.47,5500,4.99,NA,992.37,0.1,119248.46,5460.2,1337.1,NA,526.26,1437.31,1372.56,10133.44,534.92999999999995,10668.37,129916.83,NA,NA,NA,NA,NA,NA,NA,NA,NA,NA,NA,NA,NA,NA,NA,NA,NA,NA,NA,NA,NA
天津银行,2006,9713.92,379.5,NA,NA,NA,NA,NA,NA,NA,NA,NA,NA,NA,NA,0.39,NA,NA,NA,81163.66,353.7,NA,NA,NA,NA,NA,NA,NA,NA,NA,NA,NA,NA,NA,76034.149999999994,2478.13,979.54,NA,1181.71,490.13,NA,5129.5,NA,5129.5,81163.66,NA,NA,NA,NA,NA,NA,NA,NA,NA,NA,NA,NA,NA,NA,NA,NA,NA,NA,NA,NA,NA
天津银行,2007,15207.63,474.72,NA,NA,NA,NA,NA,NA,NA,NA,NA,NA,NA,NA,7.65,NA,NA,12.6,102711.53,705.39,NA,NA,NA,NA,NA,NA,144.33000000000001,NA,NA,NA,NA,NA,NA,97170.57,2478.13,979.54,NA,1321.6,761.69,NA,5540.96,NA,5540.96,102711.53,NA,NA,NA,NA,NA,NA,NA,NA,NA,NA,NA,NA,NA,NA,NA,NA,NA,NA,NA,NA,NA
天津银行,2008,18057.14,1171,NA,310,7388.35,NA,5444.91,833.46,48153.15,29989.72,8226.92,8.6,1840.76,1209.04,NA,45.57,NA,156.51,122835.13,65.97,NA,8200.2199999999993,NA,4516,99810.76,356.5,227.98,1005.16,NA,NA,141.57,503.73,NA,114827.89,2725.94,1711.45,NA,795.76,1753.26,969.19,7955.59,51.65,8007.24,122835.13,NA,NA,NA,NA,NA,NA,NA,NA,NA,NA,NA,NA,NA,NA,NA,NA,NA,NA,NA,NA,NA
天津银行,2009,24312.240000000002,3134.52,NA,2266.52,7912.9,NA,5324.2,814.41,61793.23,28093.08,11914.89,8.6,2277.41,853.51,NA,418.63,NA,545.79999999999995,149669.95000000001,84.12,NA,6988.28,NA,1692.8,128334.98,265.27999999999997,227.61,851.52,1496.83,NA,225.28,1176.6600000000001,NA,141343.35999999999,2725.94,993.55,NA,926.57,2548.92,1079.19,8274.17,52.42,8326.59,149669.95000000001,NA,NA,NA,NA,NA,NA,NA,NA,NA,NA,NA,NA,NA,NA,NA,NA,NA,NA,NA,NA,NA
天津银行,2010,33647.89,14765.4,NA,3182.41,8061.23,NA,5758.7,897.45,75764.259999999995,18849.240000000002,25258.3,58.6,15486.62,1052.1500000000001,NA,714.49,110.39,242.62,203849.76,7750.31,NA,11176.35,NA,14985.4,153451.73000000001,221.86,259.87,951.38,1516.26,NA,434.3,2189.02,NA,192936.5,3248.93,1326.26,NA,1098.8499999999999,3993.65,1189.19,10856.88,56.38,10913.26,203849.76,NA,NA,NA,NA,NA,NA,NA,NA,NA,NA,NA,NA,NA,NA,NA,NA,NA,NA,NA,NA,NA
天津银行,2011,41823.26,12434.18,NA,8111.48,5445.78,NA,4043.3,1150.56,92938.72,16106.64,25095.74,58.6,25885.29,1159.9100000000001,29.44,722.2,170.42,184.47,235359.98,26247.97,56.63,11309.38,NA,13233.03,164724.64000000001,260.57,388.82,1750.52,1536.99,NA,359.92,1169.74,NA,221038.22,3768.39,2096.41,NA,1310.75,5588.36,1499.05,14262.96,58.81,14321.77,235359.98,NA,NA,NA,NA,NA,NA,NA,NA,NA,NA,NA,NA,NA,NA,NA,NA,NA,NA,NA,NA,NA
天津银行,2012,47558.080000000002,37025.03,NA,2391.8000000000002,5448.99,NA,9582.07,1088.3900000000001,118767.29,11356.14,22607.439999999999,58.6,44003.7,1324.09,56.98,919.82,NA,157.6,302346.02,47043.75,160,11071.22,NA,16749.3,201316.2,296.94,385.71,2329.3200000000002,4259.1099999999997,NA,366.24,1608.44,NA,285586.25,4123.2700000000004,1730.05,NA,1573.96,7710.7,1560.48,16698.46,61.31,16759.77,302346.02,NA,NA,NA,NA,NA,NA,NA,NA,NA,NA,NA,NA,NA,NA,NA,NA,NA,NA,NA,NA,NA
天津银行,2013,56774.01,16453.009999999998,NA,3803.62,4764.3500000000004,NA,71893.179999999993,1413.42,144139.04,13482.37,21360.61,58.6,68389.48,1520.67,63.42,1029.1600000000001,NA,542.09,405687.01,110363.74,350,5477.46,NA,11080.7,246213.86,361.44,466.17,4544.41,4279.2700000000004,NA,481.17,2619.3200000000002,NA,386237.54,4123.2700000000004,1384.31,NA,1914.62,8939.5,2872.52,19234.21,215.26,19449.48,405687.01,NA,NA,NA,NA,NA,NA,NA,NA,NA,NA,NA,NA,NA,NA,NA,NA,NA,NA,NA,NA,NA
天津银行,2014,62689.2,31685,NA,9574.69,7512.18,NA,80050.67,2233.39,166461.32999999999,13575.52,26233.88,NA,76078.63,1532.85,65.75,915.72,NA,250.26,478859.08,122321.75,405.91,10905.08,NA,13856,283413.62,424.3,680.64,6165.13,2697.11,NA,580.57000000000005,8519.0300000000007,NA,449969.14,5126.05,5990.76,29.25,2356.35,10290.030000000001,4879.7299999999996,28672.17,217.77,28889.94,478859.08,NA,NA,NA,NA,NA,NA,NA,NA,NA,NA,NA,NA,NA,NA,NA,NA,NA,NA,NA,NA,NA
天津银行,2015,62107.21,30817.89,NA,13421.17,5952.09,NA,70328.37,NA,179570.91,17864.41,31683.99,NA,147958.62,1739.65,NA,1144.44,NA,3078.98,565667.73,148732.65,237.36,4283.63,NA,14557.25,334691.03000000003,NA,701.1,NA,13903.77,NA,NA,15313.24,NA,532420.03,5126.05,5990.76,NA,2563.02,13358.2,NA,33023.65,224.05,33247.699999999997,565667.73,NA,NA,NA,NA,NA,NA,NA,NA,NA,NA,NA,NA,5985.62,NA,NA,NA,NA,NA,NA,NA,NA
宁波通商银行,2009,119.05,1035.98,NA,528.07000000000005,22.06,NA,NA,5.58,414.76,NA,NA,NA,NA,5.78,1.05,NA,NA,1.45,2133.7800000000002,5.0999999999999996,NA,NA,NA,NA,1283.1099999999999,0.76,1.99,0.24,NA,0.39,NA,1.48,NA,1293.06,839.33,NA,NA,NA,117.11,19.79,840.72,NA,840.72,2133.7800000000002,NA,NA,-196.13,NA,NA,NA,NA,NA,NA,NA,NA,NA,60.62,NA,NA,NA,NA,NA,NA,NA,NA
宁波通商银行,2010,77.92,742,NA,630.79,20.73,NA,NA,4.79,660.43,NA,NA,NA,NA,4.33,1.1000000000000001,NA,NA,7.84,2149.9299999999998,4.4400000000000004,NA,NA,NA,NA,1196.1300000000001,0.47,4.26,0.25,NA,0.22,NA,10.08,NA,1215.8399999999999,839.33,NA,NA,NA,225.44,20.34,934.09,NA,934.09,2149.9299999999998,NA,NA,-223.5,NA,NA,NA,NA,NA,NA,NA,NA,NA,72.48,NA,NA,NA,NA,NA,NA,NA,NA
宁波通商银行,2011,84.78,476.75,NA,818.86,NA,NA,NA,8.9600000000000009,389.11,NA,NA,NA,NA,4.66,0.82,NA,NA,64.83,1848.75,19.41,NA,NA,NA,NA,1000.97,1.17,4.04,0.22,NA,NA,NA,47.15,NA,1072.96,639.22,119.65,NA,NA,NA,16.920000000000002,775.8,NA,775.8,1848.75,NA,NA,NA,NA,NA,NA,NA,NA,NA,NA,NA,NA,NA,NA,NA,NA,NA,NA,NA,NA,NA
宁波通商银行,2012,1957.95,3765,NA,1523.95,176.15,NA,142.5,64.290000000000006,2866.69,NA,80.209999999999994,NA,6779.7,273.74,17.72,22.24,NA,383.14,18053.27,7116.53,NA,NA,NA,NA,6004.44,44.56,1.04,59.26,NA,NA,NA,4127.58,NA,17353.419999999998,639.22,120.74,NA,NA,-77.03,16.920000000000002,699.85,NA,699.85,18053.27,NA,NA,NA,NA,NA,NA,NA,NA,NA,NA,NA,NA,NA,NA,NA,NA,NA,NA,NA,NA,NA
宁波通商银行,2013,3636.55,2697.94,NA,1448.72,855.07,NA,1103.75,344.62,9719.74,346.02,3117.26,NA,14907,272.02,25.53,12.15,NA,378.26,38864.620000000003,16655.63,NA,150,NA,2035.2,14290.7,99.89,17.420000000000002,199.75,NA,NA,2.6,17.899999999999999,NA,33469.089999999997,5220,109.83,NA,4.88,43.9,16.920000000000002,5395.53,NA,5395.53,38864.620000000003,NA,NA,NA,NA,NA,NA,NA,NA,NA,NA,NA,NA,NA,NA,NA,NA,NA,NA,NA,NA,NA
宁波通商银行,2014,5203.93,1244.04,NA,1744,1257.3599999999999,NA,NA,404.13,15517.5,1119.7,2747.81,NA,13987.36,261.8,37.380000000000003,61.39,NA,111.42,43697.83,12511.07,229.76,250.64,NA,1703.7,22812.13,152.03,74.23,203.39,NA,14.41,2.9,29.3,NA,37983.57,5220,112.18,33,33.22,298.94,16.920000000000002,5714.26,NA,5714.26,43697.83,NA,NA,NA,NA,NA,NA,NA,0,NA,NA,NA,NA,NA,NA,NA,NA,NA,NA,NA,NA,NA
宁波通商银行,2015,5533.39,1584.6,NA,1520.96,1088.47,NA,329,366.3,18516.689999999999,1126.08,2649.73,NA,16973.580000000002,246.58,36.93,161.15,NA,162.19999999999999,50295.67,8216.9500000000007,NA,712,NA,3372.51,27293.68,236.71,55.36,176.9,NA,29.08,2.2999999999999998,56.6,3973.6,44125.69,5220,111.43,52.07,76.959999999999994,402.61,306.92,6169.98,NA,6169.98,50295.67,NA,NA,NA,NA,NA,NA,NA,NA,NA,NA,NA,NA,NA,NA,NA,NA,NA,NA,NA,NA,NA
宁波银行,2004,4115.26,902.88,NA,14,NA,NA,NA,155.09,16961.07,1360.15,9275.33,8.25,NA,502.73,14.88,104.21,190.6,633.54999999999995,34238,50.29,NA,NA,NA,2028.5,29755.06,35.11,17.239999999999998,63.3,NA,17.899999999999999,NA,526.97,NA,32494.37,1800,-2.78,NA,25.82,-79.41,NA,1743.63,NA,1743.63,34238,NA,NA,NA,NA,NA,NA,NA,0,NA,NA,NA,NA,NA,0,NA,NA,NA,NA,NA,NA,NA
宁波银行,2005,4507.75,1510.64,NA,7,NA,NA,NA,174.51,19284.91,2008.15,13447.63,8.25,NA,529.48,14.67,57.28,159.47999999999999,719.61,42429.35,38.83,NA,36.770000000000003,NA,1600,37521.24,111.17,150.25,109.59,NA,17.07,NA,657.25,NA,40242.18,1800,-0.02,NA,84.7,302.49,NA,2187.17,NA,2187.17,42429.35,NA,NA,NA,NA,NA,0,NA,0,NA,NA,NA,NA,NA,NA,NA,NA,NA,NA,NA,NA,NA
宁波银行,2006,7527.71,970.79,NA,NA,NA,NA,3337.54,251.16,27762.61,470.91,13715.87,8.25,NA,572.84,10.98,41.36,163.74,1712.49,56546.23,138.58000000000001,NA,NA,NA,5000,46191.4,129.09,88.94,169.79,NA,21.01,NA,1611.25,NA,53350.05,2050,336.91,NA,147.91,590.39,70.97,3196.18,NA,3196.18,56546.23,NA,NA,NA,NA,NA,0,NA,NA,NA,NA,NA,NA,NA,NA,NA,NA,NA,NA,NA,NA,NA
宁波银行,2007,12375.87,2390.64,NA,NA,NA,28.35,4258.45,345.47,36034.18,593.16,16633.47,8.25,NA,673,19.809999999999999,43.5,197.59,1909.04,75510.77,1688.84,NA,702.17,27.35,6989.87,55514.04,120.97,114.29,234.35,NA,47.83,NA,2048.7399999999998,NA,67488.45,2500,3967.72,NA,243.02,1240.5999999999999,70.97,8022.32,NA,8022.32,75510.77,NA,NA,NA,NA,NA,NA,NA,NA,NA,NA,NA,NA,NA,NA,NA,NA,NA,NA,NA,NA,NA
宁波银行,2008,13346.73,6444.37,NA,880.17,1575.56,225.57,9718.4599999999991,427.81,48466.38,113.78,14103,13.25,1000,835.96,85.9,107.21,197.05,5722,103263.19,594.02,NA,133.05000000000001,152.27000000000001,10621.1,76221.740000000005,120.97,151.93,461.33,NA,88.97,19.07,5893.76,NA,94458.19,2500,3918.67,NA,376.19,1620.97,389.17,8805,NA,8805,103263.19,NA,NA,NA,NA,NA,NA,NA,NA,NA,NA,NA,NA,NA,NA,NA,NA,NA,NA,NA,NA,NA
宁波银行,2009,21106.69,8818.77,NA,536.54999999999995,622.41,1029.47,8227.17,477.1,80767.83,1814.76,11735.11,13.25,25628,926.72,97.89,314.63,456.07,779.43,163351.87,18864.310000000001,NA,9035.02,1028.3499999999999,6952.57,110752.46,121.37,270.22000000000003,671.54,4971.34,314.93,NA,627.77,NA,153609.88,2500,3898.2,NA,521.94000000000005,2263.67,558.16999999999996,9741.98,NA,9741.98,163351.87,NA,NA,NA,NA,NA,NA,NA,NA,NA,NA,NA,NA,NA,NA,NA,NA,NA,NA,NA,NA,NA
宁波银行,2010,31560.560000000001,7996.16,NA,300,353.29,2249.56,83021.55,599.39,100194.45,4324.76,9838.34,13.25,19316.54,1281.22,92.22,644.54999999999995,224.14,1264.3599999999999,263274.33,7368.05,NA,8805.39,2246,72772.02,145827.98000000001,284.01,360.34,1107.08,7467.9,592.44000000000005,NA,566.49,NA,247397.69,2883.82,7827.05,NA,754.14,3440.57,971.05,15876.64,NA,15876.64,263274.33,NA,NA,NA,NA,NA,NA,NA,NA,NA,NA,NA,NA,NA,NA,NA,NA,NA,NA,NA,NA,NA
宁波银行,2011,41582.44,38932.78,NA,1000,1980.19,1687.63,3355.32,1327.84,120741.93,26518.21,17555.34,NA,2137.75,1365.96,88.64,628.35,22.05,1573.2,260497.64,16175.46,NA,11924.13,1883.33,23067.79,176736.66,423.91,655.1,1790.99,7474.22,471.07,NA,1180.9000000000001,NA,241783.57,2883.82,7889.13,98.61,1079.49,5518.17,1244.8499999999999,18714.07,NA,18714.07,260497.64,NA,NA,NA,NA,NA,NA,NA,NA,NA,NA,NA,NA,NA,NA,NA,NA,NA,NA,NA,NA,NA
宁波银行,2012,45493.81,33222.959999999999,NA,6667.51,1784.41,3375.27,35712.11,1552.77,142564.63,57201.9,16987.7,13.25,22306.41,2397.8200000000002,87.9,1225.1300000000001,14.74,2928.27,373536.59,44543.62,NA,22203.24,3357.49,55458.49,207577.27,624.03,599.69000000000005,3055.74,10474.15,839.24,NA,2686.66,NA,351419.63,2883.82,7889.13,10.130000000000001,1486.3,8347.65,1499.93,22116.959999999999,NA,22116.959999999999,373536.59,NA,NA,NA,NA,NA,NA,NA,NA,NA,NA,NA,NA,NA,NA,NA,NA,NA,NA,NA,NA,NA
宁波银行,2013,62194.82,38964.589999999997,33.159999999999997,548,1178.9100000000001,7193.45,39537.85,2474.31,167302.17000000001,90355.46,15949.96,13.25,36083.54,2392.0700000000002,147.6,867.71,16.61,2519.16,467772.6,89986.91,200,13015,7228.84,37139.83,255278.33,1018.89,683.91,4961.45,18466.25,0,NA,14271.31,NA,442250.71,2883.82,7162.87,NA,1970.84,10629.24,2859.91,25506.69,15.2,25521.89,467772.6,NA,NA,NA,NA,NA,NA,NA,NA,NA,NA,NA,NA,NA,NA,NA,NA,NA,NA,NA,NA,NA
宁波银行,2014,70953.94,30447.599999999999,NA,2866.6,8878.98,1293.1400000000001,17079,3015.05,204749.88,120109.03,16569.099999999999,NA,71554.84,3352.02,208.64,769.25,16.600000000000001,2248.9699999999998,554112.62,86634.34,NA,14071.98,1303.49,28155.13,306531.83,1098.77,795.13,5587.63,50655.39,3.87,NA,23809.25,29.5,519948.41,3249.83,10598.2,309.13,2531.96,13347.26,4054.72,34091.1,73.11,34164.21,554112.62,NA,1272.0999999999999,NA,NA,NA,NA,NA,NA,NA,NA,NA,NA,NA,NA,NA,NA,NA,NA,NA,NA,NA
宁波银行,2015,66189.440000000002,14199.98,1540.47,1381.14,7039.89,3537.56,10980.6,2765.14,248399.11,249257.94,32671.51,NA,71231.13,5018.3,244.25,751.25,16.559999999999999,1240.3800000000001,716464.65,68632.509999999995,1700,20200.61,3355.3,46497.69,355685.63,1495.98,899.81,6195.88,144056.76999999999,6.12,NA,22175.279999999999,283.08,671367.33,3899.79,9948.24,1312.88,3181.12,16778.919999999998,5055.8,45001.45,95.87,45097.32,716464.65,NA,182.68,NA,NA,NA,NA,NA,NA,4824.6899999999996,NA,NA,NA,NA,NA,NA,NA,NA,NA,NA,NA,NA
富滇银行,2006,1923.55,1107.3499999999999,NA,NA,NA,NA,NA,NA,NA,NA,NA,NA,NA,NA,0.56999999999999995,NA,NA,NA,29493.98,1237.53,NA,NA,NA,NA,NA,NA,52.95,NA,NA,NA,NA,NA,NA,28117.15,1000,123.35,NA,133.53,129.37,NA,1386.25,NA,1386.25,29493.98,NA,NA,-9.42,NA,NA,NA,NA,NA,NA,NA,NA,NA,NA,9.42,NA,-9.42,NA,NA,NA,NA,NA
富滇银行,2007,3861.66,364.37,NA,NA,NA,NA,NA,NA,NA,NA,NA,NA,NA,NA,0.56999999999999995,30.96,NA,NA,35911.46,802.31,NA,NA,NA,NA,NA,NA,120.46,NA,NA,NA,NA,NA,NA,33722.07,1800,123.35,NA,151.03,134.51,NA,2208.89,NA,2208.89,35911.46,NA,NA,-19.5,NA,NA,NA,NA,NA,NA,NA,NA,NA,NA,19.5,NA,-19.5,NA,NA,NA,NA,NA
富滇银行,2008,4848.51,485.85,NA,1864.38,1388.56,58.94,3265.73,116.47,19923.84,4542.99,390.16,12.05,1073.08,469.96,NA,171.53,NA,440.89,39072.76,4400.26,NA,966.13,NA,1848.63,28317.94,108.51,185.41,125.1,NA,15.1,11.75,156.66999999999999,NA,36135.5,2399.94,165.63,NA,26.45,87.53,233.49,2913.04,24.22,2937.26,39072.76,NA,NA,NA,NA,19.829999999999998,NA,NA,NA,NA,NA,NA,NA,NA,NA,NA,NA,NA,NA,NA,NA,NA
富滇银行,2009,6997.85,601.07000000000005,NA,894.66,712.34,31.87,6992.48,175,27617.16,6510.58,696.49,18.350000000000001,1209.6199999999999,556.38,23.43,225.56,29.72,302.51,53614.9,6240.84,NA,230.73,NA,3210.77,39782.1,180.96,205.07,127.7,NA,0.71,11.75,452.2,NA,50442.83,2476.94,131.47999999999999,NA,52.84,181.73,304.83999999999997,3147.82,24.25,3172.07,53614.9,NA,NA,NA,NA,19.829999999999998,NA,NA,NA,NA,NA,NA,NA,NA,NA,NA,NA,NA,NA,NA,NA,NA
富滇银行,2010,9516.74,1784.62,NA,1063.24,943.98,NA,11857.28,208.45,35129.339999999997,5192.22,3055.55,27.26,1151.17,608.26,30.32,322.67,27.88,338.08,71276.89,7618.77,120,243.25,NA,9150.4500000000007,49528.99,262.52,267.68,188.66,NA,NA,11.75,356.24,NA,67748.320000000007,2476.94,92.52,NA,104.25,431.79,396.27,3501.76,26.82,3528.57,71276.89,NA,NA,NA,NA,19.829999999999998,NA,NA,NA,NA,NA,NA,NA,NA,NA,NA,NA,NA,NA,NA,NA,NA
富滇银行,2011,15046.74,470.88,NA,NA,989.87,NA,8739.4599999999991,314.2,41027.51,8416.43,5781.86,35.35,847.53,620.25,25.57,350.85,26.03,298.3,83010.66,7972.49,580,NA,NA,6219.13,61667.4,235.71,277.37,292.7,NA,NA,11.75,197.12,NA,77453.679999999993,3076.94,1028.79,NA,280.88,640.78,498.75,5526.15,30.84,5556.98,83010.66,NA,NA,NA,NA,19.829999999999998,NA,NA,NA,NA,NA,NA,NA,NA,NA,NA,NA,NA,NA,NA,NA,NA
富滇银行,2012,16493.91,6737.16,NA,NA,2556.4299999999998,NA,14029.35,368.66,48564.67,8217.94,5356.78,40.11,1307.04,910.09,28.37,390.4,23.48,287.63,105331.85,14856.34,290,2171.4299999999998,NA,8693.08,71874.12,223.05,262.22000000000003,508.31,NA,NA,11.75,253.44,NA,99143.73,3076.94,1059.01,NA,524.13,559.19000000000005,932.89,6152.15,35.96,6188.12,105331.85,NA,NA,NA,NA,19.829999999999998,NA,NA,NA,NA,NA,NA,NA,NA,NA,NA,NA,NA,NA,NA,NA,NA
富滇银行,2013,16980.57,6019.4,NA,200,5315.96,NA,15662.61,514.1,57192.61,8915.49,5204.84,48.61,3139.48,956.71,35.520000000000003,521.71,NA,280.25,121007.67999999999,13260,NA,492.42,NA,14943.11,83980.92,201.08,284.24,675.59,NA,NA,11.75,222.5,NA,114071.61,3076.94,982.79,NA,695.5,966.53,1177.5999999999999,6899.36,36.71,6936.07,121007.67999999999,NA,NA,NA,NA,19.829999999999998,NA,NA,NA,NA,NA,NA,NA,NA,NA,NA,NA,NA,NA,NA,NA,NA
富滇银行,2014,20952.490000000002,4536.88,NA,NA,2836.25,NA,18445.830000000002,640.55999999999995,67231.37,12896.33,7747.33,45.8,8084.67,1005.52,40.32,417.36,NA,230.64,145131.18,16220.62,800,3932.55,NA,13970.48,93130.76,208.28,217.3,982.84,2490.23,NA,NA,252.03,NA,132205.07999999999,4749.9399999999996,3975.66,20.399999999999999,982.84,1529.84,1509.79,12768.48,157.62,12926.09,145131.18,NA,NA,NA,NA,19.829999999999998,NA,NA,NA,NA,NA,NA,NA,NA,NA,NA,NA,NA,NA,NA,NA,NA
富滇银行,2015,19559.09,1765.64,NA,300,2532.73,NA,3675.18,972.51,76832.95,13611.93,17129.7,175.68,14462.25,1974.09,56.05,430.63,NA,537.16,154035.43,14626.45,500,943.9,NA,3417.73,104274.35,226.88,184.05,1411.45,13518.14,NA,NA,857.39,NA,139960.32000000001,4749.9399999999996,3975.66,302.99,1464.1,1483.92,1884.79,13861.41,213.71,14075.11,154035.43,NA,NA,NA,NA,19.829999999999998,NA,NA,NA,NA,NA,NA,NA,NA,NA,NA,NA,NA,NA,NA,NA,NA
山西尧都农商行,2010,3221.58,4627.71,NA,60,104.16,NA,14812.66,88.65,15369.87,NA,2791.97,0.49,NA,428.91,72.34,117.18,NA,872.51,42568.03,6648.49,NA,1800,NA,8762.0499999999993,21485.4,120.49,72.2,228.22,NA,55.89,NA,1810.63,NA,40983.379999999997,1550,NA,NA,NA,11.2,23.45,1584.65,NA,1584.65,42568.03,NA,NA,NA,NA,NA,NA,NA,NA,NA,NA,NA,NA,NA,NA,NA,NA,NA,NA,NA,NA,NA
山西尧都农商行,2011,4838.24,3219.87,NA,60,1614.71,NA,6819.81,131.55000000000001,15545.55,166.62,3968.08,0.49,NA,634.65,71.14,190.93,NA,532.99,37794.620000000003,5245.85,NA,NA,NA,5323.19,23505.22,174.99,204.61,325.33,NA,53.09,NA,898.62,NA,35730.910000000003,1550,-1.56,NA,36.04,310.05,48.98,1943.51,120.21,2063.7199999999998,37794.620000000003,NA,NA,NA,NA,NA,NA,NA,NA,NA,NA,NA,NA,NA,NA,NA,NA,NA,NA,NA,NA,NA
山西尧都农商行,2012,5254.51,1781.06,NA,60,2913.55,NA,7047.18,223.66,18825.53,NA,4335.6400000000003,55.49,143.16,760.54,72.209999999999994,62.77,NA,159.43,41694.75,5160.21,30,NA,NA,5650.56,26779.4,149.25,87.23,494.12,NA,51.16,NA,1002.28,NA,39404.21,1550,NA,NA,79.790000000000006,307.63,167.75,2105.16,185.38,2290.54,41694.75,NA,NA,NA,NA,NA,NA,NA,NA,NA,NA,NA,NA,NA,NA,NA,NA,NA,NA,NA,NA,NA
山西尧都农商行,2013,6983.12,4584.1899999999996,NA,NA,1207.55,NA,5767.57,289.27,21056.63,NA,8092.35,55.49,3910.83,847.22,69.83,40.090000000000003,NA,722.78,53626.91,9325.5,NA,NA,NA,7516.5,30976.080000000002,143.13,85.44,747.85,NA,49.4,NA,789.89,NA,49633.8,2350,200,NA,142.88999999999999,395.6,337.95,3426.44,566.67999999999995,3993.12,53626.91,NA,NA,NA,NA,NA,NA,NA,NA,NA,NA,NA,NA,NA,NA,NA,NA,NA,NA,NA,NA,NA
山西尧都农商行,2014,6704.83,4656.92,NA,300,16964.669999999998,NA,1845,275.20999999999998,23405.57,0.49,5049.16,175.89,1412.71,1070.08,70.8,63.29,NA,812.95,62807.59,15923.35,545,NA,NA,3814.3,34577.18,180.69,52.38,938.2,700,105.35,NA,419.56,NA,58401.29,2350,200,NA,205.58,362.07,545.89,3663.54,742.76,4406.3,62807.59,NA,1145.28,NA,NA,NA,NA,NA,NA,NA,NA,NA,NA,NA,NA,NA,NA,NA,NA,NA,NA,NA
常熟农商行,2006,2562.38,1363.68,NA,NA,110.81,NA,1389.83,185.89,11689.56,1733.42,7237.01,0.6,NA,92.54,49.43,34.68,NA,129.94999999999999,26579.78,90.46,NA,NA,NA,NA,20385.59,32,95.21,262.2,NA,3.48,NA,29.78,NA,25407.43,345.44,6.51,NA,141.97,201.33,477.09,1172.3499999999999,NA,1172.3499999999999,26579.78,NA,NA,NA,NA,NA,NA,NA,NA,NA,NA,NA,NA,NA,NA,NA,NA,NA,NA,NA,4508.71,NA
常熟农商行,2007,4067.91,904.61,NA,NA,408.88,NA,720.29,207.31,14787.75,965.09,7705.47,0.6,NA,138.97999999999999,163.05000000000001,50.68,NA,66.150000000000006,30186.75,840.25,NA,NA,NA,NA,24356.86,66.11,52.74,323.49,NA,NA,NA,39.49,NA,28317.82,575.6,293.17,NA,176.82,289.52,529.37,1864.48,4.46,1868.94,30186.75,NA,NA,NA,NA,NA,NA,NA,NA,NA,NA,NA,NA,NA,NA,NA,NA,NA,NA,7.3,2631.57,NA
常熟农商行,2008,4340.25,1600.74,NA,NA,685.39,NA,823.12,231.73,17714.09,2744.68,6947.77,13.1,NA,206.16,158.77000000000001,62.25,NA,175.37,35703.42,950.38,NA,NA,NA,NA,28455.84,40.93,42,442.24,NA,35.5,NA,45.41,NA,33370.589999999997,575.6,394.72,NA,479.44,251.04,596.45000000000005,2297.2600000000002,35.58,2332.84,35703.42,NA,NA,NA,NA,NA,NA,NA,NA,NA,NA,NA,NA,NA,NA,NA,NA,NA,NA,418.03,2940.26,NA
常熟农商行,2009,6621.58,2530.5500000000002,NA,NA,1581.64,NA,NA,166.81,21328,2261.31,4909.3999999999996,247.94,NA,465.78,154.6,43.28,NA,59.68,40370.57,551.39,NA,NA,NA,NA,35002.239999999998,59.77,26.7,412.77,NA,1.67,NA,223.19,NA,37777.19,575.6,302.89,NA,766.57,236.24,673.93,2555.2399999999998,38.14,2593.38,40370.57,NA,NA,NA,NA,NA,NA,NA,NA,NA,NA,NA,NA,NA,NA,NA,NA,NA,NA,NA,1499.45,NA
常熟农商行,2010,8505.68,3306.6,NA,NA,564.9,NA,3315.27,222.6,26187.55,2615.3200000000002,6088.02,362.06,NA,527.01,150.44,86.03,NA,157.52000000000001,52089.02,1047.8900000000001,NA,NA,NA,NA,44622.76,106.78,161.97,464.44,NA,1.87,NA,74.010000000000005,NA,47975.73,1013.4,929.98,NA,935.07,376.93,768.76,4024.15,89.15,4113.3,52089.02,NA,NA,NA,NA,NA,NA,NA,NA,NA,NA,NA,NA,NA,NA,NA,NA,NA,NA,NA,1496,NA
常熟农商行,2011,10757.84,13534.32,NA,NA,1195.25,NA,2453.13,397.21,30667.5,5566,5213.8100000000004,445.35,346.45,589.45000000000005,137.22999999999999,144.55000000000001,NA,200.08,71648.160000000003,11351.51,NA,NA,NA,NA,51373.29,169.04,157.54,694.78,NA,22.81,NA,82.27,NA,66764.55,1520.1,523.55999999999995,NA,1131.4000000000001,725.64,901.28,4801.9799999999996,81.63,4883.6099999999997,71648.160000000003,NA,NA,NA,NA,NA,NA,NA,NA,NA,NA,NA,NA,NA,NA,NA,NA,NA,12,NA,2901.3,NA
常熟农商行,2012,13817.43,5842.72,NA,NA,675.83,NA,4234.51,340.43,35136.050000000003,8137.65,4354.1099999999997,91.03,333.33,628.17999999999995,133.41,217.98,NA,208.55,74151.210000000006,3926.91,NA,NA,NA,NA,58920.89,244.06,157.5,888.41,NA,0.64,NA,124.06,NA,68420.84,1520.1,477.8,NA,1389.58,1081.95,1167.05,5632.52,97.85,5730.37,74151.210000000006,NA,NA,NA,NA,NA,NA,NA,NA,NA,NA,NA,NA,NA,0,NA,NA,NA,135,NA,4023.36,-3.95
常熟农商行,2013,14501.02,3879.13,NA,NA,2372.56,NA,3697.62,482.7,40785.47,10718.24,5994.35,111.41,350.85,653.29999999999995,126.65,383.91,NA,255.98,84413.2,1079.0899999999999,NA,NA,NA,NA,66840.17,256.62,108.43,1297.82,NA,6.66,NA,380.93,NA,78360.27,1520.1,477.8,NA,1682.12,1098.01,1464.39,5845.2,207.73,6052.93,84413.2,NA,NA,NA,NA,NA,NA,NA,NA,NA,NA,NA,NA,NA,NA,NA,NA,100,30,NA,8360.5400000000009,-397.21
常熟农商行,2014,14650.25,4667.17,NA,NA,1587.66,NA,4301.3999999999996,659.27,47194.02,11630.15,10415.07,140.30000000000001,3719.84,914.74,150.03,295.52999999999997,NA,344.54,101669.98,3614.34,NA,NA,NA,NA,74287.23,193.87,193.6,1748.16,NA,52.4,NA,317.92,NA,94301.61,1520.1,477.8,NA,2247.92,1039.28,1769.92,7118.13,250.24,7368.37,101669.98,NA,NA,NA,NA,NA,NA,NA,NA,NA,NA,NA,NA,NA,NA,NA,NA,1000,179,NA,13715.1,63.1
常熟农商行,2015,12219.11,3068.84,NA,NA,1239.21,NA,200,793.88,55803.09,13569.62,10892.7,166.71,7669.23,981.63,160.12,371.36,NA,378.38,108503.87,4896.12,NA,NA,NA,NA,82291.360000000001,137.69999999999999,209.41,1994.34,2987.92,111.41,NA,267.24,NA,100076.74,2000.46,3.96,NA,2540.31,1230.49,2062.31,8077.44,349.69,8427.1299999999992,108503.87,NA,NA,NA,NA,NA,NA,NA,NA,NA,NA,NA,NA,NA,NA,NA,NA,990,734,460,5987.23,239.92
平安银行,2002,NA,NA,NA,NA,1728.72,NA,NA,NA,NA,NA,NA,153.49,NA,2380.64,52.33,NA,NA,NA,166166.38,NA,NA,NA,NA,NA,NA,189.21,232.12,NA,NA,NA,8.1999999999999993,NA,NA,162398.35999999999,1945.82,1571.73,NA,125.19,38.840000000000003,NA,3768.02,NA,3768.02,166166.38,NA,NA,0,NA,NA,NA,NA,NA,NA,NA,NA,NA,NA,NA,NA,NA,NA,NA,NA,NA,NA
平安银行,2003,NA,NA,NA,NA,NA,NA,NA,NA,NA,NA,NA,153.49,NA,2388.06,87.09,602.41,NA,NA,193453.42,NA,NA,NA,NA,NA,NA,238.41,162.22,NA,NA,172.61,18.579999999999998,NA,NA,189058.53,1945.82,1571.73,NA,219.22,446.3,NA,4394.8900000000003,NA,4394.8900000000003,193453.42,NA,NA,0,NA,NA,NA,NA,NA,NA,NA,NA,NA,NA,NA,NA,NA,NA,NA,NA,NA,NA
平安银行,2004,NA,NA,NA,NA,11046.87,NA,NA,NA,NA,NA,NA,156.49,NA,3243.57,65.86,752.3,NA,NA,204286.42,NA,NA,NA,NA,NA,NA,365.12,395.56,NA,NA,200.23,30.39,NA,NA,199601.76,1945.82,1571.73,NA,262.68,634.66,NA,4684.66,NA,4684.66,204286.42,NA,NA,0,NA,NA,NA,NA,NA,NA,NA,NA,NA,NA,NA,NA,NA,NA,NA,NA,NA,NA
平安银行,2005,21759.7,6579.43,NA,3284.95,847.59,5.73,8665.33,461.71,149615.43,26248.54,NA,233.37,NA,2417.7199999999998,41.58,1000.89,NA,1162.7,222324.69,10469.23,NA,NA,16.170000000000002,1169.43,201815.8,409.93,521.76,821.09,NA,235.05,58.72,1074.04,NA,217270.28,1945.82,1574.37,NA,324.2,773.31,479.7,5054.41,NA,5054.41,222324.69,NA,679.06,-43,NA,NA,NA,NA,NA,NA,NA,NA,NA,NA,NA,NA,NA,NA,NA,NA,NA,NA
平安银行,2006,26288.18,3081,NA,3369.18,427.36,22.76,11271.77,675.7,175244.81,18052.34,17548.189999999999,213.99,NA,1994.38,26.57,1002.64,NA,1357.39,260576.26,17069.240000000002,NA,NA,28.12,741.01,232206.33,614.63,474.58,942.54,NA,233.81,55.45,1252.3499999999999,NA,254101.8,1945.82,1648.52,NA,454.49,745.93,1679.7,6474.46,NA,6474.46,260576.26,NA,483.75,NA,NA,NA,NA,NA,NA,NA,NA,NA,NA,NA,NA,NA,NA,NA,NA,NA,NA,NA
平安银行,2007,40726.39,4013.69,8.1999999999999993,2642.66,1477.63,291.82,33768.93,1126.3699999999999,215789.63,17850.89,15911.49,251.95,13450,1554.28,67.72,994.39,441.1,2172.2399999999998,352539.36,32388.76,NA,2640.3,255.17,16467.580000000002,281276.98,925.41,819.76,1728.07,NA,98.54,77.45,1608.62,NA,339533.3,2293.41,5213.6499999999996,NA,719.48,2063.8200000000002,2715.7,13006.06,NA,13006.06,352539.36,NA,1246.6600000000001,NA,NA,NA,NA,NA,NA,NA,NA,NA,NA,NA,NA,NA,NA,NA,NA,NA,NA,NA
平安银行,2008,39767.9,21500.81,9.2200000000000006,9236.68,41.44,290.75,34733.35,1605.64,281714.69,48799.72,15584.75,417.39,13750,1674.92,113.92,1811.82,411.69,1615.89,474440.17,36063.03,NA,7380,58.6,38916.11,360514.04,1247.42,1197.8499999999999,2963.22,7964.28,341.68,25.81,820.44,507.48,458039.38,3105.43,7978.98,NA,780.88,952.19,3583.3,16400.79,NA,16400.79,474440.17,1359.59,39.42,NA,NA,NA,NA,NA,NA,NA,NA,NA,NA,NA,NA,NA,NA,NA,NA,NA,NA,NA
平安银行,2009,54243.95,15592.54,3.3,5361.14,1132.05,100,40923.4,1625.7,355562.54,36998.410000000003,34585.440000000002,392.7,30427.1,1714.46,156.79,1582.93,523.85,2102.58,587811.03,74139.67,NA,7570.12,21.54,13733.38,454635.21,1681.73,652.29,2682.16,9462.7099999999991,94.53,3.36,1813.85,850.88,567341.43000000005,3105.43,7017.07,NA,1283.96,4386.87,4676.28,20469.61,NA,20469.61,587811.03,4782.16,NA,NA,NA,NA,NA,NA,NA,NA,NA,NA,NA,NA,NA,NA,NA,NA,NA,NA,NA,NA
平安银行,2010,76586.86,8523.73,0,8475.99,NA,371.73,98263.43,2121.4899999999998,400966.08,31534.18,61379.839999999997,404.39,18502.099999999999,2470.0500000000002,191.58,1954.57,539.79999999999995,1596.83,727610.07,82370.06,2237.6799999999998,6200.17,311.81,17588.669999999998,562912.34,1878.6,1125.1199999999999,3920.07,9469.49,103.08,3.05,856.24,5120.82,694097.19,3485.01,13396.94,NA,1912.34,8740.7999999999993,5977.78,33512.879999999997,NA,33512.879999999997,727610.07,13727.42,NA,NA,NA,NA,NA,NA,NA,NA,NA,NA,NA,NA,NA,NA,NA,NA,NA,NA,NA,NA
平安银行,2011,160635.24,39884.339999999997,NA,8446.57,2607.9,810.58,34303.89,7274.19,610075.34,78383.53,107683.08,539.29,13732.1,3524.26,5989.73,2889.76,262.79000000000002,2977.04,1258176.94,155409.78,1130.8800000000001,25279.35,732.42,39197.370000000003,850845.15,3600.34,2535.81,9913.66,16054.49,1351.06,112.25,6073.07,70560.73,1182796.3600000001,5123.3500000000004,41537.75,NA,2830.46,15864.38,7954.9,73310.84,2069.75,75380.58,1258176.94,170589.01,NA,NA,NA,7568.3,NA,NA,NA,NA,NA,NA,NA,NA,NA,NA,NA,NA,NA,NA,NA,NA
平安银行,2012,219347.48,94295.11,2430.46,65426,4237.45,966.65,186472.8,8757.08,708262.39,89895.87,103124.18,521.79999999999995,90837.7,3536.44,5878.38,3449.64,196.37,2968.51,1606536.76,354222.8,16167.92,39068.120000000003,952.26,46147.77,1021107.7,4863.1099999999997,2298.64,11525.91,16078.61,1271.9000000000001,127.68,3131.48,3051.78,1521737.99,5123.3500000000004,40135.32,NA,2830.46,23076.720000000001,13632.93,84798.77,NA,84798.77,1606536.76,8364.14,1722.31,NA,NA,7568.3,NA,NA,NA,NA,NA,NA,NA,NA,NA,NA,NA,NA,NA,NA,NA,NA
平安银行,2013,229924,71914,21286,27241,10421,3397,271692,10043,832127,467,195667,596,184656,3694,5463,4406,116,4005,1891741,450789,2264,22633,2914,36049,1217002,6013,4205,16605,8102,NA,56,7187,2149,1779660,9521,51734,NA,4354,29963,16509,112081,NA,112081,1891741,7058,3692,NA,NA,7568,NA,NA,NA,NA,NA,NA,NA,NA,NA,NA,NA,NA,NA,NA,NA,NA
平安银行,2014,306298,66969,45254,45841,25811,4300,178636,11937,1003637,1493,207874,486,246258,3812,5293,6834,110,8123,2186459,385451,2754,13551,2662,22568,1533183,7961,5794,25229,41750,NA,25,8440,1883,2055510,11425,52270,-1851,6334,43656,19115,130949,NA,130949,2186459,9925,4259,NA,NA,7568,NA,NA,NA,NA,NA,NA,NA,NA,NA,NA,NA,NA,NA,NA,NA,NA
平安银行,2015,291715,109046,63744,76636,19757,8144,117291,13540,1186872,1245,266166,521,307635,4788,4961,8728,212,11956,2507149,311106,3051,12143,4037,11000,1733921,10351,6571,23253,212963,NA,26,8677,44,2345649,14309,59326,-1117,8521,52933,27528,161500,NA,161500,2507149,6624,8506,NA,NA,7568,NA,NA,NA,NA,NA,NA,NA,NA,NA,NA,NA,NA,NA,NA,NA,NA
广东南粤银行,2006,1745.92,30.5,NA,NA,NA,NA,NA,NA,NA,NA,NA,NA,NA,NA,3.71,NA,NA,NA,7919.99,121.25,NA,NA,NA,NA,NA,NA,-13.46,NA,NA,NA,39.67,NA,NA,7653.41,628.23,0.41,NA,2.36,-364.41,NA,266.58,NA,266.58,7919.99,NA,NA,NA,NA,NA,NA,NA,NA,NA,NA,NA,NA,NA,NA,NA,NA,NA,NA,NA,NA,NA
广东南粤银行,2007,2271.71,550.71,NA,NA,NA,NA,NA,NA,NA,NA,NA,NA,NA,NA,9.73,NA,NA,NA,11390.79,52.46,NA,NA,NA,NA,NA,NA,36.770000000000003,NA,NA,NA,39.67,NA,NA,NA,748.23,0.41,NA,28.71,-204.38,NA,572.96,NA,572.96,11390.79,NA,NA,NA,NA,NA,NA,NA,NA,NA,NA,NA,NA,NA,NA,NA,NA,NA,NA,NA,NA,NA
广东南粤银行,2008,2883.47,502.56,NA,NA,NA,NA,1708.65,NA,9076.31,NA,NA,NA,100.37,82.37,16.78,NA,NA,7.14,15502.18,551.99,NA,NA,NA,NA,13935.42,0.95,-33.67,NA,NA,NA,39.67,0.46,66.48,14561.3,828.23,0.41,NA,52.09,60.15,NA,940.88,NA,940.88,15502.18,1124.53,NA,NA,NA,NA,NA,NA,NA,NA,NA,NA,NA,NA,NA,NA,NA,NA,NA,NA,NA,NA
广东南粤银行,2010,7473.02,4757.6000000000004,NA,NA,NA,NA,6403.32,NA,18546.52,NA,NA,1708.57,NA,108.41,19.760000000000002,NA,NA,80.73,50207.45,5550,NA,NA,NA,799,40052.239999999998,67.33,85.29,NA,NA,NA,10.02,NA,89.63,46653.52,2979.27,0.41,NA,253.56,320.69,NA,3553.92,NA,3553.92,50207.45,11109.51,NA,NA,NA,NA,NA,NA,NA,NA,NA,NA,NA,NA,NA,NA,NA,NA,NA,NA,NA,NA
广东南粤银行,2011,10621.39,15135.88,NA,NA,NA,NA,5365.86,NA,24381.86,NA,NA,4360.8500000000004,NA,144.88999999999999,18.14,NA,NA,140.36000000000001,83240.66,11055.27,190.8,NA,NA,11476.9,51306.75,92.42,128.5,NA,NA,NA,8.41,132.47,3901.25,78292.77,3910.58,0.41,NA,381.34,655.55,NA,4947.8900000000003,NA,4947.8900000000003,83240.66,23071.43,NA,NA,NA,NA,NA,NA,NA,NA,NA,NA,NA,NA,NA,NA,NA,NA,NA,NA,NA,NA
广东南粤银行,2012,14300.08,5318.35,NA,817.12,606.12,NA,29173.46,205.75,32863.980000000003,NA,23169.37,NA,150.25,235.66,19.11,5.65,NA,257.70999999999998,108888.99,8185.88,438.18,NA,NA,28654.81,63434.41,10.029999999999999,161.61000000000001,420.19,NA,NA,12.6,161.83000000000001,52.24,101531.77,5210.58,650.96,NA,198.04,620.86,600,7280.44,76.77,7357.22,108888.99,1766.4,NA,NA,NA,NA,NA,NA,0,NA,NA,NA,NA,NA,NA,NA,NA,NA,NA,NA,NA,NA
广东南粤银行,2013,17450.310000000001,10895.82,NA,30.48,890,NA,15164.11,510.26,42994.25,NA,39928.239999999998,NA,NA,222.52,22.23,2.08,NA,3450.66,131560.95999999999,19364.11,1853.55,3828.95,NA,11657.78,85615.2,16.760000000000002,181.02,780.85,NA,NA,NA,213.35,NA,123511.57,5410.58,750.96,NA,296.64999999999998,537.9,975.45,7971.54,77.849999999999994,8049.38,131560.95999999999,NA,NA,NA,NA,NA,NA,NA,0,NA,NA,NA,NA,NA,NA,NA,NA,NA,NA,NA,NA,NA
广东南粤银行,2014,19753.38,7736.88,NA,61.19,7665.08,NA,4847.99,923.01,52480.91,3761.18,4607.2700000000004,NA,37597.17,343.53,235.25,262.66000000000003,NA,3361.51,143637,29074.14,992.09,1900,NA,4729.53,93199.65,12.84,163.98,1536.47,1494.04,32.46,NA,598.69000000000005,NA,133733.87,6221.48,1074.77,12.07,414.18,982.87,1117.1099999999999,9822.4599999999991,80.66,9903.1200000000008,143637,NA,NA,NA,NA,NA,NA,NA,NA,NA,NA,NA,NA,NA,NA,NA,NA,NA,NA,NA,NA,NA
广东南粤银行,2015,20087.54,11422.58,NA,117.21,9552.7099999999991,NA,4720.1000000000004,1159.3,68286.84,7670.84,5753.13,NA,31845.96,522.16,2070.3200000000002,423.56,NA,2353,165985.25,34326.43,977.49,97.4,NA,240,110813.12,15.34,293.27999999999997,1845.74,1494.64,90.66,NA,288.14,4962.43,155444.68,6221.48,1074.77,26.08,525.28,524.98,2085.23,10457.82,82.75,10540.57,165985.25,NA,NA,NA,NA,NA,NA,NA,NA,NA,NA,NA,NA,NA,NA,NA,NA,NA,NA,NA,NA,NA
广东顺德农商行,2006,4967.53,27232.63,NA,1867.37,NA,NA,879.34,NA,32627.72,NA,NA,6424.6,NA,344.73,NA,NA,NA,NA,89808.56,24457.35,NA,NA,NA,99,56828.82,NA,NA,NA,NA,NA,2600.65,384.86,3360.04,87730.71,863.28,NA,NA,316.10000000000002,69.010000000000005,829.46,2077.85,NA,2077.85,89808.56,15464.64,NA,NA,NA,NA,NA,NA,NA,NA,NA,NA,NA,NA,NA,NA,NA,NA,NA,NA,NA,NA
广东顺德农商行,2007,8412.18,1682.76,NA,188.26,NA,NA,4092.99,NA,35405.519999999997,NA,NA,7190.36,NA,312.19,13.26,NA,NA,NA,69996.08,84.44,NA,NA,NA,938.95,61129.26,NA,NA,NA,NA,NA,2616.46,322.89999999999998,2545.9899999999998,67638.009999999995,863.24,NA,NA,351.03,279.42,864.39,2358.0700000000002,NA,2358.0700000000002,69996.08,12698.55,NA,NA,NA,NA,NA,NA,NA,NA,NA,NA,NA,NA,NA,NA,NA,NA,NA,NA,NA,NA
广东顺德农商行,2008,9907.17,4166,NA,188.26,NA,NA,2017.25,NA,37814.46,NA,NA,11558.88,NA,323.51,NA,NA,NA,NA,81733.5,132.18,NA,NA,NA,1028.75,70385.05,NA,NA,NA,NA,NA,2243.08,1786.13,2857.06,78432.25,1309.6099999999999,NA,NA,401.4,675.47,914.76,3301.25,NA,3301.25,81733.5,15757.97,NA,NA,NA,NA,NA,NA,NA,NA,NA,NA,NA,NA,NA,NA,NA,NA,NA,NA,NA,NA
广东顺德农商行,2009,10576.92,5641.65,NA,92.71,322.25,NA,3928.39,459.49,47947.65,3297.94,25961.39,34.880000000000003,200.9,1087.3699999999999,18.03,77.849999999999994,NA,1074.51,101558.05,1054.07,NA,NA,NA,6488.2,84687.64,119.81,163.13999999999999,496.91,NA,48.66,NA,362.78,69.040000000000006,93490.25,1856.45,2388.56,NA,95.92,1066.3599999999999,2660.52,8067.81,NA,8067.81,101558.05,836.14,NA,NA,NA,NA,NA,NA,0,NA,NA,NA,NA,NA,NA,NA,NA,NA,NA,NA,NA,NA
广东顺德农商行,2010,18337.32,3460.28,NA,NA,2468.7800000000002,NA,2451.75,640.79999999999995,59725.21,3816.55,21487.58,34.880000000000003,5722.11,1097.8,24.44,45.94,NA,635.54,119948.97,3354.34,NA,33.11,NA,3614.43,101407.65,150.63999999999999,202.6,583.28,NA,NA,NA,1070.44,NA,110416.49,1856.45,2348.41,NA,255.56,2223.0500000000002,2660.52,9344,188.48,9532.48,119948.97,NA,NA,NA,NA,NA,NA,NA,NA,NA,NA,NA,NA,NA,NA,NA,NA,NA,NA,NA,NA,NA
广东顺德农商行,2011,21671.03,3369.59,NA,200,3382.03,NA,4377.38,713.3,69734.559999999998,4818.1899999999996,19643.63,547.08000000000004,6680.36,1252.97,13.8,96.2,NA,1001.59,137501.72,6591.98,NA,NA,NA,10693.18,106850.63,125.74,237.96,838.34,NA,5.44,NA,991.61,NA,126334.88,1856.45,2384.42,NA,460.96,3612.07,2660.52,10974.42,192.43,11166.85,137501.72,NA,NA,NA,NA,NA,NA,NA,NA,NA,NA,NA,NA,NA,NA,NA,NA,NA,NA,NA,NA,NA
广东顺德农商行,2012,22913.81,2565.02,NA,NA,1478.43,NA,7728.31,795.51,80089.81,7665.35,22361.66,547.08000000000004,5589.97,1456.31,13.43,145.02000000000001,NA,1806.71,155156.42000000001,9210.07,60,610,NA,8552.64,119981.54,92.33,298.24,1225.08,NA,0.18,NA,1944.29,NA,141974.38,2227.7399999999998,2021.08,NA,696.85,5374.11,2660.52,12980.3,201.75,13182.05,155156.42000000001,NA,NA,NA,NA,NA,NA,NA,NA,NA,NA,NA,NA,NA,NA,NA,NA,NA,NA,NA,NA,NA
广东顺德农商行,2013,27385.81,4846.5600000000004,NA,688.7,NA,NA,5471.87,1366.72,89481.77,11444.52,23959.75,547.08000000000004,20862.54,1392.67,15.19,249.18,NA,84.37,187883.79,23941.69,162.9,305.39999999999998,NA,8085.41,137463.59,106.04,299,1898.66,NA,NA,NA,418.24,NA,172680.91,2673.29,1297.8399999999999,NA,969.78,7381.96,2660.52,14983.37,219.5,15202.87,187883.79,87.08,NA,NA,NA,NA,NA,NA,NA,NA,NA,NA,NA,NA,NA,NA,NA,NA,NA,NA,NA,NA
广东顺德农商行,2014,28727.01,3603.15,NA,500,1235.22,NA,3084.21,1950.89,100456.04,18189.86,23169.3,NA,25139.24,1584.11,17.13,360.41,NA,323.74,208393.86,32013.85,1130,937.61,NA,8685.81,141503.32,175.05,437.21,2406.86,NA,NA,NA,493.88,NA,187783.59,3500,3925.93,79.61,1249.8900000000001,8968.7099999999991,2660.52,20384.669999999998,225.6,20610.27,208393.86,53.55,NA,NA,NA,NA,NA,NA,NA,NA,NA,NA,NA,NA,NA,NA,NA,NA,NA,NA,NA,NA
广东顺德农商行,2015,24628.77,5329.97,NA,NA,838.11,NA,2174.81,1800.13,108982.13,18685.57,24411.13,NA,37081.31,1477.99,16.309999999999999,350.96,NA,207.8,226036.14,21916.71,1131.1300000000001,1577.57,NA,8662.7999999999993,153317.59,250.75,356.28,2649.69,12332.91,NA,NA,1226.8399999999999,NA,203422.29,3850,3576.26,378.34,1544.07,10057.49,2970.47,22376.63,237.22,22613.85,226036.14,51.14,NA,NA,NA,NA,NA,NA,NA,NA,NA,NA,NA,NA,NA,NA,NA,NA,NA,NA,NA,NA
广东高明农商行,2011,1419.21,1529,NA,NA,NA,NA,NA,13.09,5007.9399999999996,NA,NA,2.13,10.3,117.44,462.31,10.45,NA,NA,8728.57,1.68,NA,NA,NA,NA,7667.65,59.46,125.28,59.31,NA,13.5,NA,0.75,15.23,7942.85,343.69,371.36,NA,10.9,17.87,41.89,785.72,NA,785.72,8728.57,156.69999999999999,NA,NA,NA,NA,NA,NA,NA,NA,NA,NA,NA,NA,NA,NA,NA,NA,NA,NA,NA,NA
广东高明农商行,2012,1818.59,1822.17,NA,NA,NA,NA,NA,25.56,5615.27,NA,NA,2.13,NA,118,455.34,28.3,NA,NA,9886.2199999999993,4.45,NA,NA,NA,NA,8646.74,53.36,131.85,86.19,NA,14.29,NA,0.78,5.45,8943.11,343.64,NA,NA,15.74,141.66,442.06,943.11,NA,943.11,9886.2199999999993,0.87,NA,NA,NA,NA,NA,NA,NA,NA,NA,NA,NA,NA,NA,NA,NA,NA,NA,NA,NA,NA
广东高明农商行,2013,2124.86,2483.13,NA,NA,NA,NA,NA,24.3,6302.47,NA,NA,2,NA,113.61,448.37,28.5,NA,8.2799999999999994,11535.51,8.32,NA,NA,NA,NA,10118.450000000001,44.07,119.12,106.57,NA,13.62,NA,6.37,NA,10416.530000000001,412.37,NA,NA,35.04,229.49,442.06,1118.97,NA,1118.97,11535.51,NA,NA,NA,NA,NA,NA,NA,NA,NA,NA,NA,NA,NA,NA,NA,NA,NA,NA,NA,NA,NA
广东高明农商行,2014,2061.64,1805.21,NA,NA,NA,NA,NA,25.97,7031.44,2,NA,117.6,170.64,105.01,440.33,30.35,NA,27.14,11817.33,0,NA,NA,NA,NA,10244.15,44.74,109.02,124.45,NA,11.54,NA,5.79,NA,10539.68,507.22,NA,NA,53.44,274.24,442.76,1277.6500000000001,NA,1277.6500000000001,11817.33,NA,NA,NA,NA,NA,NA,NA,NA,NA,NA,NA,NA,NA,NA,NA,NA,NA,NA,NA,NA,NA
广东高明农商行,2015,1803.46,1879.41,NA,NA,NA,NA,NA,27.87,7072.14,902.51,72.55,NA,30.08,171.48,433.39,45.21,NA,22.23,12460.32,110,NA,NA,NA,86.2,10740.36,33.56,92.63,134.16,NA,NA,NA,6.21,NA,11203.13,532.58000000000004,NA,2.5,61.19,218.16,442.76,1257.19,NA,1257.19,12460.32,NA,NA,NA,NA,NA,NA,NA,NA,NA,NA,NA,NA,NA,NA,NA,NA,NA,NA,NA,NA,NA
广州农村商业银行,2008,19078.75,13555.72,NA,395.84,NA,NA,9790.5300000000007,NA,70586.16,NA,NA,18550.23,NA,1121.5999999999999,56.26,NA,NA,NA,147526.97,7026.27,NA,NA,NA,NA,91075.04,99.03,76.28,NA,NA,NA,1074.67,NA,42294.71,141645.99,4025.62,5.56,NA,367.28,397.75,1084.78,5880.98,NA,5880.98,147526.97,14391.89,NA,NA,NA,NA,NA,NA,NA,NA,NA,NA,NA,NA,NA,NA,NA,NA,NA,NA,NA,NA
广州农村商业银行,2009,20160.04,8288.1,NA,NA,NA,NA,6244.97,NA,90724.14,NA,NA,36892.269999999997,NA,3042.7,45.16,NA,NA,NA,185691.51,226.05,NA,NA,NA,9585.2800000000007,110457.99,412.79,524.21,NA,NA,NA,1488.22,NA,51631.07,174325.61,6873.42,NA,NA,83.56,2549.87,1859.05,11365.9,NA,11365.9,185691.51,20294.13,NA,NA,NA,NA,NA,NA,NA,NA,NA,NA,NA,NA,NA,NA,NA,NA,NA,NA,NA,NA
广州农村商业银行,2010,33238.379999999997,4621.0600000000004,NA,149.29,2951.52,NA,18071.79,857.73,106686.41,20325.79,20588.16,106.23,NA,2315.56,31.71,314.64999999999998,327.52999999999997,883.43,211469.23,1836.95,NA,NA,NA,13564.36,178334.45,642.66,451.44,1311.14,NA,NA,16.41,526.38,NA,197480.43,6873.42,460.4,NA,458.24,4275.04,1852.46,13919.57,69.23,13988.79,211469.23,NA,796.64,NA,NA,NA,NA,NA,NA,NA,NA,NA,NA,NA,NA,NA,NA,NA,NA,NA,NA,NA
广州农村商业银行,2011,44347.81,9488.24,NA,NA,526.16999999999996,NA,45575.28,996.45,118898.69,5065.21,20495.29,161.07,23787.57,2275.48,33.99,730.59,299.75,1055.5899999999999,273737.2,27543.65,100,NA,NA,7561.45,212517.25,703.4,782.08,1937.8,NA,NA,26.5,584.39,NA,252311.18,8153.42,3924.47,NA,749.23,5855.04,2057.86,20740.009999999998,686,21426.01,273737.2,NA,554.66999999999996,NA,NA,NA,NA,NA,NA,NA,NA,NA,NA,NA,NA,NA,NA,NA,NA,NA,NA,NA
广州农村商业银行,2012,52324.69,10458.58,NA,470.8,2539.0700000000002,NA,73958.429999999993,1197.52,134833.23000000001,7764.18,16514.28,166.06,42952.43,2259.46,37.06,887.84,268.72000000000003,822.8,347455.14,29869.94,330.31,NA,NA,15825.83,265510.5,860.11,727.54,3370.12,3497.12,NA,33.979999999999997,966.88,NA,323065.90999999997,8153.42,4083.9,NA,1155.94,6464.22,3470.43,23327.9,1061.33,24389.23,347455.14,NA,2073.58,NA,NA,NA,NA,NA,NA,NA,NA,NA,NA,NA,NA,NA,NA,NA,NA,NA,NA,NA
广州农村商业银行,2013,65329.17,6841.07,NA,298.95999999999998,1745.36,NA,43656.75,1522.03,155982.29,25291.34,8553.36,173.3,64696.9,2172.09,61.55,1223.2,247,870.74,378665.14,26863.96,505,54.02,NA,302.95,312722.12,1193.26,1004.39,4139.25,3497.35,0.47,36.03,824.43,NA,351154.23,8153.42,3973.15,NA,1641.73,8373.9599999999991,4130.17,26272.42,1238.48,27510.9,378665.14,NA,11,NA,NA,NA,NA,NA,NA,NA,NA,NA,NA,NA,NA,NA,NA,NA,NA,NA,NA,NA
广州农村商业银行,2014,78636.08,32226.37,NA,10940,1469.76,NA,60960.959999999999,2312.91,180720.3,45459.17,8551.15,NA,40717.379999999997,1994.19,107.61,1297.71,225.91,988.12,466607.62,42016.97,600,7000,NA,8642.67,354438.56,1494.9,588.92999999999995,5713.02,12522.47,0.59,36.03,966.72,NA,434020.85,8153.42,4595.42,492.7,2182.4699999999998,9845.84,5390.76,30660.61,1926.16,32586.77,466607.62,NA,NA,NA,NA,NA,NA,NA,NA,NA,NA,NA,NA,NA,NA,NA,NA,NA,NA,NA,NA,NA
广州农村商业银行,2015,82151,49481.65,NA,1687.47,51810.46,NA,34176.660000000003,3587.8,216779.76,72123.289999999994,18433.580000000002,NA,47137.06,1867.55,136.13999999999999,2001.35,211.01,1222.44,582807.19999999995,104063.37,1006,1000,NA,11405.93,391061.88,1561.54,1479.93,7635.45,21676.87,NA,28.05,6192.06,NA,547111.06999999995,8153.42,4696.7,790.71,2690.09,10781.37,6665.65,33777.949999999997,1918.18,35696.129999999997,582807.19999999995,NA,NA,NA,NA,NA,NA,NA,NA,NA,NA,NA,NA,NA,NA,NA,NA,NA,NA,NA,NA,NA
广西北部湾银行,2006,1219.27,264.43,NA,NA,NA,NA,NA,2.12,NA,NA,NA,NA,NA,NA,37.950000000000003,NA,NA,43.93,9407.3799999999992,0,NA,NA,NA,NA,NA,NA,26.71,38.04,NA,NA,NA,NA,NA,9038.14,229.66,65.599999999999994,NA,73.92,0.08,NA,369.24,NA,369.24,9407.3799999999992,NA,NA,NA,NA,NA,NA,NA,NA,NA,NA,NA,NA,NA,NA,NA,NA,NA,NA,NA,NA,NA
广西北部湾银行,2007,5315.2,269.66000000000003,NA,NA,NA,NA,NA,0.17,NA,NA,NA,NA,NA,NA,10.1,NA,NA,18.420000000000002,10632.06,NA,NA,NA,NA,NA,NA,NA,63.88,58.88,NA,NA,NA,NA,NA,10303.370000000001,229.66,0.32,NA,76.39,22.33,NA,328.69,NA,328.69,10632.06,NA,NA,NA,NA,NA,NA,NA,NA,NA,NA,NA,NA,NA,NA,NA,NA,NA,NA,NA,NA,NA
广西北部湾银行,2008,5282.74,562.04,NA,NA,NA,NA,2519.8200000000002,24.73,7310.08,44.96,NA,2.75,NA,139.02000000000001,16.260000000000002,52.61,73.94,40.200000000000003,16069.15,NA,NA,NA,NA,NA,13228.08,54.35,41.48,47.29,NA,2.36,NA,119.73,NA,13493.3,2000,319.62,NA,36.93,138.44,80.86,2575.85,NA,2575.85,16069.15,NA,NA,NA,NA,NA,NA,NA,NA,NA,NA,NA,NA,NA,NA,NA,NA,NA,NA,NA,NA,NA
广西北部湾银行,2009,5754.67,1678.79,NA,NA,NA,NA,3915.1,43.23,13188.78,1162.97,1176.53,2.75,NA,205.07,20.82,65.73,65.55,58.36,27338.35,90.13,NA,NA,NA,NA,23555.01,112.13,93.99,56.13,NA,NA,NA,186.61,NA,24094,2000,826.37,NA,65.77,182.2,146.69999999999999,3221.03,23.32,3244.35,27338.35,NA,NA,NA,NA,NA,NA,NA,NA,NA,NA,NA,NA,NA,NA,NA,NA,NA,NA,NA,NA,NA
广西北部湾银行,2010,7047.61,1896.71,NA,NA,2477.54,NA,25024.81,64.58,17017.509999999998,2361,2841.29,2.75,NA,235.31,31.42,94.77,60.32,72.69,59228.31,1291.71,NA,22.52,NA,18773.7,34336.449999999997,176.55,125.21,103.72,NA,NA,NA,231.83,NA,55061.69,2000,1367.36,NA,109.63,440.58,224.54,4142.1000000000004,24.52,4166.62,59228.31,NA,NA,NA,NA,NA,NA,NA,NA,NA,NA,NA,NA,NA,NA,NA,NA,NA,NA,NA,NA,NA
广西北部湾银行,2011,9641.7999999999993,2411.86,NA,NA,2311.5,NA,59977.74,98.86,22985.94,4768,8221.09,36.89,NA,258.17,28.67,183.63,56.69,180.44,111161.28,7937.86,300,74.98,NA,50312.22,45684.76,197.46,278.24,250.28,995.99,NA,NA,381.32,NA,106413.11,2000,1228.25,NA,187.68,751.49,529.28,4696.71,51.45,4748.16,111161.28,NA,NA,NA,NA,NA,NA,NA,NA,NA,NA,NA,NA,NA,NA,NA,NA,NA,NA,NA,NA,NA
广西北部湾银行,2012,13562.17,1969.39,NA,771.43,1908.25,5.88,45763.7,224.28,35014.18,6785.88,2045.09,43.05,12307.32,272.04000000000002,438.81,329.19,58.48,216.77,121715.92,14321.67,30,298.56,4.76,38127.67,56077.18,355.43,333.98,336.15,996.25,NA,NA,3472.55,NA,114354.2,2500,2380.3200000000002,NA,313.32,1048.5899999999999,1060.3399999999999,7302.57,59.14,7361.72,121715.92,NA,NA,NA,NA,NA,NA,NA,NA,NA,NA,NA,NA,NA,NA,NA,NA,NA,NA,NA,NA,NA
广西北部湾银行,2013,14033.52,5527.55,2.11,698.73,1536.04,19.420000000000002,11050.32,610.53,35133.9,9178.14,2342.33,7.75,9548.0300000000007,267.93,433.47,906.9,54.48,238.26,91589.41,11586.01,140,1028.28,17.3,6518.78,58103.11,529.13,527.59,686.04,3985.83,NA,NA,907.16,NA,84029.23,2750,2055.4699999999998,NA,337.24,788.86,1488.45,7420.03,140.15,7560.18,91589.41,NA,NA,NA,NA,NA,NA,NA,NA,NA,NA,NA,NA,NA,NA,NA,NA,NA,NA,NA,NA,NA
广西北部湾银行,2014,16750.18,1176.49,2.11,18.36,1437.45,NA,6390.07,500.74,37117.199999999997,9546.11,1455.16,NA,9313.83,311.64,416.39,836.46,50.62,272.58999999999997,85595.41,4375.91,1195,699.11,NA,4212.7,56329.46,678.04,22.56,632.71,6976.88,NA,NA,1286.4100000000001,NA,76408.77,3250,3117.7,71.28,347.43,399.05,1845.71,9031.17,155.47,9186.64,85595.41,NA,NA,NA,NA,NA,NA,NA,NA,NA,NA,NA,NA,NA,NA,NA,NA,NA,NA,NA,NA,NA
广西北部湾银行,2015,13899.72,404.76,1.9,259.74,1277.0999999999999,NA,16490.060000000001,460.57,42273.97,16259.78,888.04,NA,18709.34,339.42,405.77,955.41,38.159999999999997,363.98,113027.72,7338.54,1145,665.59,0.73,18964.759999999998,63853.62,772.43,247.52,803.87,6984.45,NA,NA,1266.6099999999999,NA,102043.13,4384.1400000000003,3457.95,239.6,379.72,489.29,1863.73,10814.44,170.16,10984.6,113027.72,NA,NA,NA,NA,NA,NA,NA,NA,NA,NA,NA,NA,NA,NA,NA,NA,NA,NA,NA,NA,NA
廊坊银行,2006,598.07000000000005,560.79999999999995,NA,NA,NA,NA,NA,NA,NA,NA,NA,NA,NA,NA,NA,13.41,NA,NA,7429.45,NA,NA,NA,NA,NA,NA,NA,45.97,NA,NA,NA,NA,NA,NA,7024.87,300.02,1.32,NA,25.52,60.52,17.2,404.58,NA,404.58,7429.45,NA,NA,NA,NA,NA,NA,NA,NA,NA,NA,NA,NA,NA,NA,NA,NA,NA,NA,NA,NA,NA
廊坊银行,2007,1235,211.99,NA,NA,NA,NA,NA,NA,NA,NA,NA,NA,NA,NA,NA,10.74,NA,NA,8528.27,20.239999999999998,NA,NA,NA,NA,NA,NA,57.55,NA,NA,NA,NA,NA,NA,8028.88,330.02,1.32,NA,31.57,94.88,41.6,499.39,NA,499.39,8528.27,NA,NA,NA,NA,NA,NA,NA,NA,NA,NA,NA,NA,NA,NA,NA,NA,NA,NA,NA,NA,NA
廊坊银行,2008,1669.79,1515.46,NA,NA,767.8,NA,NA,0.22,6165.46,NA,519.86,NA,NA,91.15,NA,18.510000000000002,NA,91.8,10840.03,39.1,NA,NA,NA,550,9226.6,31.6,43.13,134.34,NA,0.04,NA,210.35,NA,10235.15,330.02,1.32,NA,44.36,172.95,56.23,604.88,NA,604.88,10840.03,NA,NA,NA,NA,NA,NA,NA,NA,NA,NA,NA,NA,NA,NA,NA,NA,NA,NA,NA,NA,NA
廊坊银行,2009,2269.83,942.21,NA,NA,1129.74,NA,NA,0.24,8788.93,NA,1014.03,NA,NA,85.2,5,8.42,NA,248.14,14491.74,23.23,NA,NA,NA,NA,12370.5,33.72,29.32,139.72,NA,0.27,NA,845.64,NA,13442.41,428.02,171.32,NA,135.53,236.04,78.42,1049.32,NA,1049.32,14491.74,NA,NA,NA,NA,NA,NA,NA,NA,NA,NA,NA,NA,NA,NA,NA,NA,NA,NA,NA,NA,NA
廊坊银行,2010,3578.26,470.98,NA,100,1429.9,NA,NA,0.05,11232.5,NA,1287.19,31.57,NA,191.65,4.4400000000000004,29.49,NA,428.05,18784.080000000002,34.32,NA,NA,NA,200,15897.65,43.56,102.97,170.56,NA,NA,NA,675,NA,17124.060000000001,547.02,361.72,NA,152.43,386.3,99.11,1546.58,113.44,1660.02,18784.080000000002,NA,NA,NA,NA,NA,NA,NA,NA,NA,NA,NA,NA,NA,NA,NA,NA,NA,NA,NA,NA,NA
廊坊银行,2011,4723.8500000000004,335.94,NA,NA,1165.49,NA,128.61000000000001,49.93,13804.01,NA,1862.61,NA,NA,191.25,3.95,45.29,NA,511.34,22822.27,62.74,400,NA,NA,499,18803.63,53.56,166.23,289.69,NA,NA,NA,542.11,NA,20816.95,547.02,361.72,NA,176.75,611.38,114.84,1811.71,193.62,2005.32,22822.27,NA,NA,NA,NA,NA,NA,NA,NA,NA,NA,NA,NA,NA,NA,NA,NA,NA,NA,NA,NA,NA
廊坊银行,2012,5327.09,865.96,NA,NA,1115.03,NA,669.4,105.07,14842.27,NA,1939.01,NA,NA,317.7,3.37,72.77,NA,822.19,26079.86,515.13,400,NA,NA,NA,21294.47,53.86,149.63999999999999,371.13,NA,NA,NA,839.51,NA,23623.74,608.02,460.09,NA,209.41,827.23,133.76,2238.5100000000002,217.61,2456.12,26079.86,NA,NA,NA,NA,NA,NA,NA,NA,NA,NA,NA,NA,NA,NA,NA,NA,NA,NA,NA,NA,NA
廊坊银行,2013,5958.75,1229.8699999999999,NA,NA,994.24,NA,1194.5999999999999,127.06,16659.23,NA,2751.31,NA,NA,349.98,2.79,85.81,NA,959.01,30312.639999999999,501.18,600,NA,NA,198.8,24787.61,89.76,96.67,419.16,NA,NA,NA,1019.88,NA,27713.07,608.02,460.09,NA,243.19,783.23,256.48,2351.0100000000002,248.56,2599.58,30312.639999999999,NA,NA,NA,NA,NA,NA,NA,NA,NA,NA,NA,NA,NA,NA,NA,NA,NA,NA,NA,NA,NA
廊坊银行,2014,6301.72,381.74,NA,24.48,1142.4100000000001,NA,661.7,143.30000000000001,17821.78,NA,3359.04,NA,NA,429.69,2.85,94.96,NA,998.5,31362.15,71.150000000000006,141,NA,NA,NA,26533.71,82.11,110.51,528.82000000000005,NA,1.49,1.5,1140.0999999999999,NA,28610.39,608.02,460.09,NA,261.56,860.76,293.85000000000002,2484.29,267.48,2751.77,31362.15,NA,NA,NA,NA,NA,NA,NA,NA,NA,NA,NA,NA,NA,NA,NA,NA,NA,NA,NA,NA,NA
廊坊银行,2015,5774.12,393.68,NA,NA,1705.45,NA,100,155.41,17279.77,NA,2934.05,NA,3590.16,459.43,1.67,109.19,NA,823.41,33326.339999999997,40.840000000000003,50,194.81,NA,280,27814.07,72.010000000000005,89.64,552.4,NA,9.7799999999999994,NA,670.83,NA,30774.38,608.02,460.09,NA,283.13,892.45,308.26,2551.96,NA,2551.96,33326.339999999997,NA,1000,NA,NA,NA,NA,NA,NA,NA,NA,NA,NA,NA,NA,NA,NA,NA,NA,NA,NA,NA
张家港农商行,2005,2084.06,1060.1300000000001,NA,NA,NA,NA,NA,77.16,7927.89,872.43,1631.72,0.96,NA,173.64,15.34,92.75,NA,174.25,14110.32,NA,NA,NA,NA,NA,12972.62,94.48,81.78,105.57,NA,2.82,NA,31.02,NA,13288.29,358,31.4,NA,113.72,63.93,254.97,822.03,NA,822.03,14110.32,NA,NA,NA,NA,NA,NA,NA,NA,NA,NA,NA,NA,NA,NA,NA,NA,NA,NA,NA,NA,NA
张家港农商行,2006,1715.87,763.83,NA,NA,NA,NA,NA,NA,9700.99,NA,NA,4591.5600000000004,NA,229.91,NA,NA,NA,NA,19271.14,1.6,NA,NA,NA,900,10110.81,5.99,12.09,NA,NA,NA,1999.36,NA,5244.89,18274.75,386.64,25.68,NA,153.76,171.63,258.68,996.39,NA,996.39,19271.14,2268.98,NA,NA,NA,NA,NA,NA,NA,NA,NA,NA,NA,NA,NA,NA,NA,NA,NA,NA,NA,NA
张家港农商行,2007,2893.03,3117.54,NA,NA,NA,NA,593.1,179.16,11077.54,1105.46,5116.03,0.6,NA,253.77,100.63,55.67,NA,69.47,24561.99,NA,NA,NA,NA,3746.89,18053.05,29.83,33.729999999999997,180.03,NA,1.06,NA,60.74,NA,22105.34,542.26,858.63,NA,269.76,501.65,284.37,2456.66,NA,2456.66,24561.99,NA,NA,NA,NA,NA,NA,NA,NA,NA,NA,NA,NA,NA,NA,NA,NA,NA,NA,NA,NA,NA
张家港农商行,2008,2996.65,3262,NA,NA,NA,NA,NA,202.57,12976.3,224.39,6486.93,193.92,NA,277.8,94.97,65.010000000000005,NA,43.08,26823.62,34.340000000000003,NA,NA,NA,2920,20595.830000000002,44.15,36.01,283.02999999999997,NA,0.1,NA,38.58,NA,23952.03,542.26,864.51,NA,496.04,565.63,360.22,2828.66,42.92,2871.58,26823.62,NA,NA,NA,NA,NA,NA,NA,NA,NA,NA,NA,NA,NA,NA,NA,NA,NA,NA,NA,NA,NA
张家港农商行,2009,6742.84,NA,NA,NA,NA,NA,NA,182.3,17599.18,1445.41,5825.91,241.17,NA,283.73,96.36,48.06,NA,28.23,32500.47,NA,NA,NA,NA,2350,NA,69.099999999999994,12.28,263.92,NA,5.85,NA,NA,26550.28,29251.439999999999,542.26,883.23,NA,729.3,610.91999999999996,440.07,3205.78,43.25,3249.03,32500.47,7.28,NA,NA,NA,NA,NA,NA,NA,NA,NA,NA,NA,NA,NA,NA,NA,NA,NA,NA,NA,NA
张家港农商行,2010,11421.24,NA,NA,NA,NA,NA,7685.24,204.24,22152.98,742.44,9680.5300000000007,308.39,NA,295.39999999999998,96.94,66.67,NA,17.46,52690.3,NA,50,NA,NA,4250,NA,81.16,54.91,303.89999999999998,NA,NA,NA,NA,44194.16,48934.13,542.26,867.95,NA,1030.42,726.42,540.45000000000005,3707.5,48.68,3756.17,52690.3,18.78,NA,NA,NA,NA,NA,NA,NA,NA,NA,NA,NA,NA,NA,NA,NA,NA,NA,NA,NA,NA
张家港农商行,2011,10091.629999999999,13073.29,NA,324.5,NA,NA,7230.33,331.56,26716.84,350.96,11063.81,476.37,NA,327,96.3,97.8,NA,65.45,70245.84,15168.56,80,NA,NA,6266.72,43481.81,95.5,63.24,505.74,NA,NA,NA,62.87,NA,65724.429999999993,1084.51,330.88,NA,1428.82,941.42,673.25,4458.88,62.54,4521.42,70245.84,NA,NA,NA,NA,NA,0,NA,NA,NA,NA,NA,NA,NA,0,NA,0,NA,NA,NA,NA,NA
张家港农商行,2012,10220.280000000001,11832.76,NA,NA,199.15,NA,4147.6000000000004,358.51,30462.67,1419.75,11789.6,409.89,NA,327.39,103.76,170.56,NA,86.01,71527.929999999993,12919.08,80,NA,NA,8074.33,44235.56,173.64,39.53,566.34,NA,0.72,NA,336.89,29.43,66455.509999999995,1626.77,313.19,19.84,1842.95,361.22,811.29,4975.26,97.16,5072.42,71527.929999999993,NA,NA,NA,NA,NA,NA,NA,NA,NA,NA,NA,NA,NA,NA,NA,NA,NA,NA,NA,NA,NA
张家港农商行,2013,11490.33,11726.01,NA,NA,189.77,NA,837.55,358.06,35102.83,3584.11,7724.42,518.91999999999996,NA,335.32,104.75,273.45,NA,324.86,72570.399999999994,7686.27,122.81,65.25,NA,6441.01,51310.52,152.66,88.08,855.85,NA,NA,NA,206.97,47.14,66976.56,1626.77,313.19,-79.97,2280.71,373.44,957.31,5471.45,122.38,5593.83,72570.399999999994,NA,NA,NA,NA,NA,NA,NA,NA,NA,NA,NA,NA,NA,NA,NA,NA,NA,NA,NA,NA,NA
张家港农商行,2014,11599.34,6011.56,NA,NA,753.57,NA,673.38,428.53,37081.199999999997,5648.67,7917.38,615.97,NA,412.01,107.39,350.39,NA,370.84,71970.23,1433.73,373,NA,NA,8495.35,53320.13,214.15,34.35,1068.1400000000001,NA,11.29,NA,499.24,68.08,65517.45,1626.77,313.19,57.67,2573.69,664.97,1103.8,6340.09,112.68,6452.77,71970.23,NA,NA,NA,NA,NA,NA,NA,NA,NA,NA,NA,NA,NA,NA,NA,NA,NA,NA,NA,NA,NA
张家港农商行,2015,9273.4500000000007,4334.43,NA,264.44,498.37,NA,NA,542.73,38504,21634.49,4954.3,701.42,NA,418.04,110.44,485.29,NA,632.24,82353.649999999994,3901.4,260,84.42,NA,10444.790000000001,56386.51,253.82,61.4,1277.58,1997.43,84,NA,383.84,75.09,75210.27,1626.77,313.19,275.23,2840.78,734,1237.3399999999999,7027.31,116.07,7143.38,82353.649999999994,NA,NA,NA,NA,NA,NA,NA,NA,NA,NA,NA,NA,NA,NA,NA,NA,NA,NA,NA,NA,NA
德阳银行,2004,309.2,105.28,NA,NA,NA,NA,NA,NA,NA,NA,NA,NA,NA,NA,3.14,NA,NA,NA,3755.9,29.94,NA,NA,NA,339.6,NA,NA,3.73,NA,NA,NA,NA,NA,NA,3619.76,121.38,8.65,NA,0.61,5.49,NA,136.13999999999999,NA,136.13999999999999,3755.9,NA,NA,NA,NA,NA,NA,NA,NA,NA,NA,NA,NA,NA,NA,NA,NA,NA,NA,NA,NA,NA
德阳银行,2005,591.64,223.3,NA,NA,NA,NA,NA,NA,NA,NA,NA,NA,NA,NA,2.98,NA,NA,NA,4863.17,42.31,NA,NA,NA,200,NA,NA,5.3,NA,NA,NA,NA,NA,NA,4720.49,121.38,8.65,NA,0.61,12.04,NA,142.69,NA,142.69,4863.17,NA,NA,NA,NA,NA,NA,NA,NA,NA,NA,NA,NA,NA,NA,NA,NA,NA,NA,NA,NA,NA
德阳银行,2006,849.98,105.2,NA,NA,NA,NA,NA,NA,NA,NA,NA,NA,NA,NA,2.84,NA,NA,NA,5833.51,24.19,NA,NA,NA,NA,NA,NA,5.55,NA,NA,NA,NA,NA,NA,5480.6,321.38,8.65,NA,19.66,3.2,NA,352.91,NA,352.91,5833.51,NA,NA,NA,NA,NA,NA,NA,NA,NA,NA,NA,NA,NA,NA,NA,NA,NA,NA,NA,NA,NA
德阳银行,2007,1651.57,63.33,NA,NA,NA,NA,NA,NA,NA,NA,NA,NA,NA,NA,2.72,NA,NA,NA,8698.41,316.51,NA,NA,NA,495.3,NA,NA,9.51,NA,NA,NA,NA,NA,NA,8332.42,321.38,8.65,NA,23.38,11.57,1,365.99,NA,365.99,8698.41,NA,NA,NA,NA,NA,NA,NA,NA,NA,NA,NA,NA,NA,NA,NA,NA,NA,NA,NA,NA,NA
德阳银行,2008,2099.5700000000002,177.44,0.25,NA,909.44,NA,939.2,30.25,6319.31,NA,1358.33,10.65,NA,107.16,2.6,NA,NA,627.07000000000005,12581.27,385.27,NA,15.97,NA,400,10668.57,NA,8.23,79.25,NA,NA,NA,543.71,NA,12101.11,371.38,8.65,NA,31.85,67.27,1,480.16,NA,480.16,12581.27,NA,NA,NA,NA,NA,NA,NA,NA,NA,NA,NA,NA,NA,NA,NA,NA,NA,NA,NA,NA,NA
德阳银行,2009,2992.56,409.27,0.25,NA,3651.49,NA,149.25,46.25,9910.73,NA,2283.56,10.65,NA,131.13,2.48,NA,NA,447.72,20035.349999999999,496.25,NA,23.72,NA,1804.2,16374.47,0.2,27.04,85.02,153,NA,NA,449.24,NA,19413.13,371.38,8.65,NA,43.9,197.27,1,622.21,NA,622.21,20035.349999999999,NA,NA,NA,NA,NA,NA,NA,NA,NA,NA,NA,NA,NA,NA,NA,NA,NA,NA,NA,NA,NA
德阳银行,2010,4280.13,2400.77,0.25,NA,1275.5,NA,3229.9,119.6,12506.98,2816.66,4747.4399999999996,10.65,NA,160.08000000000001,9.68,67.989999999999995,1.75,23.26,31650.639999999999,1907.16,NA,92.72,NA,1554.9,26496.720000000001,22,125.49,117.17,150,0.8,NA,32.6,NA,30499.55,434.38,98.34,NA,96.11,372.93,149.33000000000001,1151.0899999999999,NA,1151.0899999999999,31650.639999999999,NA,NA,NA,NA,NA,NA,NA,NA,NA,NA,NA,NA,NA,NA,NA,NA,NA,NA,NA,NA,NA
德阳银行,2011,5312.12,1225.99,0.25,355.24,2042.58,NA,NA,154.26,14763.89,8343.51,4603.1099999999997,15.16,NA,297.04000000000002,11.1,115.42,12.76,26.5,37278.92,4223.7700000000004,NA,69.31,NA,3576.2,27011.69,25.42,76.28,233.74,150,1.38,NA,59.76,NA,35427.54,517.25,194.21,NA,153.28,795.42,191.22,1851.38,NA,1851.38,37278.92,NA,NA,NA,NA,NA,NA,NA,NA,NA,NA,NA,NA,NA,NA,NA,NA,NA,NA,NA,NA,NA
德阳银行,2012,7929.76,5528.36,0.25,44,1138.3900000000001,NA,208.05,230.46,17357.02,5001.03,4316.58,18,4060.55,373.34,22.45,162.13,12.3,49.26,46451.93,6042.21,200,802.08,NA,5790.99,30325.51,22.95,111.26,389.9,150,1.3,NA,113.08,NA,43949.27,942.92,203.83,NA,216.24,734.24,405.43,2502.66,NA,2502.66,46451.93,NA,NA,NA,NA,NA,NA,NA,NA,NA,NA,NA,NA,NA,NA,NA,NA,NA,NA,NA,NA,NA
德阳银行,2013,8406.14,2648.32,0.28000000000000003,NA,773.5,NA,9169.5400000000009,283.27999999999997,21536.92,2408.6,3976.37,0.25,4444.3,456.51,52.28,242.72,13.05,163.1,54575.16,10322.219999999999,476.07,515.26,NA,3059.78,36359.120000000003,20.16,113.77,445.57,135,NA,NA,177.09,NA,51624.05,942.92,148.93,NA,272.05,1061.26,439.27,2864.43,86.67,2951.1,54575.16,NA,NA,NA,NA,NA,NA,NA,NA,NA,NA,NA,NA,NA,NA,NA,NA,NA,NA,NA,NA,NA
德阳银行,2015,8215.33,539.48,0.27,386.74,777.78,NA,6204.25,717.87,29818.880000000001,4404.5,5166.24,NA,25222.1,915.86,73.260000000000005,561.44000000000005,12.06,179.34,83195.399999999994,9702.1,1006.54,735.07,NA,6586.73,45647.8,91.33,203.41,733.37,12479.15,NA,NA,668.78,NA,77854.28,1598.86,1443.08,NA,344.05,885.59,952.82,5224.42,116.71,5341.12,83195.399999999994,NA,NA,NA,NA,NA,NA,NA,NA,NA,NA,NA,NA,NA,NA,NA,NA,NA,NA,NA,NA,NA
徽商银行,2006,9594.7999999999993,640.79999999999995,NA,NA,503.21,NA,1751.89,194.11,42326.26,5218.3999999999996,7401.18,NA,NA,880.38,77.040000000000006,240.32,NA,219.41,71269.119999999995,711.58,NA,754.57,NA,2421.7199999999998,63500.19,206.59,206.14,206.17,NA,NA,NA,456.77,NA,68463.740000000005,2773.64,83.84,NA,28.85,-80.94,NA,2805.39,NA,2805.39,71269.119999999995,NA,NA,NA,NA,NA,NA,NA,NA,NA,NA,NA,NA,NA,NA,NA,NA,NA,NA,NA,NA,NA
徽商银行,2007,18177.740000000002,1490.01,NA,NA,739.97,NA,8424.5300000000007,340.14,54475.74,5517.28,11787.49,NA,NA,879.43,74.69,126.17,NA,159.46,105404.77,1128.32,NA,380.88,NA,15031.16,83342.39,238.82,513.5,340.52,NA,NA,NA,452.7,NA,101428.29,3174.82,93.2,NA,117.02,591.44000000000005,NA,3976.49,NA,3976.49,105404.77,NA,NA,NA,NA,NA,NA,NA,NA,NA,NA,NA,NA,NA,NA,NA,NA,NA,NA,NA,NA,NA
徽商银行,2008,19560.400000000001,1592.05,NA,353.94,2497.38,NA,2841.65,626.36,74763.44,16856.2,8991.7199999999993,100,1661.12,1061.51,78.19,185.38,NA,140.08000000000001,131309.43,10415.129999999999,NA,5183.8100000000004,NA,753.97,100248.55,627.27,370.61,529.75,NA,NA,1.62,1221.9100000000001,NA,119352.62,8174.82,2384.11,NA,243.11,577.39,577.38,11956.81,NA,11956.81,131309.43,NA,NA,NA,NA,NA,NA,NA,NA,NA,NA,NA,NA,NA,NA,NA,NA,NA,NA,NA,NA,NA
徽商银行,2009,25929.69,515.48,NA,2489.63,2772.87,NA,3814.69,698.92,94086.82,18756.18,8857.93,100,2556.8200000000002,1206.3800000000001,94.43,412.05,NA,107.74,162399.64000000001,4970.78,NA,2487.94,NA,7038.03,132560.68,815.24,316.39,560.13,NA,NA,NA,841.22,NA,149590.39999999999,8174.82,2058.2399999999998,NA,418.67,1080.1300000000001,1077.3800000000001,12809.24,NA,12809.24,162399.64000000001,NA,NA,NA,NA,NA,NA,NA,NA,NA,NA,NA,NA,NA,NA,NA,NA,NA,NA,NA,NA,NA
徽商银行,2010,34579.53,1496.35,NA,1237.1500000000001,2717.9,NA,10542.88,796.09,114058.44,20865.63,13190.68,153.44,6888.46,1150.47,101.66,681.67,NA,515.79,208976.15,9822.44,NA,1263.1400000000001,NA,20797.97,159582.01,1076.1600000000001,532.77,632.65,NA,NA,NA,911.72,NA,194618.86,8174.82,1721.42,NA,688.9,2694.77,1077.3800000000001,14357.29,NA,14357.29,208976.15,NA,NA,NA,NA,NA,NA,NA,NA,NA,NA,NA,NA,NA,NA,NA,NA,NA,NA,NA,NA,NA
徽商银行,2011,55828.639999999999,7076.21,NA,3581.17,5035.8100000000004,NA,5317.38,1043.98,133922.88,18356.900000000001,20604.55,185.19,3815.12,1186.0899999999999,88.94,751.47,NA,187.23,256981.56,9323.49,NA,3534.52,NA,16184.8,203579.7,1177.6099999999999,404.88,1277.75,3991.46,NA,NA,423.83,NA,239898.03,8174.82,1772.53,NA,1308.4000000000001,4550.3999999999996,1277.3800000000001,17083.53,NA,17083.53,256981.56,NA,NA,NA,NA,NA,NA,NA,NA,NA,NA,NA,NA,NA,NA,NA,NA,NA,NA,NA,NA,NA
徽商银行,2012,57649.279999999999,3833.66,NA,2813.38,3598.83,NA,38198.120000000003,1357.8,159941.48000000001,25580.6,26062.73,220.25,1814.19,1404.41,81.98,851.16,NA,816.48,324224.36,5965.25,NA,898.2,NA,47883.47,239543.12,1155.57,504.45,1937.54,3991.83,NA,NA,1864.01,NA,303743.43,8174.82,1806.7,-125.68,2088.3000000000002,7064.41,1472.38,20480.919999999998,NA,20480.919999999998,324224.36,NA,NA,NA,NA,NA,NA,NA,NA,NA,NA,NA,NA,NA,NA,NA,NA,NA,NA,NA,NA,NA
徽商银行,2013,76178.460000000006,10999.66,NA,1192.25,1805.29,5.7,36772.43,1550.2,191280.4,29964.720000000001,27772.21,334.74,723.57,1512.19,74.95,1113.24,NA,829.1,382109.09,17433.41,NA,1537.05,5.05,42727.92,272798.24,1101.3699999999999,375.77,2897.81,8986.42,NA,NA,2574.13,NA,350437.16,11049.82,6751.04,-909.55,3011.59,8659.44,3062.78,31625.119999999999,46.81,31671.93,382109.09,NA,NA,NA,NA,NA,NA,NA,NA,NA,NA,NA,NA,NA,NA,NA,NA,NA,NA,NA,NA,NA
徽商银行,2014,76420.87,11352.33,NA,9232.91,2963.95,1.88,53200.62,2046.92,214734.24,71572.33,30020.85,325.61,7797.47,1415.03,266.97000000000003,955.79,NA,456.56,482764.31,24430.29,107,1682,2.39,72481.22,317870.03999999998,1185.47,824.51,4114.7700000000004,18750.990000000002,NA,NA,4762.71,NA,446211.39,11049.82,6751.04,-109.41,4071.25,10868.06,3743.46,36374.22,178.7,36552.92,482764.31,NA,NA,NA,NA,NA,NA,NA,NA,NA,NA,NA,NA,NA,NA,NA,NA,NA,NA,NA,NA,NA
徽商银行,2015,78414.03,10283.25,NA,20990.41,2730.12,3.79,42919.94,3477.64,237428.1,96271.65,42257.24,413.58,89134.25,1617.38,256.14999999999998,1274.06,NA,1156.74,636130.62,89286.19,NA,7911.16,20,45431.77,359224.55,1323.73,1467.36,5988.93,79425.7,NA,NA,3705.98,NA,593785.36,11049.82,6751.04,270.64,5249.97,13121.39,4716.29,41159.14,1186.1199999999999,42345.26,636130.62,7502.27,NA,NA,NA,NA,NA,NA,NA,NA,NA,NA,NA,NA,NA,NA,NA,NA,NA,NA,NA,NA
恒丰银行,2004,2612.12,2224.35,NA,131.44,NA,NA,NA,NA,NA,NA,NA,NA,NA,NA,1.08,NA,NA,NA,27243.66,1528.54,NA,NA,NA,4291.4799999999996,NA,NA,41.54,NA,NA,NA,NA,NA,NA,26111.98,1000,NA,NA,44.47,87.21,NA,1131.68,NA,1131.68,27243.66,NA,NA,NA,NA,NA,NA,NA,NA,NA,NA,NA,NA,NA,NA,NA,NA,NA,NA,NA,NA,NA
恒丰银行,2005,4243.01,581.87,NA,11.27,NA,NA,NA,NA,NA,NA,NA,NA,NA,NA,1.08,NA,NA,NA,36971.25,3313.21,NA,NA,NA,4006.55,NA,NA,72.37,NA,NA,NA,NA,NA,NA,35761.06,1000,NA,NA,64.650000000000006,145.54,NA,1210.19,NA,1210.19,36971.25,NA,NA,NA,NA,NA,NA,NA,NA,NA,NA,NA,NA,NA,NA,NA,NA,NA,NA,NA,NA,NA
恒丰银行,2006,7768.89,497.89,NA,NA,NA,NA,NA,199.13,NA,NA,NA,8,NA,NA,0.91,NA,NA,NA,56672.3,1128.3599999999999,NA,NA,NA,NA,NA,NA,81.55,NA,NA,NA,NA,NA,NA,55051.58,1000,NA,NA,80.83,238.16,302.57,1620.72,NA,1620.72,56672.3,NA,NA,-0.84,NA,NA,NA,NA,NA,NA,NA,NA,NA,NA,NA,NA,NA,NA,NA,NA,NA,NA
恒丰银行,2007,15406.7,1991.77,NA,NA,NA,NA,NA,254.37,NA,NA,NA,8,NA,NA,4.3499999999999996,NA,NA,NA,107372.6,11666.07,NA,NA,NA,NA,NA,NA,172.83,NA,NA,NA,NA,NA,NA,105381.61,1000,NA,NA,126.04,502.09,365.57,1990.99,NA,1990.99,107372.6,NA,NA,-2.71,NA,NA,NA,NA,NA,NA,NA,NA,NA,NA,NA,NA,NA,NA,NA,NA,NA,NA
恒丰银行,2008,16577.72,3809.58,NA,720,648.63,NA,37744.370000000003,221.8,65033.8,8077.23,13455.84,8,NA,1542.67,4.2300000000000004,16.04,NA,3135.99,150995.91,19783.97,NA,94.68,NA,37655.480000000003,85136.74,67.08,245.37,787.34,600,4.0999999999999996,NA,2517.87,NA,146892.63,1690,790.31,NA,204.92,887.82,530.22,4103.28,NA,4103.28,150995.91,NA,NA,NA,NA,NA,NA,NA,NA,NA,NA,NA,NA,NA,NA,NA,NA,NA,NA,NA,NA,NA
恒丰银行,2009,25970.15,16952.080000000002,NA,284.14,14643.8,NA,28777.43,391.14,92966.53,8509.41,21237.58,65.64,NA,1995.31,4.1399999999999997,19.96,NA,1946.86,213764.15,36451.72,NA,308.51,NA,26799.47,133338.44,50.86,200.87,684.14,1600,67.430000000000007,NA,4135.95,NA,203637.39,4372,3669.52,NA,323.95,1168.17,593.13,10126.77,NA,10126.77,213764.15,NA,NA,NA,NA,NA,NA,NA,NA,NA,NA,NA,NA,NA,0,NA,NA,NA,NA,NA,NA,NA
恒丰银行,2010,31761.49,14781.39,NA,2590.04,3332.75,NA,37715.660000000003,834.08,118646.45,8807.2900000000009,52434.89,91.14,NA,2375.0100000000002,6.73,39.67,NA,743.12,274159.71999999997,67250.22,558.91,1546.32,NA,8940.67,172397.32,117.56,152.22999999999999,1261.31,1600,3.79,NA,4961.07,NA,258789.41,5576,6080.12,NA,560.22,1767.96,1266.51,15250.8,119.5,15370.3,274159.71999999997,NA,NA,NA,NA,NA,0,NA,0,NA,NA,NA,NA,NA,0,NA,NA,NA,NA,NA,NA,NA
恒丰银行,2011,42778.54,45205.38,NA,1309.28,4736.45,NA,102445.02,1391.49,142106.44,16029.25,26150.77,145.63999999999999,40870.49,3602.48,6.21,255.64,NA,10255.790000000001,437288.87,90675.61,739.01,2433.0100000000002,NA,108523.53,202685.84,114.25,935.19,2260.27,1000,102.74,NA,7730.22,NA,417199.66,6076.43,6494.25,NA,568.38,5072.5200000000004,1622.31,19833.88,255.33,20089.21,437288.87,NA,NA,NA,NA,NA,NA,NA,NA,NA,NA,NA,NA,NA,NA,NA,NA,NA,NA,NA,NA,NA
恒丰银行,2012,64093,35455.67,NA,8585.59,5566.39,NA,108755.86,2743.1,167650.23000000001,35207.54,27516.69,155.4,156984.09,4082.19,6.75,591.95000000000005,NA,555.26,617949.71,173695.84,377.11,2512.85,NA,79172.929999999993,306507.40999999997,154.66999999999999,1291.48,3948.46,1000,85.16,NA,2376.19,NA,592084.76,7048.66,6450.19,NA,980.76,9100.67,1988.81,25569.09,295.86,25864.95,617949.71,NA,20962.650000000001,NA,NA,NA,NA,NA,NA,NA,NA,NA,NA,NA,NA,NA,NA,NA,NA,NA,NA,NA
恒丰银行,2013,76328.95,24780.41,NA,3281.25,4452.95,NA,61743.39,3130.82,200734.46,16347.56,68540.53,65.64,303576.5,5985.78,7.24,1321.93,NA,1878.84,772176.26,304813.68,426.84,2604.5100000000002,NA,45435.29,370201.8,262.13,1800.39,6845.88,1000,137.19,NA,1296.56,NA,739642.74,8176.44,6099.53,NA,1555.19,12292.38,3905.39,32028.93,504.59,32533.52,772176.26,NA,4818.47,NA,NA,NA,NA,NA,0,NA,NA,NA,NA,NA,NA,NA,NA,NA,NA,NA,NA,NA
恒丰银行,2014,97758.52,26021.65,2681.19,1002.5,409.04,NA,50223.8,4247.0200000000004,232957.75,6785.25,59009.89,NA,353980.58,7088.56,6.79,1394.76,NA,4988,848555.29,279821.31,606.04,1256.2,NA,7456.43,476626.37,863.43,1622.24,11155.95,8000,NA,NA,1131.23,NA,806567.72,10049.64,8324.91,-74.540000000000006,2142.9699999999998,15823.7,5148.79,41415.46,572.11,41987.57,848555.29,NA,18028.53,NA,NA,NA,NA,NA,NA,NA,NA,NA,NA,NA,NA,NA,0,NA,NA,NA,NA,NA
恒丰银行,2015,97276.67,8073.62,2277.25,3692.66,4334.8500000000004,NA,65693.06,4436.3599999999997,308368.51,55054.07,59826.96,NA,437066.97,9805.42,19.93,1834,NA,10395.36,1068155.67,184677.01,15433.2,3279.1,NA,28634.73,605616.81999999995,1235.21,1821.69,10434.86,97550.11,NA,NA,24888.17,NA,1011187.64,11894.63,12568.86,813.9,2845.67,21016.799999999999,7215.96,56355.82,612.21,56968.03,1068155.67,NA,37616.730000000003,NA,NA,NA,NA,NA,NA,NA,NA,NA,NA,NA,0,NA,NA,NA,NA,NA,NA,NA
成都银行,2006,4463.75,407.49,NA,NA,NA,NA,NA,NA,NA,NA,NA,NA,NA,NA,17.079999999999998,NA,NA,NA,37445.26,383.35,6,NA,NA,NA,NA,NA,35.85,NA,NA,NA,NA,NA,NA,36088.01,1251.03,15.65,NA,78.19,12.39,NA,1357.25,NA,1357.25,37445.26,NA,NA,NA,NA,NA,NA,NA,NA,NA,NA,NA,NA,NA,NA,NA,NA,NA,NA,NA,NA,NA
成都银行,2007,9871.4,1842.5,NA,12,NA,NA,4519.6000000000004,103.34,28994.1,22.51,4009.03,10.4,NA,776.73,14.01,442.45,NA,825.99,51444.07,254.76,895.38,27.73,NA,NA,48825.31,211.18,134.81,163.53,NA,NA,13.52,218.83,NA,50745.05,1623.53,398.47,NA,0.93,-1328.99,5.09,699.02,NA,699.02,51444.07,NA,NA,NA,NA,NA,NA,NA,NA,NA,NA,NA,NA,NA,NA,NA,NA,NA,NA,NA,NA,NA
成都银行,2008,13329.83,2949.78,NA,NA,NA,NA,8539.5,169.28,42112.61,11.45,4612.9399999999996,10.4,NA,757.67,12.03,229.98,NA,572.97,73308.44,311.91000000000003,933.2,180.28,NA,NA,63039.88,293.56,221.42,303,NA,NA,1.2,1327.9,NA,66612.350000000006,3251.03,4017.68,NA,NA,-942.17,369.55,6696.09,NA,6696.09,73308.44,NA,NA,NA,NA,NA,NA,NA,NA,NA,NA,NA,NA,NA,NA,NA,NA,NA,NA,NA,NA,NA
成都银行,2009,16925.07,3078.35,NA,180.45,NA,NA,18037,168.32,56618.879999999997,57.76,6739.19,10.4,1625,783.93,9.48,149.76,NA,736.22,105119.82,906.38,973.77,20.48,NA,2000,91429.24,365.8,3.3,316.62,NA,NA,NA,1326.08,NA,97341.67,3251.03,4016.23,NA,14.13,-152.69999999999999,649.45000000000005,7778.14,NA,7778.14,105119.82,NA,NA,NA,NA,NA,NA,NA,NA,NA,NA,NA,NA,NA,NA,NA,NA,NA,NA,NA,NA,NA
成都银行,2010,23172.959999999999,15103.83,NA,NA,NA,NA,25977.95,314.01,66106.16,1000,13635.7,170.33,4024.82,969.63,125.07,274.04000000000002,NA,445.32,151319.81,7421.86,1017.39,52.98,NA,9628,122480.12,471.49,222.7,382.17,NA,NA,NA,630.28,NA,142307.01,3251.03,4015.65,NA,176.67,635.96,933.5,9012.81,NA,9012.81,151319.81,NA,NA,NA,NA,NA,NA,NA,NA,NA,NA,NA,NA,NA,NA,NA,NA,NA,NA,NA,NA,NA
成都银行,2011,27731.46,40382.239999999998,NA,NA,NA,NA,6055.93,630.29999999999995,78475.23,2050,20382.939999999999,321.08999999999997,3584.98,1000.01,155.82,353.6,NA,270.58,181394.19,26054.080000000002,1064.3,1400,NA,2461.6999999999998,134798.56,606.91,330.91,936.21,2400,NA,NA,393.19,NA,170445.86,3251.03,4015.65,NA,417.16,1875.11,1370.36,10929.3,19.03,10948.33,181394.19,NA,NA,NA,NA,NA,NA,NA,NA,NA,NA,NA,NA,NA,NA,NA,NA,NA,NA,NA,NA,NA
成都银行,2012,40246.06,52729.279999999999,NA,551.52,20,NA,15639.1,859.35,91799.73,5485.56,22369.17,326.85000000000002,8111.44,1153.6099999999999,147.68,467.05,NA,392.89,240299.29,33566.959999999999,1134.8800000000001,8556.3799999999992,NA,14448.17,164191.65,679.09,229.67,1564.4,2400,NA,NA,628.08000000000004,NA,227399.27,3251.03,4010.91,NA,671.31,3577.34,1370.36,12880.95,19.07,12900.02,240299.29,NA,NA,NA,NA,NA,NA,NA,NA,NA,NA,NA,NA,NA,NA,NA,NA,NA,NA,NA,NA,NA
成都银行,2013,45805.61,25903.22,NA,474.38,846.05,NA,23515.45,968.29,107922.26,7421,24699.01,359.37,20802.96,1215.3399999999999,141.26,598.37,NA,604.05999999999995,261276.65,28514.13,1167.03,1630.48,NA,13596.95,195021.52,907.32,283.31,1959.34,2400,NA,NA,523.28,NA,246003.38,3251.03,3958.46,NA,968.16,4123.1000000000004,2913.72,15214.47,58.81,15273.27,261276.65,NA,NA,NA,NA,NA,NA,NA,NA,NA,NA,NA,NA,NA,NA,NA,NA,NA,NA,NA,NA,NA
成都银行,2014,55788.76,32051.93,NA,614.76,1902,NA,13384.43,1103.52,121143.92,8458.09,28413.47,427.75,34027.26,1271.3800000000001,132.9,981.47,NA,528.1,300229.74,10638.79,1118.06,5111.93,NA,33098.54,219554.97,1386.44,299.72000000000003,2539.1799999999998,7349.98,NA,NA,932.84,NA,282030.45,3251.03,4023.83,28.18,1322.31,6023.26,3487.68,18136.28,63.01,18199.29,300229.74,NA,NA,NA,NA,NA,NA,NA,NA,NA,NA,NA,NA,NA,NA,NA,NA,NA,NA,NA,NA,NA
成都银行,2015,53137.83,46204.4,NA,4579.74,1104.8,NA,3429.06,1071.98,129352.04,15546.84,29251.37,491,34151.56,1184.56,124.67,1203.8499999999999,NA,611.63,321445.34000000003,8822.43,995.23,1971.12,NA,20799.52,240646.72,1449.42,339.27,3020.24,21486.5,NA,0.19,1635.6,NA,301166.26,3251.03,4023.83,99.54,1603.13,7368.13,3865.41,20211.080000000002,68,20279.080000000002,321445.34000000003,NA,NA,NA,NA,NA,NA,NA,NA,NA,NA,NA,NA,NA,NA,NA,NA,NA,NA,NA,NA,NA
承德银行,2006,399.23,1012.01,NA,NA,NA,NA,NA,0.14000000000000001,NA,NA,NA,NA,NA,34.89,1.52,NA,NA,NA,3198.2,4.1500000000000004,29,NA,NA,NA,NA,1.33,11.04,10.57,NA,NA,NA,NA,NA,3038.59,133.81,0.76,NA,15.61,9.44,NA,159.61000000000001,NA,159.61000000000001,3198.2,NA,NA,NA,NA,NA,NA,NA,NA,NA,NA,NA,NA,NA,NA,NA,NA,NA,NA,NA,NA,NA
承德银行,2007,1699.95,961.6,NA,NA,NA,NA,303,2.69,NA,NA,NA,319.66000000000003,NA,43.81,1.21,NA,NA,NA,6012.78,7.23,29,NA,NA,NA,NA,1.53,20.14,17.440000000000001,NA,NA,NA,NA,NA,5788.83,133.81,1.22,NA,18.84,70.069999999999993,NA,223.95,NA,223.95,6012.78,NA,NA,NA,NA,NA,NA,NA,NA,NA,NA,NA,NA,NA,NA,NA,NA,NA,NA,NA,NA,NA
承德银行,2008,2448.4499999999998,498.25,NA,29,NA,NA,150,20.309999999999999,4067.04,NA,920.11,NA,NA,44.27,1.82,NA,NA,NA,8272.83,97.84,29,NA,NA,NA,7363.69,NA,47.97,42.19,NA,NA,NA,NA,31.39,7613.57,443.1,1.67,NA,40.26,94.44,79.8,659.26,NA,659.26,8272.83,93.58,NA,NA,NA,NA,NA,NA,1.49,NA,NA,NA,NA,NA,NA,NA,NA,NA,NA,NA,NA,NA
承德银行,2009,2180.8000000000002,2485.85,NA,NA,NA,NA,NA,45.36,5410.08,NA,1731.32,NA,NA,47.07,1.31,NA,NA,NA,12070,590.38,25.49,NA,NA,NA,10493.87,14.52,11.02,34.75,NA,NA,NA,NA,72.69,11242.71,443.1,1.67,NA,63.85,318.67,NA,827.29,NA,827.29,12070,168.21,NA,NA,NA,NA,NA,NA,NA,NA,NA,NA,NA,NA,NA,NA,NA,NA,NA,NA,NA,NA
承德银行,2010,3157.03,1906.28,NA,25.49,NA,NA,887.27,86.52,6773.63,NA,3409.98,13,NA,130.15,7.33,NA,NA,6.26,16592.189999999999,624.83000000000004,25.49,NA,NA,NA,14627.93,31.53,46.3,57.81,NA,NA,NA,0.53,91.43,15505.84,679.45,1.67,NA,96.56,308.67,NA,1086.3499999999999,NA,1086.3499999999999,16592.189999999999,189.26,NA,NA,NA,NA,NA,NA,NA,NA,NA,NA,NA,NA,NA,NA,NA,NA,NA,NA,NA,NA
承德银行,2011,4934.84,66.8,NA,25.49,NA,NA,2714.56,122.85,8767.19,NA,4176.8599999999997,13,NA,151.44,6.89,NA,NA,10.82,21213.3,47.07,25.49,NA,NA,1235,17832.72,44.19,56.68,114.15,NA,NA,NA,0,87.41,19781.21,679.45,1.67,NA,138.66999999999999,612.29999999999995,NA,1432.09,NA,1432.09,21213.3,222.58,NA,NA,NA,NA,NA,NA,338.5,NA,NA,NA,NA,NA,NA,NA,NA,NA,NA,NA,NA,NA
承德银行,2012,6655.11,1117.69,NA,25.49,NA,NA,455.92,152.22,11801.58,NA,4452.2700000000004,24.4,NA,189.44,5.74,NA,NA,8.85,25119.74,125.83,25.49,NA,NA,850,21842.03,15.85,49.26,194.29,NA,NA,NA,0.01,74.64,23177.39,1290.96,1.67,NA,189.75,459.98,NA,1942.35,NA,1942.35,25119.74,231.04,NA,NA,NA,NA,NA,NA,NA,NA,NA,NA,NA,NA,NA,NA,NA,NA,NA,NA,NA,NA
承德银行,2013,8020.73,315.02,NA,25.49,NA,NA,3286.41,175.2,15265.35,NA,5520.25,31.4,NA,432.77,5.89,NA,NA,15.14,33208.97,33.78,25.49,NA,NA,NA,30281.67,24.27,69.2,339.52,NA,NA,NA,0,48.45,30822.37,1613.7,1.67,NA,247.54,523.69000000000005,NA,2386.6,NA,2386.6,33208.97,115.32,NA,NA,NA,NA,NA,NA,NA,NA,NA,NA,NA,NA,NA,NA,NA,NA,NA,NA,NA,NA
承德银行,2014,10343.719999999999,279.82,NA,25.49,NA,NA,4047,204.09,21173.87,NA,6721.27,NA,NA,566.03,13.06,NA,NA,NA,43944.55,170.76,125.49,NA,NA,NA,40043.68,38.479999999999997,53.95,428.35,NA,NA,NA,0,50.46,40911.160000000003,1968.71,1.67,NA,320.75,668.22,18.95,2978.31,55.08,3033.39,43944.55,570.20000000000005,NA,NA,NA,NA,NA,NA,NA,NA,NA,NA,NA,NA,NA,NA,NA,NA,NA,NA,NA,NA
承德银行,2015,11242.89,907.08,NA,25.49,NA,NA,7564,233.2,27206.91,7653.14,8497.59,NA,NA,832.41,22,118.98,0.08,147.84,64451.59,2581.91,25.49,NA,NA,3846.5,52240.959999999999,56.67,70.33,717.94,993.05,12.52,NA,59.82,NA,60605.17,2382.14,NA,24.52,416.71,817.73,128.94999999999999,3770.05,76.37,3846.43,64451.59,NA,NA,NA,NA,NA,NA,NA,NA,NA,NA,NA,NA,NA,NA,NA,NA,NA,NA,NA,NA,NA
攀枝花市商业银行,2005,703.31,607.24,NA,NA,NA,NA,NA,0.17,NA,NA,NA,NA,NA,NA,NA,NA,NA,NA,5378.06,291.06,NA,NA,NA,NA,NA,NA,9.32,24.43,NA,NA,NA,NA,NA,5211.49,110.37,1.72,NA,22,32.479999999999997,NA,166.57,NA,166.57,5378.06,NA,NA,NA,NA,NA,NA,NA,NA,NA,NA,NA,NA,NA,NA,NA,NA,NA,NA,NA,NA,NA
攀枝花市商业银行,2006,2374.64,448.04,NA,49.8,NA,NA,NA,5.29,5779.67,NA,123.55,0.95,NA,46.49,NA,NA,NA,3,8831.42,390.31,NA,NA,NA,NA,6357.51,4.26,30.5,38.270000000000003,70,NA,NA,1708.76,NA,8599.59,100.33,21.78,NA,26.82,82.88,NA,231.82,NA,231.82,8831.41,NA,NA,NA,NA,NA,0,NA,0,NA,NA,NA,NA,NA,0,NA,0,NA,NA,NA,NA,NA
攀枝花市商业银行,2007,2782.76,71.040000000000006,NA,29.8,NA,NA,NA,2.5299999999999998,7604.8,NA,123.24,0.95,NA,37.68,0.56999999999999995,NA,NA,2.19,10655.57,390.11,NA,NA,NA,100,9499.2199999999993,5.66,65.680000000000007,77.180000000000007,70,NA,NA,9.01,NA,10216.86,218.98,1.72,NA,40.299999999999997,177.72,NA,438.71,NA,438.71,10655.57,NA,NA,NA,NA,NA,0,NA,NA,NA,NA,NA,NA,NA,0,NA,NA,NA,NA,NA,NA,NA
攀枝花市商业银行,2008,4743.18,548.07000000000005,NA,9.8000000000000007,NA,NA,NA,1.74,7875.86,NA,122.94,16.95,NA,61.32,0.35,NA,NA,5.76,13385.97,539.69000000000005,NA,NA,NA,NA,11896.68,0.48,91.79,125.96,70,NA,NA,10.94,NA,12735.53,218.98,1.72,NA,54.9,374.84,NA,650.44000000000005,NA,650.44000000000005,13385.97,NA,NA,NA,NA,NA,NA,NA,NA,NA,NA,NA,NA,NA,NA,NA,NA,NA,NA,NA,NA,NA
攀枝花市商业银行,2009,4015.24,2980.08,NA,9.8000000000000007,NA,NA,40,1.32,9517.7000000000007,NA,82.88,17.5,NA,85.96,2.06,4.93,NA,5.0599999999999996,16762.54,751.26,NA,NA,NA,NA,14926.17,2.11,60.5,101.65,70,NA,NA,12.74,NA,15924.43,508.33,1.72,NA,79.87,248.2,NA,838.11,NA,838.11,16762.54,NA,NA,NA,NA,NA,NA,NA,NA,NA,NA,NA,NA,NA,NA,NA,NA,NA,NA,NA,NA,NA
攀枝花市商业银行,2010,7544.9,975.98,NA,9.8000000000000007,NA,NA,9689.3700000000008,3.06,11965.41,NA,82.52,20.04,836,113.97,1.51,11.44,NA,6.51,31260.53,1987.75,NA,NA,NA,632.91999999999996,26919.91,0.99,91.12,137.41,230,NA,NA,116.47,NA,30116.57,508.33,1.72,NA,102.97,510.94,20,1143.96,NA,1143.96,31260.53,NA,NA,NA,NA,NA,NA,NA,NA,NA,NA,NA,NA,NA,NA,NA,NA,NA,NA,NA,NA,NA
攀枝花市商业银行,2011,10750.36,8490.74,NA,309.8,NA,NA,8444.83,18.239999999999998,14174.16,NA,82.26,26.13,1885,143.59,1.27,66.2,NA,46.71,44439.28,6389.04,NA,NA,NA,3531.29,31362.2,NA,191.82,240.11,160,NA,NA,136.78,NA,42011.24,843.33,504.22,NA,139.75,920.74,20,2428.0300000000002,NA,2428.0300000000002,44439.28,NA,NA,NA,NA,NA,NA,NA,NA,NA,NA,NA,NA,NA,NA,NA,NA,NA,NA,NA,NA,NA
攀枝花市商业银行,2012,12353.54,7582.2,NA,NA,NA,NA,20971.7,95.51,16911.5,2386.27,32.04,34.06,310,76.27,15.47,155.1,NA,259.55,61183.21,12276.51,NA,NA,NA,8240.2999999999993,36433.71,NA,339.59,326.16000000000003,160,NA,NA,395.23,NA,58171.5,843.33,491.44,NA,194.57,1302.3800000000001,180,3011.72,NA,3011.72,61183.21,NA,NA,NA,NA,NA,NA,NA,NA,NA,NA,NA,NA,NA,NA,NA,NA,NA,NA,NA,NA,NA
攀枝花市商业银行,2013,10796.91,18126.46,NA,NA,NA,NA,5949.26,132.68,19824.12,NA,2895.01,46.29,514,246.21,24.83,274.91000000000003,NA,125.94,58956.6,14839.09,194.34,143,NA,677.06,38350.730000000003,NA,215.35,466.45,160,NA,NA,367.91,NA,55413.919999999998,843.33,503.32,NA,268.64,1647.39,280,3542.68,NA,3542.68,58956.6,NA,NA,NA,NA,NA,NA,NA,NA,NA,NA,NA,NA,NA,NA,NA,NA,NA,NA,NA,NA,NA
攀枝花市商业银行,2014,11129.98,12953.91,NA,NA,NA,NA,6490.94,269.55,24735.67,1723.08,3077.66,132.53,260,344.91,32.28,336.29,NA,566.91999999999996,62053.71,10819.18,743.4,333,NA,5486.55,39048.07,21.09,171.59,565.62,160,NA,NA,110.12,NA,57458.61,1360.65,682.37,-3.51,337.07,1788.52,430,4595.1000000000004,NA,4595.1000000000004,62053.71,NA,NA,NA,NA,NA,NA,NA,NA,NA,NA,NA,NA,NA,NA,NA,NA,NA,NA,NA,NA,NA
攀枝花市商业银行,2015,8761.51,6242.6,NA,100,NA,NA,4860.55,349.41,28038.799999999999,5624.83,2677.6,139.74,4360.54,494.4,43.89,437.54,NA,680.06,62811.47,8207.18,1000,200,NA,5358.04,37528.46,3.18,176.84,566.96,4472.78,29.72,NA,87.85,NA,57631.02,1487.85,688.73,89.17,409.48,1875.23,630,5180.45,NA,5180.45,62811.47,NA,NA,NA,NA,NA,NA,NA,NA,NA,NA,NA,NA,NA,NA,NA,NA,NA,NA,NA,NA,NA
无锡农商行,2006,2317.71,1596.83,NA,NA,NA,NA,NA,NA,NA,NA,NA,NA,NA,NA,95.34,NA,NA,NA,21001.37,NA,NA,NA,NA,NA,NA,NA,34.72,NA,NA,NA,1839.13,NA,NA,20109.04,440,61.19,NA,160.41999999999999,44,186.73,892.34,NA,892.34,21001.37,NA,NA,NA,NA,NA,NA,NA,NA,NA,NA,NA,NA,NA,NA,NA,NA,NA,NA,NA,NA,NA
无锡农商行,2007,3872.57,1356.15,NA,NA,NA,NA,NA,NA,NA,NA,NA,NA,NA,NA,90.67,NA,NA,NA,23361.68,NA,NA,NA,NA,NA,NA,NA,78.489999999999995,NA,NA,NA,NA,NA,NA,22285.16,462,61.19,NA,277.58999999999997,57.75,218,1076.53,NA,1076.53,23361.68,NA,NA,NA,NA,NA,NA,NA,NA,NA,NA,NA,NA,NA,NA,NA,NA,NA,NA,NA,NA,NA
无锡农商行,2009,4942.28,2070.59,NA,NA,NA,NA,NA,NA,NA,NA,NA,NA,NA,260.06,NA,NA,NA,28801.919999999998,36142.71,NA,NA,NA,NA,1000,32116.75,7.0000000000000007E-2,27.86,NA,NA,NA,NA,857.58,0.57999999999999996,34002.839999999997,NA,NA,NA,587.21,NA,NA,2139.86,NA,2139.86,36142.71,67.86,NA,NA,NA,NA,NA,NA,NA,NA,NA,NA,NA,NA,1552.65,NA,0.01,NA,NA,NA,NA,NA
无锡农商行,2010,7529.46,4729.3500000000004,NA,NA,NA,NA,NA,NA,NA,NA,NA,NA,NA,358.44,NA,NA,NA,33219.050000000003,45876.44,17.3,NA,NA,NA,NA,42259.37,0.56999999999999995,149.18,NA,NA,NA,NA,858.78,2.5099999999999998,43287.71,NA,NA,NA,962.3,NA,NA,2588.7399999999998,NA,2588.7399999999998,45816.44,40.14,NA,NA,NA,NA,NA,NA,NA,NA,NA,NA,NA,NA,1626.44,NA,-60.01,NA,NA,NA,NA,NA
无锡农商行,2011,9267.1299999999992,12420.54,NA,NA,NA,NA,199.88,165.86,32348.94,NA,4639.13,176.1,NA,401.73,140.5,91.56,29.85,60.21,59941.43,2842.58,NA,2300,NA,2550.1999999999998,46943.5,23.88,178.97,604.86,NA,NA,NA,125.04,NA,55569.04,1205.29,828.21,NA,1519.97,164.69,523.36,4241.5200000000004,130.87,4372.3900000000003,59941.43,NA,NA,NA,NA,NA,NA,NA,NA,NA,NA,NA,NA,NA,NA,NA,NA,NA,NA,NA,NA,NA
无锡农商行,2012,11151.2,16842.86,NA,NA,NA,NA,NA,235.66,37326.97,469.74,5913.23,NA,NA,559.91999999999996,195.05,109.32,26.14,142.61000000000001,72972.7,6456.25,NA,1500,NA,3292.83,55342.99,12.66,156.63999999999999,905.05,NA,0.2,NA,222.2,NA,67888.83,1663.3,370.2,0.6,2039.16,224.05,655.86,4953.18,130.69,5083.87,72972.7,NA,NA,NA,NA,NA,NA,NA,NA,NA,NA,NA,NA,NA,0,NA,NA,NA,NA,NA,NA,NA
无锡农商行,2013,14090.6,16845.009999999998,NA,12.19,379.8,NA,100,388.98,42731.99,1459.18,6493.25,NA,NA,827.22,197.77,145.78,24.14,70.489999999999995,83766.41,5474.73,NA,NA,NA,3500.3,67199.73,17.2,151.51,1390.6,NA,NA,NA,255.5,NA,77989.570000000007,1663.3,370.3,-21.64,2560.1,227.95,842.3,5642.31,134.54,5776.84,83766.41,NA,NA,NA,NA,NA,NA,NA,NA,NA,NA,NA,NA,NA,NA,NA,NA,NA,NA,NA,NA,NA
无锡农商行,2014,16080.29,17992.29,NA,NA,433.37,NA,918.22,551.33000000000004,49131.98,4675.01,12863.83,379.8,NA,920.25,200.5,182.79,17.91,115.52,104463.09,8648.2800000000007,NA,500,NA,2458.11,78375.97,20.58,111.3,1909.48,3513.28,12.32,NA,2376.89,NA,97926.21,1663.3,370.3,36.97,3093.35,216.71,1032.5,6413.14,123.74,6536.88,104463.09,NA,NA,NA,NA,NA,NA,NA,NA,NA,NA,NA,NA,NA,NA,NA,NA,NA,NA,NA,NA,NA
无锡农商行,2015,15025.99,10275.61,NA,1919.48,1087.8699999999999,NA,1100,654.79,54023.5,8843.01,16956.62,414,3622.16,981.57,210.03,278.07,16.34,81.61,115490.64,5117.46,200,NA,NA,6876.02,87212.89,22.11,100.3,2840.16,4287.03,74.55,NA,1442.23,NA,108172.76,1663.3,370.38,215.03,3605.62,151.9,1202.1500000000001,7208.39,109.5,7317.89,115490.64,NA,NA,NA,NA,NA,NA,NA,NA,NA,NA,NA,NA,NA,NA,NA,NA,NA,NA,NA,NA,NA
日照银行,2003,NA,NA,NA,NA,NA,NA,NA,NA,NA,NA,NA,NA,NA,NA,25.21,NA,NA,NA,4872.08,NA,NA,NA,NA,NA,NA,12.66,5.69,NA,NA,NA,NA,NA,NA,4606.1099999999997,235.38,NA,NA,13.77,16.809999999999999,NA,265.97000000000003,NA,265.97000000000003,4872.08,NA,NA,NA,NA,NA,4846.87,NA,4587.7700000000004,NA,NA,NA,NA,NA,NA,NA,NA,NA,NA,NA,NA,NA
日照银行,2004,NA,NA,NA,NA,NA,NA,NA,NA,NA,NA,NA,NA,NA,NA,61.8,NA,NA,NA,6739.96,NA,NA,NA,NA,NA,NA,19.3,-5.6,NA,NA,NA,NA,NA,NA,6430.59,235.38,NA,NA,16.66,57.33,NA,309.37,NA,309.37,6739.96,NA,NA,NA,NA,NA,NA,NA,NA,NA,NA,NA,NA,NA,NA,NA,NA,NA,NA,NA,NA,NA
日照银行,2005,831.91,398.13,NA,NA,NA,NA,NA,NA,NA,NA,NA,NA,NA,64.510000000000005,64.709999999999994,NA,NA,117.22,9128.93,40.35,NA,NA,NA,500,NA,57.17,-11.39,NA,NA,NA,NA,NA,NA,8684,258.38,NA,NA,27.24,159.31,NA,444.93,NA,444.93,9128.93,NA,NA,NA,NA,NA,NA,NA,NA,NA,NA,NA,NA,NA,NA,NA,NA,NA,NA,NA,NA,NA
日照银行,2006,1155.74,3.68,NA,NA,NA,NA,NA,NA,NA,NA,NA,NA,NA,NA,51.03,NA,NA,66.17,13582.15,23.43,NA,NA,NA,2103.6,NA,NA,78.05,NA,NA,NA,NA,NA,NA,NA,500,131.68,NA,66.599999999999994,174.05,NA,872.33,NA,872.33,13582.15,NA,NA,NA,NA,NA,NA,NA,NA,NA,NA,NA,NA,NA,NA,NA,NA,NA,NA,NA,NA,NA
日照银行,2007,2175.29,521.39,NA,NA,NA,NA,NA,NA,NA,NA,NA,NA,NA,103.17,46.41,NA,NA,52.14,17849.77,30.21,140.66,NA,NA,3094.1,NA,143.38999999999999,88.33,NA,NA,NA,NA,NA,NA,16801.900000000001,500,131.68,NA,187.55,228.65,NA,1047.8800000000001,NA,1047.8800000000001,17849.77,NA,NA,NA,NA,NA,NA,NA,NA,NA,NA,NA,NA,NA,NA,NA,NA,NA,NA,NA,NA,NA
日照银行,2008,2282.52,866.75,NA,NA,874.66,NA,500.77,68.540000000000006,9967.85,1795.77,1469.94,12.75,NA,119.98,87.17,27.52,NA,84.57,18158.78,648.85,NA,NA,NA,1655.64,13164.54,165.08,104.79,192.42,400,NA,NA,450.69,NA,16782.009999999998,500,131.68,NA,178.09,438.21,128.79,1376.77,NA,1376.77,18158.78,NA,NA,NA,NA,NA,NA,NA,NA,NA,NA,NA,NA,NA,NA,NA,NA,NA,NA,NA,NA,NA
日照银行,2009,3881.55,1458.74,NA,50,816.9,NA,286.14999999999998,79.3,14260.31,1855.67,2006.63,22.75,NA,394.26,87.6,59.56,NA,95.13,25354.55,675.96,NA,NA,NA,400,20960.990000000002,171.11,108.87,140.08000000000001,400,9.17,NA,648.20000000000005,NA,23514.38,500,188.67,NA,392.21,566.15,193.13,1840.16,NA,1840.16,25354.55,NA,NA,NA,NA,NA,NA,NA,NA,NA,NA,NA,NA,NA,NA,NA,NA,NA,NA,NA,NA,NA
日照银行,2010,6787.35,1149.83,NA,NA,778.97,NA,7355.02,148.61000000000001,17405.87,1043.03,2152.2800000000002,28.75,NA,503.56,116.31,80.84,NA,260.27,37810.69,659.83,NA,NA,NA,2814.24,29977,169.19,72.33,194.64,400,8.48,NA,1224.67,NA,35520.379999999997,1000,157.11000000000001,NA,488.55,352.49,292.16000000000003,2290.31,NA,2290.31,37810.69,NA,NA,NA,NA,NA,NA,NA,NA,NA,NA,NA,NA,NA,NA,NA,NA,NA,NA,NA,NA,NA
日照银行,2011,7276.54,2422.9,NA,100,443.72,NA,535.86,172.79,21602.99,1983.85,3791.55,27.91,NA,709.48,95.91,112.36,NA,213.29,39489.14,1143.69,NA,56.71,NA,1100,32231.97,167.19,173.71,256.77,400,10.89,NA,964.01,NA,36504.949999999997,1000,164.37,NA,732.04,795.63,292.16000000000003,2984.2,NA,2984.2,39489.14,NA,NA,NA,NA,NA,NA,NA,NA,NA,NA,NA,NA,NA,NA,NA,NA,NA,NA,NA,NA,NA
日照银行,2012,9391.66,1177.44,NA,7,1084.04,NA,2012.54,234.28,26992.74,3363.76,4172.92,36.83,1023.25,869.41,93.9,184.27,NA,232.19,50876.24,647.96,NA,639.77,NA,3527.6,40723.96,169.14,249.33,418.94,600,NA,NA,103.1,NA,47079.8,1000,111.46,NA,1029.48,1066.46,564.94000000000005,3772.34,24.09,3796.44,50876.24,NA,NA,NA,NA,NA,NA,NA,NA,NA,NA,NA,NA,NA,NA,NA,NA,NA,NA,NA,NA,NA
日照银行,2013,11912.36,1978.86,NA,249.22,2081.13,NA,1967.8,346.12,30268.67,4853.57,7343.94,32.75,1989.83,926,100.7,302.89999999999998,NA,312.27,64666.12,1183.29,NA,70.11,NA,3398.22,50655.97,172.66,199.59,549.04,600,NA,NA,1946.84,NA,58775.73,2498.0700000000002,540.71,NA,1372.55,757.09,678.21,5846.65,43.74,5890.39,64666.12,NA,NA,NA,NA,NA,NA,NA,NA,NA,NA,NA,NA,NA,NA,NA,NA,NA,NA,NA,NA,NA
日照银行,2014,12154.42,1415.86,NA,122.38,1200.17,NA,407.5,449.27,35791.1,6353.49,8140.72,3.28,4869.38,1116.32,103.42,379.38,NA,566.26,73072.94,858.62,221.47,1373.73,NA,5072.2,56790.239999999998,22.83,241.26,680.11,600,11.44,NA,244.7,NA,66116.600000000006,2498.0700000000002,729.37,34.33,1720.79,1149.58,791.54,6923.68,32.659999999999997,6956.35,73072.94,NA,NA,NA,NA,NA,NA,NA,NA,NA,NA,NA,NA,NA,NA,NA,NA,NA,NA,NA,NA,NA
日照银行,2015,10528.88,960.4,NA,725.65,4149.97,NA,2365.5300000000002,577.55999999999995,43052.61,9613.66,9006.56,1.28,8163.16,1169.2,95.68,631.09,NA,946.87,91988.1,1527.4,39.99,194.81,NA,9449.2800000000007,66929.33,33.35,228.3,804.78,4713.09,51.67,NA,441.18,NA,84413.17,2498.0700000000002,729.37,150.16999999999999,1880.06,1226.4000000000001,1055.17,7539.25,35.68,7574.93,91988.1,NA,NA,NA,NA,NA,NA,NA,NA,NA,NA,NA,NA,NA,NA,NA,NA,NA,NA,NA,NA,NA
昆仑银行,2006,437.22,845.57,NA,NA,NA,NA,NA,NA,NA,NA,NA,NA,NA,NA,1.89,NA,NA,NA,2755.15,NA,NA,NA,NA,NA,NA,NA,1.1599999999999999,NA,NA,NA,NA,NA,NA,2633.51,100.67,2,NA,2.0699999999999998,11.28,5.62,121.64,NA,121.64,2755.15,NA,NA,NA,NA,NA,NA,NA,NA,NA,NA,NA,NA,NA,NA,NA,NA,NA,NA,NA,NA,NA
昆仑银行,2007,1394.57,172.96,NA,NA,NA,NA,NA,NA,NA,NA,NA,NA,NA,NA,3.5,NA,NA,NA,3249.37,NA,NA,NA,NA,NA,NA,NA,3.17,NA,NA,NA,NA,NA,NA,3116.64,100.67,3,NA,4.28,14.15,10.62,132.72999999999999,NA,132.72999999999999,3249.37,NA,NA,NA,NA,NA,NA,NA,NA,NA,NA,NA,NA,NA,NA,NA,NA,NA,NA,NA,NA,NA
昆仑银行,2008,1828.71,231.05,NA,NA,302.52,NA,NA,11.73,714.08,NA,701.11,NA,NA,26.75,10.97,NA,NA,7.59,3834.51,350,NA,NA,NA,NA,3185.3,2.93,6.06,23.81,NA,1.03,NA,26.83,NA,3595.96,180.67,3,NA,8.07,28.58,18.23,238.55,NA,238.55,3834.51,NA,NA,NA,NA,NA,NA,NA,NA,NA,NA,NA,NA,NA,NA,NA,NA,NA,NA,NA,NA,NA
昆仑银行,2009,2826.95,3249.86,NA,NA,NA,NA,1186.2,93.56,9780.91,2099.31,2259.87,NA,NA,30.65,10.8,4.4000000000000004,NA,34.69,21577.21,80,NA,NA,NA,601.4,17663.05,5.68,26.48,44.09,NA,NA,NA,49.67,NA,18470.39,2262.15,719.79,NA,15.07,48.59,61.23,3106.83,NA,3106.83,21577.21,NA,NA,NA,NA,NA,NA,NA,NA,NA,NA,NA,NA,NA,NA,NA,NA,NA,NA,NA,NA,NA
昆仑银行,2010,13319.41,18386.05,NA,NA,760.57,NA,5923.75,788.2,11875.18,13089.93,18210.78,NA,NA,176.28,13.76,37.44,NA,22.5,82603.839999999997,12682.47,NA,NA,NA,6201.5,57055.8,1.48,5.8,68.12,NA,NA,NA,84.58,NA,76099.740000000005,4203.87,1476.8,NA,83.91,179.12,550.37,6494.08,10.02,6504.1,82603.839999999997,NA,NA,NA,NA,NA,NA,NA,NA,NA,NA,NA,NA,NA,NA,NA,NA,NA,NA,NA,NA,NA
昆仑银行,2011,18368.759999999998,36803.94,NA,NA,572.27,NA,12440.85,1343.12,20593.03,16738.7,23060.720000000001,NA,NA,231.34,36.520000000000003,61.84,NA,44.16,130295.25,26006.37,NA,NA,NA,15926.86,74224.160000000003,2.37,116.7,687.8,NA,NA,NA,544.95000000000005,NA,117509.21,6716.19,4097.8900000000003,NA,207.31,812.74,939.33,12773.46,12.57,12786.04,130295.25,NA,NA,NA,NA,NA,NA,NA,NA,NA,NA,NA,NA,NA,NA,NA,NA,NA,NA,NA,NA,NA
昆仑银行,2012,24306.76,48513.43,NA,NA,1098.1500000000001,NA,12992.35,1684.25,40377.72,21623.77,19966.11,NA,13687.6,333.51,63.99,91.25,NA,76.37,184815.27,48823.66,25,2000,NA,10673.48,104829.69,0.95,219.57,1183.52,NA,NA,NA,2518.8000000000002,NA,170274.66,6716.19,4255.28,NA,401.37,1598.02,1542.64,14513.5,27.11,14540.61,184815.27,NA,NA,NA,NA,NA,NA,NA,NA,NA,NA,NA,NA,NA,NA,NA,NA,NA,NA,NA,NA,NA
昆仑银行,2013,31331.31,66388.479999999996,NA,868.9,5456.6,NA,11204.94,1852.55,61037.46,24772.65,17754.95,NA,24770.53,362.53,84.45,449.28,NA,118.14,246452.76,89571.55,45,NA,NA,1462.74,130425.27,2.31,399,1716.63,NA,NA,NA,5379.86,NA,229002.35,7380.52,4479.37,NA,658.52,2551.2800000000002,2346.4899999999998,17416.189999999999,34.22,17450.41,246452.76,NA,NA,NA,NA,NA,NA,NA,NA,NA,NA,NA,NA,NA,NA,NA,NA,NA,NA,NA,NA,NA
昆仑银行,2014,24420.43,67717.919999999998,NA,839.43,6686.04,NA,23680.58,1372.89,70283.98,16982.32,12473.78,NA,52662.09,362.53,96.71,580.21,NA,140.19,278299.09000000003,124258.48,25,1600,NA,12834.15,113102.83,6.09,486.53,2141.25,NA,NA,NA,3233.83,NA,257688.16,7380.52,5513.1,-47.19,949.48,4423.24,2348.39,20567.55,43.38,20610.93,278299.09000000003,NA,NA,NA,NA,NA,NA,NA,NA,NA,NA,NA,NA,NA,NA,NA,NA,NA,NA,NA,NA,NA
昆仑银行,2015,31354.41,66170.100000000006,NA,1563.9,6911.05,NA,27306.75,776.13,84761.35,6105.11,16423.18,NA,47497.919999999998,369.5,75.88,665.75,NA,197.55,290178.57,112684.67,603.12,NA,NA,8147.37,141106.41,12.03,215.69,2227.08,349.88,17.5,NA,1874.06,NA,267237.81,7380.52,5513.1,98.05,1241.0899999999999,5870.03,2781.73,22884.53,56.24,22940.77,290178.57,NA,NA,NA,NA,NA,NA,NA,NA,NA,NA,NA,NA,NA,NA,NA,NA,NA,NA,NA,NA,NA
昆山农商行,2008,3261.4,1147.74,NA,NA,NA,NA,1215.49,52.98,11351.88,NA,2316,15.18,NA,117.9,16.440000000000001,98.21,NA,69,19662.22,5.34,NA,60,NA,16,17893.240000000002,90.16,52.54,336.34,NA,NA,32.93,89.23,NA,18575.79,471.87,NA,NA,101.07,240.57,272.93,1086.44,NA,1086.44,19662.22,NA,NA,NA,NA,NA,NA,NA,NA,NA,NA,NA,NA,NA,NA,NA,NA,NA,NA,NA,NA,NA
昆山农商行,2009,4555.2700000000004,1351.38,NA,NA,570.72,NA,NA,89.4,15614.75,NA,2277.4699999999998,15.18,NA,175.04,14.24,119.43,NA,192.94,24975.83,142.74,NA,NA,NA,210.14,22617.22,97.28,56.37,257.39,NA,0.09,34.11,203.41,NA,23618.75,542.65,NA,NA,137.29,279.41000000000003,369.12,1328.47,28.61,1357.08,24975.83,NA,NA,NA,NA,NA,NA,NA,NA,NA,NA,NA,NA,NA,NA,NA,NA,NA,NA,NA,NA,NA
昆山农商行,2010,5848.9,2610.0700000000002,NA,NA,1.98,NA,780.65,101,18069.29,NA,2471.14,115.18,NA,274.14,12.42,155.02000000000001,NA,315.77,30755.57,99.17,NA,NA,NA,NA,28072.61,95.68,102.12,306.45,NA,NA,33.32,338.28,NA,29047.64,629.48,NA,NA,187.55,375.61,486.5,1679.13,28.8,1707.93,30755.57,NA,NA,NA,NA,NA,NA,NA,NA,NA,NA,NA,NA,NA,NA,NA,NA,NA,NA,NA,NA,NA
昆山农商行,2011,8084.18,6294.21,NA,NA,150.6,NA,NA,145.53,20881.45,NA,3376.99,115.18,40,355.92,17.37,231.01,NA,105.32,39797.760000000002,2115.2600000000002,NA,NA,NA,998,33761.21,100.96,100.01,361.97,NA,NA,103.6,108.65,NA,37649.660000000003,780.55,NA,NA,252.81,426.4,653.97,2113.73,34.369999999999997,2148.1,39797.760000000002,NA,NA,NA,NA,NA,NA,NA,NA,NA,NA,NA,NA,NA,NA,NA,NA,NA,NA,NA,NA,NA
昆山农商行,2012,9623.23,6833.2,NA,NA,756.72,NA,20.7,166.69,23533.439999999999,NA,3155.19,115.18,70,433.57,17.66,297.83,NA,85.12,45108.53,824.17,NA,NA,NA,982,39151.43,89.65,118.68,571.16999999999996,NA,NA,36.869999999999997,99.47,NA,41873.440000000002,1246.96,344.26,NA,312.24,561.92999999999995,726.67,3192.06,43.03,3235.09,45108.53,NA,NA,NA,NA,NA,NA,NA,NA,NA,NA,NA,NA,NA,NA,NA,NA,NA,NA,NA,NA,NA
昆山农商行,2013,8558.56,3715.71,NA,NA,883.02,NA,563.75,210.27,25790.3,NA,4704.45,115.18,30,583.98,23.19,262.23,NA,39.67,45480.32,49.47,NA,NA,NA,2268.34,38736.92,83.58,-15.03,758.02,NA,NA,36.15,31.21,NA,41948.67,1246.96,344.26,NA,394.27,483.95,1000.06,3469.5,62.15,3531.65,45480.32,NA,NA,NA,NA,NA,NA,NA,NA,NA,NA,NA,NA,NA,NA,NA,NA,NA,NA,NA,NA,NA
昆山农商行,2014,9081.1,3490.75,NA,NA,450.82,NA,2191.13,301.02,28280.62,2500.41,7178.42,197.7,130,791.02,37.880000000000003,258.58,NA,50.18,54939.62,1698.95,61.75,NA,NA,3815.2,44133.67,146.33000000000001,28.89,846.55,NA,9.4499999999999993,NA,237.6,NA,50978.38,1246.96,344.26,29.72,474.57,576.62,1235.31,3907.45,53.8,3961.25,54939.62,NA,NA,NA,NA,NA,NA,NA,NA,NA,NA,NA,NA,NA,NA,NA,NA,NA,NA,NA,NA,NA
昆山农商行,2015,7448.06,2302.67,NA,290,NA,NA,496.06,370.51,30609.42,5958.39,6817.31,254.83,7847.18,731.99,33.99,332.42,NA,46.56,63539.38,1899.79,72.790000000000006,400,NA,4866.8900000000003,49236.75,134.9,33.07,1023,NA,32.11,NA,480.22,997.56,59177.07,1246.96,344.26,102.85,720.06,598.48,1317.98,4330.59,31.73,4362.3100000000004,63539.38,NA,NA,NA,NA,NA,NA,NA,NA,NA,NA,NA,NA,NA,NA,NA,NA,NA,NA,NA,NA,NA
晋商银行,2008,4213.01,13.3,NA,NA,NA,NA,1818.89,NA,8713.73,891.74,3241.27,8.25,NA,184.86,6.81,108.33,NA,1721.94,20974.26,7.0000000000000007E-2,NA,NA,NA,NA,17684.96,99.24,69.650000000000006,201.44,NA,13.07,NA,395.86,NA,18464.29,2391.94,24,NA,81.99,12.04,NA,2509.9699999999998,NA,2509.9699999999998,20974.26,52.12,NA,NA,NA,NA,NA,NA,NA,NA,NA,NA,NA,NA,NA,NA,NA,NA,NA,NA,NA,NA
晋商银行,2009,5645.36,2013.81,NA,NA,69.989999999999995,NA,600.70000000000005,78.97,17244.310000000001,798.18,3701.37,8.25,NA,247.82,11.38,137.77000000000001,NA,1489.98,32047.89,7.0000000000000007E-2,NA,NA,NA,NA,28709.58,183.72,60.29,154.47999999999999,NA,NA,NA,104.69,NA,29212.83,2468,59.69,NA,103.32,192,12.04,2835.05,NA,2835.05,32047.89,NA,NA,NA,NA,NA,NA,NA,NA,NA,NA,NA,NA,NA,NA,NA,NA,NA,NA,NA,NA,NA
晋商银行,2010,9649.9500000000007,213.12,NA,NA,838.71,NA,6873,181.51,22023.200000000001,1143.6300000000001,9797.84,8.25,NA,231.87,11.39,190.48,NA,2336.71,53499.66,1182.3599999999999,NA,NA,NA,5772.18,42672.77,350.04,71.209999999999994,249.73,NA,NA,NA,119.66,NA,50417.95,2468,56.28,NA,129.81,238.39,189.23,3081.72,NA,3081.72,53499.66,NA,NA,NA,NA,NA,NA,NA,NA,NA,NA,NA,NA,NA,0,NA,0,NA,NA,NA,NA,NA
晋商银行,2011,15773.22,1998.77,NA,NA,2025.47,NA,15959.83,264.70999999999998,26530.65,1730.85,8384.7199999999993,8.25,NA,213.63,21.29,289.91000000000003,NA,4586.05,77787.320000000007,2807.2,NA,NA,NA,10300.549999999999,57755.43,497.55,287.83999999999997,565.88,NA,8.5399999999999991,NA,288.64999999999998,NA,72511.63,3268,876.21,NA,190.18,546.94000000000005,394.37,5275.69,NA,5275.69,77787.320000000007,NA,NA,NA,NA,NA,NA,NA,NA,NA,NA,NA,NA,NA,NA,NA,NA,NA,NA,NA,NA,NA
晋商银行,2012,22981.23,754.09,NA,NA,5035.9399999999996,NA,20891.150000000001,384.27,31665.05,2264.69,8132.18,8.25,11102.07,255.74,27.44,376.27,NA,680.52,104558.89,9479.6299999999992,NA,142.34,NA,11882.26,74476.42,504.45,177.4,1110.82,NA,NA,NA,514.46,NA,98287.79,3268,856.66,NA,494.12,493.2,1137.3,6249.28,21.82,6271.11,104558.89,NA,NA,NA,NA,NA,NA,NA,NA,NA,NA,NA,NA,NA,NA,NA,NA,NA,NA,NA,NA,NA
晋商银行,2013,21801.35,499.05,NA,NA,798.48,NA,40361.14,417.11,39046.550000000003,2600.71,7549.21,8.25,17008.38,369.64,38.380000000000003,520.12,NA,767.58,131785.96,9497.42,900,NA,NA,22165.03,89081.81,494,258.41000000000003,1745.68,NA,NA,NA,256.82,NA,124399.16,3268,799.89,NA,880.35,790.89,1623.3,7362.43,24.38,7386.81,131785.96,NA,NA,NA,NA,NA,NA,NA,NA,NA,NA,NA,NA,NA,NA,NA,NA,NA,NA,NA,NA,NA
晋商银行,2014,21550.78,354.69,NA,NA,863.53,NA,38942.449999999997,438.4,48523.71,3561.56,7128.92,NA,20191.259999999998,452.25,49.03,736.67,NA,734.31,143527.54999999999,12075.78,25,NA,NA,29000.33,91077.78,487.8,199.01,2260.7600000000002,NA,NA,NA,204.72,NA,135331.17000000001,3268,860.85,31.23,1314.47,879.7,1814.3,8168.55,27.84,8196.39,143527.54999999999,NA,NA,NA,NA,NA,NA,NA,NA,NA,NA,NA,NA,NA,NA,NA,NA,NA,NA,NA,NA,NA
晋商银行,2015,22850.9,330.5,NA,NA,4772.42,NA,5863.47,685.91,62539.77,1874.15,8841.69,NA,47147.32,501.3,55.51,839.47,NA,940.22,157242.63,31081.37,NA,97.4,NA,6615.8,103776.98,557.16999999999996,241.21,2649.98,2291.4299999999998,NA,NA,934.35,NA,148245.70000000001,3268,908.85,28.27,1882.5,963.47,1916.3,8967.39,29.54,8996.93,157242.63,NA,NA,NA,NA,NA,NA,NA,NA,NA,NA,NA,NA,NA,NA,NA,NA,NA,NA,NA,NA,NA
杭州银行,2002,NA,NA,NA,NA,1479.18,NA,NA,NA,NA,NA,NA,NA,NA,166.83,99.2,NA,NA,NA,32147.72,NA,NA,NA,NA,NA,NA,21.48,-37.299999999999997,NA,NA,NA,NA,NA,NA,31411.14,525.74,1.86,NA,38.83,170.15,NA,736.58,NA,736.58,32147.72,NA,NA,NA,NA,NA,30402.52,NA,31426.97,NA,NA,NA,NA,NA,NA,NA,NA,NA,NA,NA,NA,NA
杭州银行,2003,NA,NA,NA,NA,3955.76,NA,NA,NA,NA,NA,NA,NA,NA,174.81,116.41,NA,NA,NA,39752.07,NA,NA,NA,NA,NA,NA,28.96,60.98,NA,NA,NA,NA,NA,NA,38307.57,1005.42,145.76,NA,68.180000000000007,225.14,NA,1444.5,NA,1444.5,39752.07,NA,NA,NA,NA,NA,NA,NA,NA,NA,NA,NA,NA,NA,NA,NA,NA,NA,NA,NA,NA,NA
杭州银行,2004,NA,NA,NA,NA,1207.55,NA,NA,NA,NA,NA,NA,NA,NA,180.07,12.76,NA,NA,NA,38159.46,NA,NA,NA,NA,NA,NA,41.45,148.41,NA,NA,NA,NA,NA,NA,36644.58,1005.42,145.76,NA,105.82,257.89,NA,1514.88,NA,1514.88,38159.46,NA,NA,NA,NA,NA,NA,NA,NA,NA,NA,NA,NA,NA,NA,NA,NA,NA,NA,NA,NA,NA
杭州银行,2005,5747.33,2753.45,NA,0.1,2058.38,NA,1013.55,144.97,26539.37,NA,6164.54,8.4,NA,307.97000000000003,127.75,123.35,NA,1392.54,46381.71,242.6,NA,NA,NA,100.31,42795.61,123.23,188.76,244.26,NA,34.799999999999997,NA,161.78,NA,43891.35,1255.42,520.76,NA,233.15,344.53,136.5,2490.35,NA,2490.35,46381.71,NA,NA,NA,NA,NA,NA,NA,NA,NA,NA,NA,NA,NA,NA,NA,NA,NA,NA,NA,NA,NA
杭州银行,2006,7471.32,1650.11,NA,300,1437.98,NA,97,161.78,33613.279999999999,286.33999999999997,10161.48,8.4,NA,423.12,122.67,102.55,NA,1112.6099999999999,56948.639999999999,72.75,NA,NA,NA,800,51181.69,219.34,184.68,331.85,797.09,34.39,NA,125.36,NA,53747.17,1321.42,679.36,NA,294.58,508.71,397.41,3201.47,NA,3201.47,56948.639999999999,NA,NA,NA,NA,NA,NA,NA,NA,NA,NA,NA,NA,NA,NA,NA,NA,NA,NA,NA,NA,NA
杭州银行,2007,11302.51,629.88,NA,192.53,3226.72,NA,40,211.09,40023.15,708.01,11301.84,8.4,NA,516.88,140.55000000000001,68.94,NA,900.73,69271.23,293.98,NA,NA,NA,2370,60773.85,326.98,279.93,470.95,807.85,29.5,NA,78.86,NA,65431.89,1321.42,721.74,NA,379.34,955.58,461.25,3839.34,NA,3839.34,69271.23,NA,NA,NA,NA,NA,NA,NA,NA,NA,NA,NA,NA,NA,NA,NA,NA,NA,NA,NA,NA,NA
杭州银行,2008,15050.5,6610.35,NA,480,3318.63,NA,1453.57,351.38,57227.519999999997,882.17,12639.85,13.4,NA,758.96,145.69,89.17,NA,595.89,99617.1,8539.49,NA,380,NA,NA,82043.23,260.57,187.62,822.24,1811.36,34.32,NA,728.87,NA,94807.7,1321.42,744.73,NA,507.09,1528,708.17,4809.3999999999996,NA,4809.3999999999996,99617.1,NA,NA,NA,NA,NA,NA,NA,NA,NA,NA,NA,NA,NA,NA,NA,NA,NA,NA,NA,NA,NA
杭州银行,2009,29272.17,4210.37,NA,200,6170.33,2.34,433.46,489.7,84505.24,577.25,21908.15,13.4,953.54,838.82,147.85,72.09,NA,196.58,149991.29,11289.9,NA,3.75,3.09,50,124278.84,277.06,226.65,1018.64,1824.76,8.7899999999999991,NA,646.83000000000004,NA,139628.29999999999,1671.42,4913.1499999999996,NA,643.64,2154.9299999999998,979.86,10362.99,NA,10362.99,149991.29,NA,NA,NA,NA,NA,NA,NA,NA,NA,NA,NA,NA,NA,NA,NA,NA,NA,NA,NA,NA,NA
杭州银行,2010,35331.279999999999,14846.16,NA,6995.5,6551.19,18.45,12855.21,652.77,104831.15,1669.19,24785.66,13.4,6206.6,883.24,193.64,105.62,NA,1490.3,217429.36,28987.98,NA,2778.74,24.92,15774.06,152317.14000000001,357.47,401.86,1335.03,3032.43,4.6100000000000003,NA,476.99,NA,205491.23,1671.42,4911.46,NA,834.75,2977.87,1542.64,11938.13,NA,11938.13,217429.36,NA,NA,NA,NA,NA,NA,NA,NA,NA,NA,NA,NA,NA,NA,NA,NA,NA,NA,NA,NA,NA
杭州银行,2011,43578.25,13450.28,NA,10254.870000000001,3482.39,153.01,6947.7,977.3,124159.96,3745.96,23623.26,309.86,10570.59,929.72,193.34,399.23,NA,1161.55,243937.27,29786.7,64.09,4780,140.84,5292.02,182045.3,764.69,608.5,2203.88,2989.05,78.98,NA,754.86,NA,229508.91,1671.42,4995.54,NA,1103.83,4911.6000000000004,1696.64,14379.02,49.34,14428.36,243937.27,NA,NA,NA,NA,NA,NA,NA,NA,NA,NA,NA,NA,NA,NA,NA,NA,NA,NA,NA,NA,NA
杭州银行,2012,55352.99,54323.24,NA,5119.97,2062.87,116.32,10040.08,1515.43,148341.43,12403.37,20340.84,403.8,12107,1181.22,215.57,809.55,NA,650.79,324984.46999999997,52604.85,40,16187.6,171.75,740.57,220710.86,1239.21,888.11,2976.9,10962.3,25.33,NA,924.24,NA,307471.71000000002,1671.42,4912.6899999999996,-56.29,1458.38,5691.74,3779.48,17457.43,55.34,17512.759999999998,324984.46999999997,NA,NA,NA,NA,NA,NA,NA,NA,NA,NA,NA,NA,NA,NA,NA,NA,NA,NA,NA,NA,NA
杭州银行,2013,63827.75,23899.01,NA,2604.4899999999998,5066.29,309.82,11765.09,2141.09,169317.51,15499.73,26108.58,480.53,15740.6,1606.8,240.83,1132.02,NA,448.42,340188.56,37980.5,550,3921.49,413.14,10223.33,249273.21,1044.7,725.13,4198,9971.84,72.44,NA,1201.73,NA,319575.51,1671.42,4912.6899999999996,-420.58,1836.13,8762.6299999999992,3784.93,20547.21,65.84,20613.05,340188.56,NA,NA,NA,NA,NA,NA,NA,NA,NA,NA,NA,NA,NA,NA,NA,NA,NA,NA,NA,NA,NA
杭州银行,2014,61402.37,27191.59,NA,15563.14,11164.32,72.52,3852.7,2424.9699999999998,192032.58,37826.5,31092.67,613.05999999999995,31874.37,1568.03,225.91,996.83,NA,639.67999999999995,418541.23,63656.61,40,5541.49,126.55,4226.04,279680.56,1012.5,568.64,5215.6400000000003,23741.24,58.74,NA,8511.0300000000007,NA,392379.05,2175.1999999999998,6247.98,119.06,2186.25,10610.04,4756.1099999999997,26094.65,67.540000000000006,26162.19,418541.23,NA,NA,NA,NA,NA,NA,NA,NA,NA,NA,NA,NA,NA,NA,NA,NA,NA,NA,NA,NA,NA
杭州银行,2015,54000.5,33195.25,NA,19602.41,5967.3,325.89,19533.91,2695.53,209574.59,117799.41,43402.94,900.13,34830.79,1549.99,210.73,1135.18,NA,590.01,545314.56000000006,67782.98,1230,6182.44,265.93,6030.55,312046.51,1320.29,688.81,6072.65,91692.09,273.83999999999997,NA,19834.02,NA,513420.12,2355.6999999999998,8022.53,675.23,2556.9299999999998,11257.45,6967.44,31835.279999999999,59.16,31894.44,545314.56000000006,NA,NA,NA,NA,NA,NA,NA,NA,NA,NA,NA,NA,NA,NA,NA,NA,NA,NA,NA,NA,NA
柳州银行,2006,1623.86,338.12,NA,NA,NA,NA,NA,NA,NA,NA,NA,NA,NA,NA,0.52,NA,NA,NA,6575.33,NA,250,NA,NA,NA,NA,NA,11.39,NA,NA,NA,NA,NA,NA,6170.64,310.02999999999997,2.12,NA,96.96,-4.42,NA,404.69,NA,404.69,6575.33,NA,NA,NA,NA,NA,NA,NA,NA,NA,NA,NA,NA,NA,NA,NA,NA,NA,NA,NA,NA,NA
柳州银行,2007,1603.71,47.05,NA,NA,NA,NA,NA,NA,NA,NA,NA,NA,NA,NA,0.42,NA,NA,NA,8737.31,NA,250,NA,NA,NA,NA,NA,13.82,NA,NA,NA,NA,NA,NA,8287.02,337.4,2.12,NA,50.81,59.96,NA,450.29,NA,450.29,8737.31,NA,NA,NA,NA,NA,NA,NA,NA,NA,NA,NA,NA,NA,NA,NA,NA,NA,NA,NA,NA,NA
柳州银行,2008,1725.1,282.2,NA,14.9,NA,NA,400,22.66,5935.68,NA,827.39,2.4500000000000002,NA,214.4,0.31,NA,NA,673.69,10098.790000000001,9.82,NA,NA,NA,NA,9402.06,18.829999999999998,21.03,68.790000000000006,NA,NA,NA,42.37,NA,9562.91,337.4,2.12,NA,29.64,120.11,46.6,535.88,NA,535.88,10098.790000000001,NA,NA,NA,NA,NA,NA,NA,NA,NA,NA,NA,NA,NA,NA,NA,NA,NA,NA,NA,NA,NA
柳州银行,2009,3016.75,192.6,NA,14.9,NA,NA,3690.4,88.92,8024.09,270.16000000000003,1237.21,22.45,NA,216.8,0.21,NA,NA,1575.58,18350.07,1331.09,NA,NA,NA,NA,15734.56,17.3,23.73,66.510000000000005,NA,NA,NA,71.56,NA,17244.740000000002,537.4,300.22000000000003,NA,41.65,207.78,18.27,1105.33,NA,1105.33,18350.07,NA,NA,NA,NA,NA,NA,NA,NA,NA,NA,NA,NA,NA,NA,NA,NA,NA,NA,NA,NA,NA
柳州银行,2010,5067.6000000000004,173.16,NA,32.119999999999997,10.91,NA,787.59,117.69,10558.23,458.72,2495.44,40.25,NA,252.28,1.33,NA,NA,3990.87,23986.19,370.05,NA,NA,NA,NA,21707.79,20.58,37.950000000000003,75.67,NA,NA,NA,219.93,NA,22431.97,627.4,470.23,NA,55.57,302.19,98.82,1554.22,NA,1554.22,23986.19,NA,NA,NA,NA,NA,NA,NA,NA,NA,NA,NA,NA,NA,NA,NA,NA,NA,NA,NA,NA,NA
柳州银行,2011,8229.42,9018.68,NA,1.87,9.82,NA,6778.02,321.37,13126.07,7582.32,2556.1799999999998,142.25,NA,266.7,25.87,NA,24.38,3650.03,51732.98,11761.5,300,6.3,NA,5129.26,30421.87,63.18,98.87,134.38,NA,NA,NA,387.75,NA,48303.12,1137.4000000000001,1501.1,NA,78.58,573.46,139.32,3429.86,NA,3429.86,51732.98,NA,NA,NA,NA,NA,NA,NA,NA,NA,NA,NA,NA,NA,NA,NA,NA,NA,NA,NA,NA,NA
柳州银行,2012,10426.24,3007.09,NA,30.57,10.82,NA,7307.79,556.94000000000005,17640.14,16474.96,2951.62,0.25,NA,359.95,55.15,81.180000000000007,17.28,3548.84,62468.82,7527.67,45.5,4.4000000000000004,NA,6012.14,42732.98,82,74.33,252.49,NA,1.86,NA,1467.43,NA,58200.81,1137.4000000000001,1500.83,NA,119.03,953.61,326.99,4037.87,230.14,4268.01,62468.82,NA,NA,NA,NA,NA,NA,NA,NA,NA,NA,NA,NA,NA,NA,NA,NA,NA,NA,NA,NA,NA
柳州银行,2013,10904.28,1305.3599999999999,NA,46.33,8.41,NA,5550.96,634.33000000000004,21341.07,21064.74,3327.88,0.25,NA,436.84,NA,NA,15.88,NA,70059.83,6869.13,70,135.07,NA,5640.2,50486.85,77.28,149.16,624.53,NA,NA,NA,NA,NA,65268.59,1137.4000000000001,1333.49,NA,183.3,1043.51,757.15,4454.8500000000004,336.39,4791.24,70059.83,NA,NA,NA,NA,NA,5423.51,NA,1216.3599999999999,NA,NA,NA,NA,NA,0,NA,NA,NA,NA,NA,NA,NA
柳州银行,2014,11568.7,3184.21,NA,NA,14.9,NA,1002.51,1387.99,26707.03,32420.53,3277.71,NA,NA,449.77,113.48,142.72999999999999,14.53,5798.72,86082.81,9134.8799999999992,2091,180,NA,3088.9,56457.66,116.21,112.48,914.97,497.75,12.36,NA,5718.19,NA,78324.39,1706.8,2989.39,28.47,349.34,1485.34,840.96,7400.3,358.12,7758.42,86082.81,NA,NA,NA,NA,NA,NA,NA,NA,NA,NA,NA,NA,NA,NA,NA,NA,NA,NA,NA,NA,NA
柳州银行,2015,10699.62,1642.54,NA,NA,14.11,NA,1664.46,2273.27,31764.71,38088.04,2447.4499999999998,NA,NA,398.44,142.04,274.27,10.75,506.71,89926.41,7224.48,1855,900,NA,2329.52,66884.929999999993,80.400000000000006,169.88,1357.3,498.63,75.8,NA,172.79,NA,81548.740000000005,1706.8,2987.4,219.4,415.61,1647.89,978.52,7955.63,422.05,8377.68,89926.41,NA,NA,NA,NA,NA,NA,NA,NA,NA,NA,NA,NA,NA,NA,NA,NA,NA,NA,NA,NA,NA
桂林银行,2006,855.83,102.66,NA,NA,NA,NA,NA,NA,NA,NA,NA,NA,NA,NA,NA,NA,NA,NA,4288.45,3.33,250,NA,NA,NA,NA,NA,4.96,NA,NA,NA,NA,NA,NA,4039.24,223.08,2.0499999999999998,NA,NA,12.64,NA,249.2,NA,249.2,4288.45,NA,NA,NA,NA,NA,NA,NA,NA,NA,NA,NA,NA,NA,NA,NA,NA,NA,NA,NA,NA,NA
桂林银行,2007,1097.78,141.91,NA,NA,NA,NA,NA,NA,NA,NA,NA,NA,NA,NA,0.56000000000000005,NA,NA,NA,7185.29,0.08,460.18,NA,NA,75,NA,NA,15.76,NA,NA,NA,NA,NA,NA,6744.09,400,2.0499999999999998,NA,14.63,24.52,NA,441.2,NA,441.2,7185.29,NA,NA,NA,NA,NA,NA,NA,NA,NA,NA,NA,NA,NA,NA,NA,NA,NA,NA,NA,NA,NA
桂林银行,2008,1493.12,320.58,NA,NA,NA,NA,NA,4.32,5042.01,NA,1115.76,25,NA,83.33,6.81,NA,NA,1099.1600000000001,9190.09,201.16,140.18,NA,NA,NA,7594.83,5.52,1.41,20.82,NA,NA,NA,662.89,NA,8626.82,400,47.75,NA,14.63,57.93,42.96,563.27,NA,563.27,9190.09,NA,NA,NA,NA,NA,NA,NA,NA,NA,NA,NA,NA,NA,NA,NA,NA,NA,NA,NA,NA,NA
桂林银行,2009,2701.92,313.63,NA,90,NA,NA,209,35.409999999999997,7616.27,NA,2553.2399999999998,25,NA,84.99,8.42,NA,NA,1552.41,15190.28,69.81,140.18,290,NA,200,12917.25,8.4600000000000009,-2.82,26.86,NA,NA,NA,461.09,NA,14110.83,600,247.75,NA,23.12,125.62,82.96,1079.45,NA,1079.45,15190.28,NA,NA,NA,NA,NA,NA,NA,NA,NA,NA,NA,NA,NA,NA,NA,NA,NA,NA,NA,NA,NA
桂林银行,2010,4202.5,2594.75,NA,NA,NA,NA,2383.65,59.92,10147.709999999999,NA,914.38,28.41,2815,315.72000000000003,13.59,12.44,NA,878.37,25563.3,1829.76,330.18,NA,NA,500,20988.21,11.29,1.76,38.56,NA,NA,NA,36.159999999999997,NA,23735.91,827.84,565.80999999999995,NA,70.400000000000006,236.18,112.96,1813.19,14.2,1827.39,25563.3,1196.8499999999999,NA,NA,NA,NA,NA,NA,NA,NA,NA,NA,NA,NA,NA,NA,NA,NA,NA,NA,NA,NA
桂林银行,2011,7789.82,7155.25,NA,214.57,NA,NA,4124.2700000000004,202.49,14167.22,NA,1154.32,5,5491.13,347.25,33.15,32.700000000000003,NA,1555.7,42730.66,5328.21,180.18,90,NA,3027.06,30927.59,10.220000000000001,11.62,205.39,NA,NA,NA,125.5,NA,39905.78,1062.06,917.14,NA,115.65,167.38,345.65,2607.88,217,2824.88,42730.66,457.35,NA,NA,NA,0.43,NA,NA,NA,NA,NA,NA,NA,NA,NA,NA,NA,NA,NA,NA,NA,NA
桂林银行,2012,11627.57,7317.91,NA,4.3600000000000003,NA,NA,9102.8700000000008,279.02999999999997,19152.7,NA,1389.99,5,10100.81,405.89,38.51,81.349999999999994,NA,11338.05,71063.23,11147.35,417.08,NA,NA,8306.35,46464.07,53.76,120.73,360.99,NA,NA,NA,403.47,NA,67273.789999999994,1249.95,1026.25,NA,181.93,453.6,571.11,3482.84,306.60000000000002,3789.44,71063.23,218.77,NA,NA,NA,0.43,NA,NA,NA,NA,NA,NA,NA,NA,NA,NA,NA,NA,NA,NA,NA,NA
桂林银行,2013,16467.07,23519.06,NA,21.19,NA,NA,1200,438.41,23397.93,NA,1139.44,5,29094.32,525.33000000000004,64.58,152.71,1.52,7488.7,104051.85,28403.27,880,90.81,NA,NA,67976.45,75.34,139.56,871.59,NA,NA,NA,545.59,NA,98982.6,1393.71,1350.29,NA,406.14,566.84,1028.8,4745.78,323.45999999999998,5069.25,104051.85,536.16999999999996,NA,NA,NA,0.43,NA,NA,NA,NA,NA,NA,NA,NA,NA,NA,NA,NA,NA,NA,NA,NA
桂林银行,2014,17809.66,22115.919999999998,NA,365,NA,NA,4158.2,1021.71,30446.55,2885.22,1703.83,NA,29841.06,789.33,81.64,184.48,1.33,2080.31,113484.67,23862.03,608.24,18.63,NA,449.9,74711.83,83.55,130.46,1258.0899999999999,2991.6,NA,NA,2653.62,NA,106767.94,2208.09,1552.58,57.16,505.36,453.71,1555.78,6332.69,384.04,6716.73,113484.67,NA,NA,NA,NA,0.43,NA,NA,NA,NA,NA,NA,NA,NA,NA,NA,NA,NA,NA,NA,NA,NA
桂林银行,2015,15379.25,16227.38,NA,NA,NA,NA,12432.3,972.46,44122.51,3774.06,2903.14,NA,44767.57,1051.0999999999999,83.71,258.62,1.07,1662.52,143636.10999999999,34406.57,835,NA,NA,1000,87531.03,78.260000000000005,33.049999999999997,1105.72,9564.34,NA,NA,670.08,NA,135224.06,2521.1799999999998,2327.7800000000002,89.18,582.54999999999995,609.36,1870.07,8000.12,411.94,8412.06,143636.10999999999,NA,NA,NA,NA,0.43,NA,NA,NA,NA,NA,NA,NA,NA,NA,NA,NA,NA,NA,NA,NA,NA
民生银行,2002,NA,NA,NA,NA,4865.63,NA,NA,708.61,NA,NA,NA,50,NA,1330.68,6.35,NA,NA,NA,246280.85,NA,NA,NA,NA,NA,NA,96.25,250.62,722.89,NA,NA,NA,NA,NA,240277.04,2586.7199999999998,2532.12,NA,263,624.85,NA,6003.81,NA,6003.81,246280.85,NA,NA,-2.89,NA,NA,NA,NA,NA,NA,NA,NA,NA,NA,NA,NA,NA,NA,NA,NA,NA,NA
民生银行,2003,NA,NA,NA,NA,793.1,NA,NA,1233.4100000000001,NA,NA,NA,50,NA,1596.63,34.76,228.88,NA,NA,361064.41,NA,NA,NA,NA,NA,NA,238.85,396.67,1102.76,1995.5,NA,NA,NA,NA,351414.21,3625.26,4061.73,NA,471.69,1494.04,NA,9650.2000000000007,NA,9650.2000000000007,361064.41,NA,NA,-2.52,NA,NA,NA,NA,NA,NA,NA,NA,NA,NA,NA,NA,NA,NA,NA,NA,NA,NA
民生银行,2004,NA,NA,NA,NA,10335.23,NA,NA,1382.8,NA,NA,NA,50,NA,2698.03,69.55,383.15,NA,NA,445398.68,NA,NA,NA,NA,NA,NA,409.92,618.13,1632.18,6160.3,NA,NA,NA,NA,432491.52000000002,5184.45,4948.49,NA,777.45,1999.6,NA,12907.16,NA,12907.16,445398.68,NA,NA,-2.83,NA,NA,NA,NA,NA,NA,NA,NA,NA,NA,NA,NA,NA,NA,NA,NA,NA,NA
民生银行,2005,56778.78,10639.25,NA,8192.84,NA,41.69,20009.64,1664.29,373232.23,41188.67,35288.67,NA,3671.84,4898.58,117.96,407.63,NA,1373.21,557505.28000000003,33893.17,NA,NA,264.13,5422.66,488832.76,587.82000000000005,946.14,2313.2800000000002,7263.88,26.87,NA,2262.0300000000002,306.75,542119.49,7258.78,4207.4399999999996,NA,1182.83,1583.71,1200,15385.79,NA,15385.79,557505.28000000003,NA,NA,NA,NA,NA,NA,NA,NA,NA,NA,NA,NA,-46.97,NA,NA,NA,NA,NA,NA,NA,NA
民生银行,2006,107734.38,9034.35,NA,11826.59,NA,211.75,20321.349999999999,2104.4899999999998,441030.68,50162.43,40302.300000000003,NA,10228.09,5344.02,151.25,745.73,NA,1251.8900000000001,700449.32,55886.7,NA,1210.57,392.32,10083.07,583315.24,1032.75,985.15,2851,21701.88,246.67,NA,3008.72,430.19,681144.26,10167.11,2402.17,NA,1566.01,1780.09,3000,19305.060000000001,NA,19305.060000000001,700449.32,NA,NA,NA,NA,NA,NA,NA,NA,NA,NA,NA,NA,389.67,NA,NA,NA,NA,NA,NA,NA,NA
民生银行,2007,110280.84,8697.1,416.89,17438.07,2572.31,1285.47,62797,3750.49,547295.67000000004,60715.35,45816.05,NA,47449.43,5958.47,159.36000000000001,1021.11,NA,4142.8,919796.41,79296.72,NA,20472.29,1443.89,50484.12,671219.43,1084.7,1983.64,4900.22,33919.86,2326.77,342.05,1700.86,435.69,869610.23,14479.18,16199.67,NA,2199.5300000000002,4727.7,5800,50186.18,NA,50186.18,919796.41,NA,NA,NA,NA,NA,NA,NA,NA,NA,NA,NA,NA,6780.09,NA,NA,NA,NA,NA,NA,NA,NA
民生银行,2008,184778,14748,110,17095,4405,1216,35313,3402,646475,53472,38716,125,37066,6496,198,1079,NA,4403,1054350,120244,NA,31992,1239,8012,785786,972,2512,6999,33999,NA,609,4323,2991,999678,18823,18064,NA,2983,6009,8001,53880,792,54672,1054350,5253,NA,NA,NA,NA,NA,NA,NA,NA,NA,NA,NA,NA,NA,NA,NA,NA,NA,NA,NA,NA
民生银行,2009,226054,61848,265,20716,4747,465,52299,4234,867738,48910,57142,125,45567,7440,209,3181,NA,8578,1426392,138470,NA,7500,395,6347,1127938,2009,4982,5931,23060,NA,1269,5335,14262,1337498,22262,38181,NA,4184,12503,10904,88034,860,88894,1426392,16874,NA,NA,NA,NA,NA,NA,NA,NA,NA,NA,NA,NA,NA,NA,NA,NA,NA,NA,NA,NA
民生银行,2010,266835,125462,279,36453,6024,476,112932,5169,1037723,35067,128610,125,11117,8119,1519,4455,NA,14084,1823737,190296,NA,10975,368,23873,1416939,3199,6242,8774,21496,NA,1966,8808,25544,1718480,26715,37787,NA,5903,19881,13822,104108,1149,105257,1823737,29288,NA,NA,NA,NA,NA,NA,NA,NA,NA,NA,NA,NA,NA,NA,NA,NA,NA,NA,NA,NA
民生银行,2011,332805,232336,527,37745,20423,587,141022,7210,1178285,64732,117886,125,8319,8823,4770,6982,NA,21592,2229064,262891,160,16450,787,53794,1644738,5335,8414,14894,31030,NA,3061,12575,40825,2094954,26715,38250,NA,8647,39245,16740,129597,4513,134110,2229064,44895,NA,NA,NA,NA,NA,NA,NA,NA,NA,NA,NA,NA,NA,NA,NA,NA,NA,NA,NA,NA
民生银行,2012,420418,236161,3723,80082,26318,1234,732662,9638,1351512,117150,83653,125,15040,12161,4961,8817,NA,33537,3212001,735851,331,41411,1335,133335,1926194,7711,6309,22639,74969,NA,3173,18395,71804,3043457,28366,45287,NA,12330,37615,39480,163077,5467,168544,3212001,74809,NA,-1,NA,NA,NA,NA,NA,NA,NA,NA,NA,NA,NA,NA,NA,NA,NA,NA,NA,NA
民生银行,2013,433802,88885,2913,108026,22262,1986,570424,12339,1539447,111387,133124,145,37818,21478,5392,10683,NA,43556,3226210,544473,405,29204,1883,64567,2146689,7682,5112,27749,91968,NA,2188,18573,81430,3021923,28366,46392,NA,16456,64023,42487,197712,6575,204287,3226210,82543,NA,-12,NA,NA,NA,NA,NA,NA,NA,NA,NA,NA,NA,NA,NA,NA,NA,NA,NA,NA
民生银行,2014,471632,75462,25639,176416,27213,3231,675878,16593,1774159,159724,176834,NA,234393,33375,5273,11764,NA,58726,4015136,848671,50745,43048,2558,83291,2433810,7996,6078,33805,129279,NA,1931,27300,98847,3767380,34153,49949,-400,17077,90019,49344,240142,7614,247756,4015136,88824,21,NA,NA,NA,NA,NA,NA,NA,NA,NA,NA,NA,NA,NA,NA,NA,NA,NA,NA,NA
民生银行,2015,432831,101428,18425,229217,26959,5175,570657,19164,1997625,157000,278364,13,451239,37726,5293,15863,NA,81130,4520688,920380,62477,70395,3326,49129,2732262,9140,9008,33367,181233,NA,1925,29388,108538,4210905,36485,64744,1451,25361,116826,56351,301218,8565,309783,4520688,92579,337,NA,NA,NA,NA,NA,NA,NA,NA,NA,NA,NA,NA,NA,NA,NA,NA,NA,NA,NA
汉口银行,2007,6195.09,387.76,NA,100,307.66000000000003,NA,1051.49,141.76,18936.8,2820.5,3889.76,15.61,1023.55,450.67,2.6,174.69,386.67,855.92,36740.550000000003,1205.57,NA,32.39,NA,NA,31297.72,79.89,52.54,149.19,NA,NA,NA,983.36,NA,33800.660000000003,2247.85,453.71,NA,36.82,101.51,100,2939.89,NA,2939.89,36740.550000000003,NA,NA,NA,NA,NA,0,NA,0,NA,NA,NA,NA,NA,0,NA,0,NA,NA,NA,NA,NA
汉口银行,2008,5919.42,1813.33,NA,23.92,2559.67,NA,309.89999999999998,154.63,20732.13,4364.5600000000004,4602.55,15.61,1110.9100000000001,436.86,2.65,173.22,377.43,443.25,43040.05,2622.82,NA,31.01,NA,984,34573.46,83.22,65.13,240.02,NA,34.28,NA,962.36,NA,39596.29,2247.85,614.73,NA,73.209999999999994,337.98,170,3443.75,NA,3443.75,43040.05,NA,NA,NA,NA,NA,0,NA,NA,NA,NA,NA,NA,NA,NA,NA,NA,NA,NA,NA,NA,NA
汉口银行,2009,7404.53,2088.36,NA,97.18,1995.05,NA,4611.96,152.21,29815.25,8522.77,3611.9,15.61,2640.87,635.88,15.06,167.33,309.48,495.43,62578.879999999997,2489.0100000000002,NA,28.43,NA,3915.71,50776.53,74.41,97.86,214.29,NA,NA,NA,1213.58,NA,58809.82,2247.85,509.94,NA,120.71,584.22,306.35000000000002,3769.06,NA,3769.06,62578.879999999997,NA,NA,NA,NA,NA,0,NA,NA,NA,NA,NA,NA,NA,NA,NA,NA,NA,NA,NA,NA,NA
汉口银行,2010,14114.32,12646.45,NA,2797.65,2387.14,NA,9764.34,320.73,36966.019999999997,8867.9,9387.27,15.58,12580.94,905.94,25.99,102.58,116.42,767.19,111766.46,14328.73,NA,28.43,NA,4028.65,85616.25,91.01,81.05,287.17,NA,826.82,NA,NA,NA,105288.1,3306.85,1235.1199999999999,NA,226.71,1270.51,439.18,6478.36,NA,6478.36,111766.46,NA,NA,NA,NA,NA,0,NA,0,NA,NA,NA,NA,NA,0,NA,NA,NA,NA,NA,NA,NA
汉口银行,2011,18095.580000000002,22814.400000000001,NA,862.71,2357.98,NA,12132.78,495.22,46811.43,7745.06,6581.2,15.58,13960.67,1040.6600000000001,82.03,50.64,66.760000000000005,4829.99,137942.70000000001,34216.839999999997,NA,506.51,NA,60,91727.92,165.98,342.24,715.72,NA,1.59,0.5,2057.09,NA,129794.38,3517.85,1513.07,NA,377.63,2008.54,707.18,8124.26,24.06,8148.32,137942.70000000001,NA,NA,NA,NA,NA,NA,NA,NA,NA,NA,NA,NA,NA,NA,NA,NA,NA,NA,NA,NA,NA
汉口银行,2012,21042.48,15031.4,NA,50.74,1370.65,NA,21476.61,534.95000000000005,57757.21,6681.22,7243.63,15.58,25239.23,1256.49,98.45,107.17,NA,4476.43,162382.24,20329.13,50,6.51,NA,10336.540000000001,108100.97,95.37,411.22,1191.2,6880.39,NA,NA,3030.4,NA,150431.74,4127.8500000000004,3221.63,NA,558.84,2933.27,1060.92,11902.51,47.99,11950.5,162382.24,NA,NA,NA,NA,NA,NA,NA,NA,NA,NA,NA,NA,NA,NA,NA,NA,NA,NA,NA,NA,NA
汉口银行,2013,24573.42,14320.05,NA,645.16,2755.84,NA,15701.27,573.91999999999996,69366.03,8901.18,9499.6200000000008,15.58,27676.15,1282.9000000000001,94.43,295.08999999999997,NA,2521.1,178221.75,21942.31,30,223.46,NA,5531.78,125615.23,148.82,285.61,1430.4,6884.2,NA,NA,2698.64,NA,164790.45000000001,4127.8500000000004,3054.43,NA,765.14,4118.5200000000004,1313.88,13379.81,51.49,13431.3,178221.75,NA,NA,NA,NA,NA,NA,NA,NA,NA,NA,NA,NA,NA,NA,NA,NA,NA,NA,NA,NA,NA
汉口银行,2014,23908.03,6916.89,NA,1050,7471.26,NA,1400,711.84,81211.839999999997,15108.77,9584.31,NA,19121.990000000002,1628.26,84.8,543.51,NA,348.14,169089.63,11605.52,700,961.64,NA,2375.9,114212.49,142.27000000000001,254.68,1612.33,11790.66,13.1,NA,5129.97,NA,154461.1,4127.8500000000004,3258.59,8.14,911.55,4560.51,1702.5,14569.15,59.38,14628.54,169089.63,NA,5662.53,NA,NA,NA,NA,NA,NA,NA,NA,NA,NA,NA,NA,NA,NA,NA,NA,NA,NA,NA
汉口银行,2015,22882.720000000001,1133.33,NA,NA,5036.5200000000004,NA,10150.450000000001,684.63,82982.7,13720.06,21543.56,NA,21953.45,1701.41,75.08,878.37,NA,399.8,183142.08,6117.74,1520,157.04,NA,15385.81,122609.60000000001,170.02,477.6,1516.44,14567.98,95.1,NA,1730.55,NA,167259.42000000001,4127.8500000000004,3258.59,179.69,1059.54,4987.32,2202.6999999999998,15815.69,66.97,15882.66,183142.08,NA,2911.54,NA,NA,NA,NA,NA,NA,NA,NA,NA,NA,NA,NA,NA,NA,NA,NA,NA,NA,NA
江苏江南农村商业银行,2006,2318.75,1601.98,NA,NA,NA,NA,NA,NA,NA,NA,NA,NA,NA,NA,15.66,NA,NA,NA,23314.46,2.61,NA,NA,NA,NA,NA,NA,76.86,NA,NA,NA,3021.26,NA,NA,22472.12,300,2.54,NA,198.35,NA,341.44,842.33,NA,842.33,23314.46,NA,NA,NA,NA,NA,NA,NA,NA,NA,NA,NA,NA,NA,NA,NA,NA,NA,NA,NA,NA,NA
江苏江南农村商业银行,2007,2854.76,2100.61,NA,NA,NA,NA,NA,NA,NA,NA,NA,NA,NA,NA,15.42,NA,NA,NA,25214.12,NA,NA,NA,NA,NA,NA,NA,101.67,NA,NA,NA,NA,NA,NA,23699.18,599.98,2.54,NA,258.05,70,584.36,1514.94,NA,1514.94,25214.12,NA,NA,NA,NA,NA,NA,NA,NA,NA,NA,NA,NA,NA,NA,NA,NA,NA,NA,NA,NA,NA
江苏江南农村商业银行,2010,13223.42,14121.87,NA,NA,NA,NA,25859.77,169.35,48691.1,NA,13903.1,54,1130,797.08,25.46,84.26,9.3699999999999992,NA,118167.5,15206.98,NA,NA,NA,20215.849999999999,74404.42,65.22,279.08,767.82,NA,NA,NA,170.74,74.81,111184.91,4000,24.36,NA,514.16999999999996,638.28,1749.35,6926.16,56.43,6982.59,118167.5,98.72,NA,NA,NA,NA,NA,NA,NA,NA,NA,NA,NA,NA,NA,NA,NA,NA,NA,NA,NA,NA
江苏江南农村商业银行,2011,17854.46,11069.6,NA,5088.55,389.71,NA,18649.59,428.47,58228.77,971.77,18721.919999999998,3,30,1014.72,37.57,129.62,3.91,NA,132767.20000000001,18130.86,NA,NA,NA,19798.060000000001,84168.69,114.42,218.87,1131.79,NA,16.71,NA,391.21,88.62,124059.23,4384,33.21,NA,1213.5899999999999,951.92,2011.63,8594.34,113.63,8707.9699999999993,132767.20000000001,145.54,NA,NA,NA,NA,NA,NA,NA,NA,NA,NA,NA,NA,NA,NA,NA,NA,NA,NA,NA,NA
江苏江南农村商业银行,2012,21200.86,19928.05,NA,NA,5710.17,NA,22127.4,355.63,67272.38,2027.23,19540.669999999998,3,935,1252.92,63.57,34.85,1.39,25,160587,24560.67,50,500,NA,26102.75,97163.07,134.88999999999999,55.01,1556.23,NA,0.96,NA,226.45,122.85,150472.87,4384,10.28,NA,2037.78,1131.26,2423.5500000000002,9986.8700000000008,127.26,10114.129999999999,160587,108.87,NA,NA,NA,NA,NA,NA,NA,NA,NA,NA,NA,NA,NA,NA,NA,NA,NA,NA,NA,NA
江苏江南农村商业银行,2013,23787.39,16130.35,1.1100000000000001,NA,3413.4,NA,14410.57,457.87,77244.41,5646.45,21652.36,104.55,765.51,1473.8,63.86,101.16,1.02,6.6,165321.37,15043.85,100,614.72,NA,16724.740000000002,118410.53,274.08,53.89,2390.9699999999998,NA,0.28999999999999998,NA,533.48,154.46,154301.01,4627.55,231.74,NA,2269.0500000000002,1107.76,2678.32,10914.42,105.95,11020.37,165321.37,60.95,NA,NA,NA,NA,NA,NA,NA,NA,NA,NA,NA,NA,0,NA,NA,NA,NA,NA,NA,NA
江苏江南农村商业银行,2014,29464.959999999999,17112.3,5.61,523.34,4976.6000000000004,NA,11870.93,467.92,88277.23,8886.02,23012.99,113,7844.68,1392.79,128.08000000000001,274.01,0.69,623.33000000000004,194974.49,16561.48,1120,1474.38,NA,17879.150000000001,137203.20000000001,242.67,210.74,3270.44,3736.47,14.2,NA,704.25,NA,182416.98,5293.91,309.51,27.63,2580.9299999999998,1152.8599999999999,3067.87,12432.71,124.8,12557.51,194974.49,NA,NA,NA,NA,NA,NA,NA,NA,NA,NA,NA,NA,NA,NA,NA,NA,NA,NA,NA,NA,NA
江苏江南农村商业银行,2015,26511.64,10645.07,6.53,4120.45,4682.0200000000004,NA,13416.39,1176.6300000000001,98702.95,9950.36,23908.21,297.08,33839.54,1497.47,175.72,461.08,0.56999999999999995,550.58000000000004,234328.73,20592.43,400,7596.08,NA,18844.990000000002,149766.34,220.69,234.83,3592.8,16805.28,57.44,NA,1272.75,421.21,219804.83,5844.48,316.04000000000002,133.02000000000001,3206.3,1027.3499999999999,3458.72,13985.91,537.99,14523.9,234328.73,4386.45,NA,NA,NA,NA,NA,NA,NA,NA,NA,NA,NA,NA,NA,NA,NA,NA,NA,NA,NA,NA
江苏紫金农商行,2010,9964.41,12025.02,NA,2401.9,NA,NA,NA,40.799999999999997,26546.45,334.95,1109.6500000000001,2.4,NA,560.80999999999995,0.56000000000000005,NA,71.58,0.04,54645.69,7996.98,NA,NA,NA,NA,43053.55,5.44,101.92,320.10000000000002,NA,NA,NA,611.99,286.39,52376.37,1351.95,0.45,NA,72.010000000000005,374.04,470.87,2269.33,NA,2269.33,54645.69,1587.13,NA,NA,NA,NA,NA,NA,NA,NA,NA,NA,NA,NA,NA,NA,NA,NA,NA,NA,NA,NA
江苏紫金农商行,2011,12960.48,10645.84,NA,2401.9,NA,NA,NA,24.86,30562.15,332.06,1101.69,242.4,NA,907.45,0.78,7,NA,NA,59303.19,648.71,NA,NA,NA,908.46,53046.83,114.73,156.19,437.97,NA,NA,NA,119.33,149.86000000000001,55582.06,2000,540.84,NA,138.35,462.75,579.19000000000005,3721.13,NA,3721.13,59303.19,116.57,NA,NA,NA,NA,NA,NA,NA,NA,NA,NA,NA,NA,NA,NA,NA,NA,NA,NA,NA,NA
江苏紫金农商行,2012,10329.01,4411.79,NA,NA,NA,NA,NA,130.63999999999999,31039.01,1275.79,1946.47,374.4,NA,1123.0899999999999,1.23,287.66000000000003,NA,146.82,51065.91,107.98,NA,NA,NA,669.35,44803.51,120.12,160.85,748.82,NA,0.75,NA,211.29,NA,46822.67,2200,543.09,NA,275.18,542.58000000000004,682.39,4243.2299999999996,NA,4243.2299999999996,51065.91,NA,NA,NA,NA,NA,NA,NA,NA,NA,NA,NA,NA,NA,NA,NA,NA,NA,NA,NA,NA,NA
江苏紫金农商行,2013,9747.16,4606.6400000000003,NA,500,NA,0.82,750,218.95,35762.43,1832.2,4478.9399999999996,372.6,261.16000000000003,1405.83,1.62,343.04,NA,85.65,60367.03,491.2,NA,29.87,0.82,2745.25,51106.15,164.97,101.59,988.02,NA,NA,NA,172.83,NA,55800.7,2200,503.22,NA,381.3,703.79,778.03,4566.34,NA,4566.34,60367.03,NA,NA,NA,NA,NA,NA,NA,NA,NA,NA,NA,NA,NA,NA,NA,NA,NA,NA,NA,NA,NA
江苏紫金农商行,2014,11538.7,6999.53,NA,428.15,NA,NA,110,288.45999999999998,40903.870000000003,2165.39,5727.78,458.91,NA,1662.71,8.4499999999999993,423.8,NA,79.319999999999993,70795.06,671.73,50,129.55000000000001,NA,3216.9,59649.02,203.85,77.84,1194.1400000000001,NA,7.02,NA,107.07,NA,65307.13,2376,540.84,2.56,528.04,1116.72,923.78,5487.94,NA,5487.94,70795.06,NA,NA,NA,NA,NA,NA,NA,NA,NA,NA,NA,NA,NA,NA,NA,0,NA,NA,NA,NA,NA
江苏紫金农商行,2015,11875.14,12219.78,NA,200,NA,NA,170,413.31,50045.86,2376.5,9693.77,500.58,12050,1637.82,17.440000000000001,474.41,NA,111.22,101785.83,2890.39,500,2797.92,NA,10083.379999999999,73909.14,122.78,79.2,1542.5,2988.47,9.9499999999999993,NA,787.77,NA,95711.51,2376,540.84,29.86,695.72,1292.72,1139.18,6074.32,NA,6074.32,101785.83,NA,NA,NA,NA,NA,NA,NA,NA,NA,NA,NA,NA,NA,NA,NA,NA,NA,NA,NA,NA,NA
江苏银行,2005,14908.06,10631.66,NA,NA,NA,NA,NA,NA,NA,NA,NA,370.54,NA,2534.63,36.729999999999997,NA,NA,NA,125713,1373.24,NA,NA,NA,2105,NA,NA,240.41,677.91,NA,NA,NA,NA,NA,121399.8,4313.1899999999996,0.01,NA,NA,NA,NA,4313.21,NA,4313.21,125713,NA,NA,NA,NA,NA,NA,NA,NA,NA,NA,NA,NA,NA,NA,NA,NA,NA,NA,NA,NA,NA
江苏银行,2006,21827.88,12637.55,NA,NA,NA,NA,NA,NA,NA,NA,NA,398.6,NA,2484.23,37.94,NA,NA,NA,151796.06,1814.85,NA,NA,NA,1317,NA,NA,285.58999999999997,885.06,NA,NA,NA,NA,NA,142792.32000000001,7850,707.47,NA,NA,446.28,NA,9003.74,NA,9003.74,151796.06,NA,NA,NA,NA,NA,NA,NA,NA,NA,NA,NA,NA,NA,NA,NA,NA,NA,NA,NA,NA,NA
江苏银行,2007,30620.23,11517.77,NA,NA,NA,NA,NA,157.75,NA,NA,NA,NA,NA,NA,42.51,NA,NA,NA,182214.06,1271.54,NA,NA,NA,1650.2,NA,NA,590.12,1385.23,NA,NA,NA,NA,NA,172811.11,7850,707.37,NA,83.79,761.79,NA,9402.9500000000007,NA,9402.9500000000007,182214.06,NA,NA,NA,NA,NA,NA,NA,NA,NA,NA,NA,NA,NA,NA,NA,NA,NA,NA,NA,NA,NA
江苏银行,2008,35581.699999999997,20636.23,NA,NA,2024.39,NA,11560.52,NA,131951.64000000001,5742.56,10408,66.03,NA,2647.29,48.04,312.93,130.59,8542.0499999999993,230332.56,2700.99,NA,377.45,NA,2924.7,199852.13,709.93,817.24,1889.54,2038.23,229.59,30.87,6368.25,NA,217938.92,7850,951.81,NA,390.3,1286.77,1914.76,12393.64,NA,12393.64,230332.56,680.59,NA,NA,NA,NA,NA,NA,NA,NA,NA,NA,NA,NA,NA,NA,NA,NA,NA,NA,NA,NA
江苏银行,2009,53756.17,14763.37,NA,596.12,4752.45,NA,27141.24,815.66,189260.54,5915.89,9442.8799999999992,65.67,NA,3008.44,507.71,858.54,NA,19769.54,330654.2,7297.84,NA,597.66999999999996,NA,16959.689999999999,278740.46999999997,971.47,619.15,1962.57,4000,220.63,NA,4247.0200000000004,NA,315616.51,8400,2154.58,NA,1110.8,1038.58,2333.7199999999998,15037.69,NA,15037.69,330654.2,NA,NA,NA,NA,NA,NA,NA,NA,NA,NA,NA,NA,NA,NA,NA,NA,NA,NA,NA,NA,NA
江苏银行,2010,74486.7,25125.15,NA,787.09,2703.79,NA,28336.6,1184.26,234203.83,5437.29,23243.01,62.77,NA,2998.2,738.82,843.73,NA,30304.67,430455.9,13955.5,NA,4817.45,NA,15914.12,359585.24,1340.39,880.55,2186.86,4000,185.11,18.87,4879.4399999999996,NA,407763.53,9100,4923.79,NA,1791.49,3731.59,3145.5,22692.38,NA,22692.38,430455.9,NA,NA,NA,NA,NA,NA,NA,NA,NA,NA,NA,NA,NA,NA,NA,NA,NA,NA,NA,NA,NA
江苏银行,2011,97863.12,66969.53,NA,4817.8599999999997,5187.96,NA,22858.1,1349.24,283424.68,1818.98,17699.78,70.64,3008.83,3089.16,750.41,1197.46,NA,4039.96,514145.72,25555.97,NA,4407.8999999999996,NA,2226.17,435005.05,2234.7199999999998,1259.9000000000001,3474.52,7000,153.01,10.67,5006.29,NA,486334.19,9100,4937.0600000000004,NA,2793.42,7158.81,3822.23,27811.53,NA,27811.53,514145.72,NA,NA,NA,NA,NA,NA,NA,NA,NA,NA,NA,NA,NA,NA,NA,NA,NA,NA,NA,NA,NA
江苏银行,2012,120885.51,69973.490000000005,NA,13897.97,5197.66,NA,25853.45,2313.9499999999998,343559.99,11210.21,23050.12,NA,24184.94,4160.8900000000003,724.94,1702.08,NA,3613.61,650328.81000000006,46180.21,20,16597.93,NA,1705.99,532719.53,2851.1,1848.01,5558.62,7000,NA,6.6,1571.95,NA,616059.93999999994,9100,4937.37,20.05,4080.73,8608.9699999999993,7403.97,34151.1,117.77,34268.870000000003,650328.81000000006,NA,NA,NA,NA,NA,NA,NA,NA,NA,NA,NA,NA,NA,NA,NA,NA,NA,NA,NA,NA,NA
江苏银行,2013,126019.42,70429.33,NA,6505.6,1642.98,0.79,62840.46,3422.39,401073.27,10781.62,40020.54,NA,30226.1,4585.09,723.38,2001.64,NA,3379.58,763652.17,64264.68,100,6695.75,NA,28532.83,596553.92000000004,3204.64,1369.74,7299.05,5000,NA,51.38,2685.03,NA,715757.05,10390,10097.370000000001,-275.05,5601.89,13506.45,8442.84,47763.5,131.63,47895.13,763652.17,NA,NA,NA,NA,NA,NA,NA,NA,NA,NA,NA,NA,NA,NA,NA,NA,NA,NA,NA,NA,NA
江苏银行,2014,132054.54999999999,92550.45,NA,8595.17,5513.04,69.69,49933.919999999998,6017.74,475363.55,8825.8700000000008,74844.509999999995,NA,172311.67,4929.16,727.15,2561.09,NA,4011.5,1038309.05,205319.54,5050,2243.3200000000002,30.19,40845.46,681297.33,3276.04,1090.71,11478.08,28978.79,NA,2.08,2632.41,NA,982243.96,10390,10097.370000000001,42.91,7288.45,16338.58,11777.89,55935.21,129.88,56065.09,1038309.05,NA,NA,NA,NA,NA,NA,NA,NA,NA,NA,NA,NA,NA,NA,NA,NA,NA,NA,NA,NA,NA
江苏银行,2015,121097.41,54315.85,NA,5431.65,714.8,28.29,76181.789999999994,6263.99,546389.32999999996,205823.88,116133.97,NA,139266.72,5321.69,692.98,2611.5500000000002,NA,2329.16,1290333.3400000001,296364.73,7300,6464.59,0.26,58949.96,776428.47,3651.51,1170.58,13801.41,51649.49,NA,2.06,4135.7299999999996,4880,1224798.77,10390,10097.370000000001,597.28,9104.58,19251.12,15715.46,65155.81,378.76,65534.559999999998,1290333.3400000001,7730.27,NA,NA,NA,NA,NA,NA,NA,NA,NA,NA,NA,NA,NA,NA,NA,NA,NA,NA,NA,NA
江门融和农商行,2010,NA,NA,NA,NA,NA,NA,NA,NA,NA,NA,NA,NA,NA,NA,NA,NA,NA,13068.66,13068.66,NA,NA,NA,NA,NA,NA,NA,NA,NA,NA,NA,NA,12331.03,NA,12331.03,NA,NA,NA,NA,NA,NA,737.63,NA,737.63,13068.66,NA,NA,NA,NA,NA,NA,NA,NA,NA,NA,NA,NA,NA,NA,NA,NA,NA,NA,NA,NA,NA
江门融和农商行,2011,NA,NA,NA,NA,NA,NA,NA,NA,NA,NA,NA,NA,NA,NA,NA,NA,NA,15990.87,15990.87,NA,NA,NA,NA,NA,NA,NA,NA,NA,NA,NA,NA,13595.79,NA,13595.79,NA,NA,NA,NA,NA,NA,2395.08,NA,2395.08,15990.87,NA,NA,NA,NA,NA,NA,NA,NA,NA,NA,NA,NA,NA,NA,NA,NA,NA,NA,NA,NA,NA
江门融和农商行,2012,3526.97,2337.2199999999998,NA,NA,NA,NA,NA,45.06,11003.14,479.66,520,184,233.32,793.11,19.440000000000001,44.77,NA,NA,19581.759999999998,1000,NA,NA,NA,NA,15582.07,46.04,92.67,186.61,NA,31.57,NA,4.34,12.07,16955.38,1100,913.99,NA,88.27,304.87,219.24,2626.38,NA,2626.38,19581.759999999998,395.05,NA,NA,NA,NA,NA,NA,NA,NA,NA,NA,NA,NA,NA,NA,NA,NA,NA,NA,NA,NA
江门融和农商行,2013,4555.3500000000004,1963.66,NA,NA,NA,NA,492.69,106.02,12726.49,544.59,1019.15,184,859.01,759.7,17.579999999999998,52.02,NA,538.1,24210.85,2143.17,NA,NA,NA,NA,18715.810000000001,42.7,76.25,298.18,NA,27.65,NA,16.5,49.53,21369.78,1210,804.14,NA,123.48,413.8,289.64999999999998,2841.07,NA,2841.07,24210.85,392.48,NA,NA,NA,NA,NA,NA,NA,NA,NA,NA,NA,NA,NA,NA,NA,NA,NA,NA,NA,NA
江门融和农商行,2014,4626.75,2426.15,NA,NA,NA,NA,95.28,161.62,15232.81,828.49,818.97,NA,1696.65,229.54,15.97,23.09,NA,1589.1,28092.3,2649.58,65,NA,NA,227.87,21373.83,47.1,60.64,407.72,NA,21.5,NA,5.14,20.9,24887.4,1270.5,743.55,0.46,146.88999999999999,367.88,354.65,2883.93,320.97000000000003,3204.9,28092.3,347.88,NA,NA,NA,NA,NA,NA,NA,NA,NA,NA,NA,NA,NA,NA,NA,NA,NA,NA,NA,NA
江门融和农商行,2015,4325.5,1968.72,NA,129.87,NA,NA,NA,126.32,15236.99,1250.51,691.95,NA,2924.56,217.13,14.76,163.38,NA,2425.19,29821.87,2273.27,102,NA,NA,NA,23589.17,34.880000000000003,65.47,441.69,NA,19.45,NA,4.1500000000000004,17.88,26554.880000000001,1397.55,616.5,4.18,164.97,324.48,372.73,2880.42,386.57,3266.99,29821.87,346.99,NA,NA,NA,NA,NA,NA,NA,NA,NA,NA,NA,NA,NA,NA,NA,NA,NA,NA,NA,NA
江阴农商行,2005,2569.54,2505.35,NA,NA,NA,NA,NA,NA,NA,NA,NA,NA,NA,NA,NA,NA,NA,NA,20338.78,179.16,NA,NA,NA,NA,NA,NA,51.98,NA,NA,NA,2027.76,NA,NA,19584.810000000001,246.32,34.67,NA,472.98,NA,NA,753.97,NA,753.97,20338.78,NA,NA,NA,NA,NA,NA,NA,NA,NA,NA,NA,NA,NA,NA,NA,NA,NA,NA,NA,NA,NA
江阴农商行,2006,3069.95,1643.78,NA,NA,NA,NA,NA,NA,NA,NA,NA,NA,NA,NA,NA,NA,NA,NA,25416.36,160.47,NA,NA,NA,NA,NA,NA,73.53,NA,NA,NA,1793.18,NA,NA,24233.99,520.21,34.67,NA,440.91,NA,186.57,1182.3699999999999,NA,1182.3699999999999,25416.36,NA,NA,NA,NA,NA,NA,NA,NA,NA,NA,NA,NA,NA,NA,NA,NA,NA,NA,NA,NA,NA
江阴农商行,2007,4264.13,2368.6,NA,NA,NA,NA,427.7,97.92,15796.61,412.76,4209.71,0.97,NA,256.57,78.209999999999994,64.55,NA,118.5,28096.25,1103.8399999999999,NA,NA,NA,NA,23623.21,59.02,145.88,187.54,NA,26.26,NA,1392.97,NA,26538.720000000001,520.21,4.9400000000000004,NA,494.75,357.43,180.2,1557.52,NA,1557.52,28096.25,NA,NA,NA,NA,NA,NA,NA,NA,NA,NA,NA,NA,NA,NA,NA,NA,NA,NA,NA,NA,NA
江阴农商行,2008,4767.09,2330.08,NA,NA,NA,NA,NA,109.27,19323.78,706.31,4227.01,22.35,NA,320.43,70.59,73.91,NA,107.63,32058.44,115.5,NA,NA,NA,700,28317.48,53.72,57.54,293.10000000000002,NA,24.73,NA,326.95999999999998,NA,29889.03,624.26,-1.52,NA,779.37,539.26,180.2,2121.5700000000002,47.85,2169.41,32058.44,NA,NA,NA,NA,NA,NA,NA,NA,NA,NA,NA,NA,NA,NA,NA,NA,NA,NA,NA,NA,NA
江阴农商行,2009,6603.64,1877.15,NA,NA,NA,NA,NA,131.79,24767.46,315.3,7166.41,29.1,NA,372.1,58.59,49.92,NA,200.43,41571.89,0.03,NA,NA,NA,2300.8000000000002,35841,85.78,47.21,252.65,NA,25.13,NA,301.81,NA,38854.410000000003,686.68,4,NA,841.92,846.74,289.14999999999998,2668.48,49,2717.47,41571.89,NA,NA,NA,NA,NA,NA,NA,NA,NA,NA,NA,NA,NA,NA,NA,NA,NA,NA,NA,NA,NA
江阴农商行,2010,8990.52,2017.74,NA,NA,NA,NA,2246,175.81,29938.39,1496.78,7246.02,29.1,NA,446.23,66.11,97.79,NA,69.650000000000006,52820.15,800,NA,26.42,NA,3200,44512.93,130.07,116.34,320.14,NA,22.87,NA,135.1,NA,49263.86,1133.03,-40.619999999999997,NA,705.5,1131.95,445.65,3375.5,180.78,3556.28,52820.15,NA,NA,NA,NA,NA,NA,NA,NA,NA,NA,NA,NA,NA,NA,NA,NA,NA,NA,NA,NA,NA
江阴农商行,2011,9778.49,1430.49,NA,100,NA,NA,900,182.33,34828.93,452,7652.22,120.69,50,535.22,76.63,114.32,NA,74.819999999999993,56296.14,NA,10,63.01,NA,3422.16,47647.68,29.96,160.59,472.21,NA,21.94,NA,52.71,NA,51880.25,1133.03,2.88,NA,1174.8900000000001,1404.71,507.81,4223.32,192.57,4415.8900000000003,56296.14,NA,NA,NA,NA,NA,0,NA,NA,NA,NA,NA,NA,NA,0,NA,NA,NA,NA,NA,NA,NA
江阴农商行,2012,12126.62,3426.51,NA,NA,NA,NA,5112,280.01,38189.040000000001,6002.9,7096.52,129.35,50,582.39,78.849999999999994,269.18,NA,66.64,73410,2000,120,NA,NA,11697.7,53271.73,168.01,142.63999999999999,846.39,NA,21.01,NA,83.27,NA,68350.75,1133.03,NA,-1.62,1461,1658.83,569.37,4820.6000000000004,238.65,5059.25,73410,NA,NA,NA,NA,NA,0,NA,NA,NA,NA,NA,NA,NA,0,NA,NA,NA,NA,NA,NA,NA
江阴农商行,2013,12272.2,2805.54,NA,NA,NA,NA,1548.9,290.58,42979.68,5147.3999999999996,9621.02,141.38999999999999,50,570.5,79.13,387.06,90.16,60.67,76044.23,525.6,21,43.28,NA,10015,58332.1,179.12,86.01,1036.99,NA,20.079999999999998,NA,74.81,NA,70333.98,1246.33,NA,-208.53,1558.32,1877.97,973.07,5447.16,263.08999999999997,5710.25,76044.23,NA,NA,NA,NA,NA,0,NA,NA,NA,NA,NA,NA,NA,0,NA,NA,NA,NA,NA,NA,NA
江阴农商行,2014,12927.06,996.08,NA,110.4,NA,NA,1849,314.02999999999997,46800.83,10434.719999999999,8469.52,154.47999999999999,249.99,600.47,82.99,427.96,84.9,84.58,83587,336.28,474.11,NA,NA,11084.6,63083.42,298.55,114.21,1569.41,NA,28.59,NA,49.81,NA,77038.990000000005,1246.33,NA,32.24,2087.5,1767.99,1126.19,6260.25,287.76,6548.02,83587,NA,NA,NA,NA,NA,0,NA,0,NA,NA,NA,NA,NA,0,NA,0,NA,NA,NA,NA,NA
河北银行,2007,7312.68,367.27,NA,NA,NA,NA,NA,NA,NA,NA,NA,NA,NA,NA,37.06,NA,NA,246.45,38085.39,302.89999999999998,NA,NA,NA,5223.8999999999996,NA,NA,NA,NA,NA,NA,NA,NA,NA,37213.49,439.87,38.380000000000003,NA,135.91999999999999,42.97,214.76,871.9,NA,871.9,38085.39,NA,NA,NA,NA,NA,NA,NA,NA,NA,NA,NA,NA,NA,NA,NA,NA,NA,NA,NA,NA,NA
河北银行,2008,8311.6200000000008,296.27,NA,NA,NA,NA,NA,NA,NA,NA,NA,NA,NA,NA,37.01,NA,NA,144.61000000000001,42561.19,114.36,NA,NA,NA,3910,NA,NA,NA,NA,NA,NA,NA,NA,NA,40739.449999999997,1299.3,154.08000000000001,NA,109.97,43.63,214.76,1821.74,NA,1821.74,42561.19,NA,NA,NA,NA,NA,NA,NA,NA,NA,NA,NA,NA,NA,NA,NA,NA,NA,NA,NA,NA,NA
河北银行,2009,10288.23,1403.75,NA,110.96,632.13,NA,1840,235.65,25958.26,3350.79,6788.02,17.02,3478.14,257.64999999999998,41.68,117.85,NA,326.24,54846.38,133.35,NA,NA,NA,NA,50580.27,28.86,52.75,232.79,NA,11.78,95.72,432.4,NA,51567.92,2000,558.67999999999995,NA,161.77000000000001,232.51,325.5,3278.46,NA,3278.46,54846.38,NA,NA,NA,NA,NA,NA,NA,NA,NA,NA,NA,NA,NA,NA,NA,NA,NA,NA,NA,NA,NA
河北银行,2010,15464.75,1271.75,NA,81.459999999999994,1636.33,NA,7501.08,262.31,32140.13,3350.82,7745.11,10.88,4982.6099999999997,268.13,54.87,173.03,NA,890.18,75833.440000000002,117.97,NA,NA,NA,1959.66,67790.59,39.26,102.66,349.85,794.22,NA,118.34,846.51,NA,72119.070000000007,2000,517.82000000000005,NA,238.66,538.85,394.81,3690.14,24.24,3714.38,75833.440000000002,NA,NA,NA,NA,NA,NA,NA,NA,NA,NA,NA,NA,NA,NA,NA,NA,NA,NA,NA,NA,NA
河北银行,2011,19412.990000000002,10016.57,NA,37.81,1509.57,NA,6796.28,431.65,38103.56,4327.49,15768.46,10.88,6212.89,251.17,58.98,193.96,29.52,3543.68,106705.44,12878.49,9.89,937.81,NA,7037.86,73788.759999999995,72.97,117.27,541.63,795.41,14.71,121.43,5936.14,NA,102252.35,2000,559.17999999999995,NA,416.8,884.74,567.35,4428.07,25.02,4453.09,106705.44,NA,NA,NA,NA,NA,NA,NA,NA,NA,NA,NA,NA,NA,NA,NA,NA,NA,NA,NA,NA,NA
河北银行,2012,21870.05,3516.51,NA,1277.1300000000001,1011.38,NA,2909.07,435.63,48355.51,3777.09,15623.37,10.88,17356.310000000001,318.82,83.17,265.22000000000003,17.059999999999999,5288.8,122115.99,8935.0300000000007,44.94,1359.98,NA,5987.1,90451.74,93.26,177.33,849.89,796.67,6.06,133.91999999999999,4902.97,NA,113738.88,3200,2432.27,NA,598.20000000000005,1289.52,830.45,8350.44,26.67,8377.11,122115.99,NA,NA,NA,NA,NA,NA,NA,NA,NA,NA,NA,NA,NA,NA,NA,NA,NA,NA,NA,NA,NA
河北银行,2013,27814.61,6061.01,NA,18.29,736.83,NA,6143.71,608.19000000000005,60719.3,6767.78,16213.07,10.88,19826.88,394.66,99.54,354.25,3.32,6665.75,152438.07,11261.59,NA,731.63,NA,4934.49,116943.96,135.94999999999999,225.24,1230.6300000000001,798.01,NA,122.46,6931.34,NA,143315.29,3200,2271.9299999999998,NA,805.44,1552.51,1264.07,9093.9599999999991,28.82,9122.77,152438.07,NA,NA,NA,NA,NA,NA,NA,NA,NA,NA,NA,NA,NA,NA,NA,NA,NA,NA,NA,NA,NA
河北银行,2014,32850.21,20774.990000000002,NA,129.5,500.49,NA,5411.35,719.25,72773.66,4616.74,15607.41,NA,26835.96,622.4,98.59,587.57000000000005,2.87,630.07000000000005,182161.06,13479,309.92,3306.36,0.11,8035.23,138233.51999999999,291.33999999999997,418.72,1529.96,4789.3100000000004,NA,66.22,974.01,NA,171433.7,3766.87,2316,2.34,1039.3,1657.76,1913.8,10696.07,31.29,10727.35,182161.06,NA,NA,NA,NA,NA,NA,NA,NA,NA,NA,NA,NA,NA,NA,NA,NA,NA,NA,NA,NA,NA
河北银行,2015,31024.34,22754.89,NA,231.39,4204.84,NA,2475.0100000000002,842.42,96782.24,24929.4,14343.33,NA,22838.37,630.30999999999995,103.66,729.58,NA,748.83,222638.6,14416.75,668.3,1580.84,0.97,8842.4500000000007,163244.64000000001,457.3,464.99,1757.54,13763.4,NA,167.44,1508.72,NA,206873.32,5000,3839.26,121,1375.17,2371.61,2537.5700000000002,15244.62,520.66,15765.28,222638.6,NA,NA,NA,NA,NA,NA,NA,NA,NA,NA,NA,NA,NA,NA,NA,NA,NA,NA,NA,NA,NA
泉州银行,2006,703.07,191.43,NA,NA,NA,NA,NA,NA,NA,NA,NA,NA,NA,NA,1.87,NA,NA,NA,6622.07,3.01,NA,NA,NA,NA,NA,NA,10.85,NA,NA,NA,NA,NA,NA,5748.33,702.63,86.01,NA,15.61,36.43,33.07,873.74,NA,873.74,6622.07,NA,NA,NA,NA,NA,NA,NA,NA,NA,NA,NA,NA,NA,NA,NA,NA,NA,NA,NA,NA,NA
泉州银行,2007,1670.02,517.65,NA,NA,NA,NA,NA,NA,NA,NA,NA,NA,NA,NA,2.98,NA,NA,NA,8960.9,1.59,NA,NA,NA,274.8,NA,NA,32.72,NA,NA,NA,NA,NA,NA,8048.84,702.63,85.68,NA,20.45,54.72,48.58,912.06,NA,912.06,8960.9,NA,NA,NA,NA,NA,NA,NA,NA,NA,NA,NA,NA,NA,NA,NA,NA,NA,NA,NA,NA,NA
泉州银行,2008,2351.8000000000002,613.28,NA,NA,989.75,NA,NA,31.43,5642.82,NA,776.65,8.25,NA,71.900000000000006,2.92,39.159999999999997,17.149999999999999,52.17,10597.27,NA,NA,NA,NA,NA,9501.24,5.23,46.54,28.82,NA,2.52,NA,46.59,NA,9630.94,702.63,85.68,NA,39.79,59.58,78.64,966.33,NA,966.33,10597.27,NA,NA,NA,NA,NA,NA,NA,NA,NA,NA,NA,NA,NA,NA,NA,NA,NA,NA,NA,NA,NA
泉州银行,2009,2007.03,377.05,NA,NA,1359.76,NA,NA,42.07,6790.08,NA,740.9,8.25,NA,81.62,2.86,58.92,16.170000000000002,58.53,11543.24,NA,NA,NA,NA,200,10179.08,0.83,22.99,30.76,NA,1.35,NA,30.12,NA,10465.120000000001,702.63,85.68,NA,57.36,151.06,81.38,1078.1199999999999,NA,1078.1199999999999,11543.24,NA,NA,NA,NA,NA,NA,NA,NA,NA,NA,NA,NA,NA,NA,NA,NA,NA,NA,NA,NA,NA
泉州银行,2010,3152.39,875.54,NA,NA,1583.35,NA,675.22,48.71,8312.31,NA,741.26,8.25,NA,126.86,2.79,49.16,9.58,61.78,15647.2,150,NA,NA,NA,265,13095.23,0.72,39.22,34.409999999999997,NA,3.21,NA,20.39,NA,13608.18,1266.7,367.29,NA,84.98,211.59,108.46,2039.02,NA,2039.02,15647.2,NA,NA,NA,NA,NA,NA,NA,NA,NA,NA,NA,NA,NA,NA,NA,NA,NA,NA,NA,NA,NA
泉州银行,2011,3859.66,1607.55,NA,100,1714.74,NA,1297,52.08,9841.92,NA,821.6,8.25,NA,140.05000000000001,10.91,41.22,8.94,76.59,19580.509999999998,NA,NA,200,NA,938.1,16083.2,13.07,42.47,47.98,NA,0.91,NA,40.51,NA,17366.240000000002,1407.22,367.29,NA,121.84,179.46,138.44999999999999,2214.2600000000002,NA,2214.2600000000002,19580.509999999998,NA,NA,NA,NA,NA,NA,NA,NA,NA,NA,NA,NA,NA,NA,NA,NA,NA,NA,NA,NA,NA
泉州银行,2012,5408.69,7568.32,NA,NA,980.58,NA,1336.74,114.71,11750.3,823.93,3073.69,8.25,NA,346.82,20.72,60.91,8.3000000000000007,96,31597.96,5470,NA,190,NA,1575.46,20693.759999999998,24.37,80.36,97.93,994.71,1.43,NA,49.74,NA,29177.75,1407.22,371.57,NA,188.06,204.2,249.15,2420.21,NA,2420.21,31597.96,NA,NA,NA,NA,NA,NA,NA,NA,NA,NA,NA,NA,NA,NA,NA,NA,NA,NA,NA,NA,NA
泉州银行,2013,6404.01,9156,NA,NA,336.41,NA,652.53,205.34,14156.04,2646.49,6191.69,8.25,NA,486.24,77.78,81.56,2.34,2936.06,43340.76,8061.18,NA,275.10000000000002,NA,1001.06,28157.93,16.55,75.97,262.62,1991.86,1.01,NA,95.39,NA,39938.65,1829.39,744.06,NA,260.58,240.66,333.92,3402.1,NA,3402.1,43340.76,NA,NA,0.01,NA,NA,NA,NA,NA,NA,NA,6.52,NA,NA,NA,NA,NA,NA,NA,NA,NA,NA
泉州银行,2014,7691,5025.62,NA,NA,531.97,NA,2253.83,393.1,18805.900000000001,9611.51,11990.78,NA,NA,561.44000000000005,107.39,89.76,2.82,3713.54,60778.67,7088.71,350,231.73,NA,7250.6,34646.17,22.94,150.97999999999999,367.34,5640.77,13.71,NA,124.41,NA,55887.360000000001,2235.4299999999998,1600.52,23.56,333.69,211.38,486.73,4891.3100000000004,NA,4891.3100000000004,60778.67,NA,NA,NA,NA,NA,NA,NA,NA,NA,NA,NA,NA,NA,NA,NA,NA,NA,NA,NA,NA,NA
泉州银行,2015,7448.86,6518.48,NA,NA,NA,NA,780,366.46,24093.439999999999,22623.39,8256.7000000000007,NA,NA,605.36,93.79,228.64,0.61,2778.14,73793.88,11550.62,300,64.94,NA,600,44730.81,30.09,176.94,511.48,10660.61,18.04,NA,144.71,NA,68788.23,2235.4299999999998,1600.52,35.65,394.37,105.5,634.17999999999995,5005.6499999999996,NA,5005.6499999999996,73793.88,NA,NA,NA,NA,NA,NA,NA,NA,NA,NA,NA,NA,NA,NA,NA,NA,NA,NA,NA,NA,NA
洛阳银行,2006,2321.3200000000002,164.19,NA,NA,NA,NA,NA,NA,NA,NA,NA,NA,NA,NA,9.1300000000000008,NA,NA,37.08,20219.169999999998,30.78,NA,NA,NA,2000,NA,NA,-8.43,NA,NA,NA,NA,NA,NA,19152.46,412.8,511.02,NA,39.99,102.91,NA,1066.71,NA,1066.71,20219.169999999998,NA,NA,NA,NA,NA,NA,NA,NA,NA,NA,NA,NA,NA,NA,NA,NA,NA,NA,NA,NA,NA
洛阳银行,2007,3568.4,27.01,NA,NA,NA,NA,NA,NA,NA,NA,NA,NA,NA,NA,8.7100000000000009,NA,NA,36.729999999999997,22867.69,54.32,NA,NA,NA,1587.2,NA,NA,17.420000000000002,NA,NA,NA,NA,NA,NA,21674.16,412.8,511.02,NA,54.31,215.41,NA,1193.53,NA,1193.53,22867.69,NA,NA,NA,NA,NA,NA,NA,NA,NA,NA,NA,NA,NA,NA,NA,NA,NA,NA,NA,NA,NA
洛阳银行,2008,4048.79,97.45,NA,NA,NA,NA,NA,61.71,13115.26,NA,34.79,5931.27,NA,314.32,9.42,97.3,NA,760.3,24470.6,53.17,NA,NA,NA,1756.2,20547.68,5.04,32.42,252.31,NA,49.76,NA,301.13,NA,22997.71,412.8,597.66,NA,79.11,373.4,NA,1462.98,9.92,1472.89,24470.6,NA,NA,NA,NA,NA,NA,NA,NA,NA,NA,NA,NA,NA,NA,NA,NA,NA,NA,NA,NA,NA
洛阳银行,2009,4638.28,807.06,NA,NA,NA,NA,2640,76.48,15243.4,3982.85,2156.35,0.25,50,316.39999999999998,10.220000000000001,99.29,NA,732.14,30752.720000000001,2.88,30,NA,NA,3007.8,25320.86,6.48,48.19,230.63,NA,26.5,NA,309.99,NA,28983.33,536.64,535.07000000000005,NA,116.73,569.86,NA,1758.29,11.11,1769.39,30752.720000000001,NA,NA,NA,NA,NA,NA,NA,NA,NA,NA,NA,NA,NA,NA,NA,NA,NA,NA,NA,NA,NA
洛阳银行,2010,7762.63,227.73,NA,NA,NA,NA,4137.21,116.64,20637.689999999999,4579.6099999999997,5223.43,0.25,NA,329.14,13.93,126.25,NA,215.21,43369.72,288.61,200,420,NA,3951.6,35221.65,13.79,87.58,285.38,NA,17.809999999999999,NA,119.53,NA,40605.949999999997,841,730.98,NA,173.68,848.45,153,2747.1,16.66,2763.77,43369.72,NA,NA,NA,NA,NA,NA,NA,NA,NA,NA,NA,NA,NA,NA,NA,NA,NA,NA,NA,NA,NA
洛阳银行,2011,10328.69,792.79,NA,NA,NA,NA,6368.95,251.12,28656.21,5491.75,5982.77,0.25,3736.17,313.32,8.66,117.81,NA,150.87,62199.360000000001,2800.48,210.09,NA,NA,9115.82,45363.88,95,139.11000000000001,424.83,NA,NA,NA,165.5,NA,58314.73,1682,268.67,NA,371.33,882.77,392.63,3597.4,287.24,3884.64,62199.360000000001,NA,NA,NA,NA,NA,NA,NA,NA,NA,NA,NA,NA,NA,NA,NA,NA,NA,NA,NA,NA,NA
洛阳银行,2012,13909,6315.38,NA,NA,NA,NA,3265.29,365.13,36920.699999999997,6261.77,6032.24,0.25,8419.7000000000007,218.75,28.81,172.35,NA,65.03,81974.399999999994,6643.64,287.98,1500,NA,10826.6,55044.68,112.48,206.62,554.75,NA,NA,NA,140.57,NA,75317.31,2200,1237.24,NA,568.42999999999995,1170.67,1000.08,6176.43,480.67,6657.09,81974.399999999994,NA,NA,NA,NA,NA,NA,NA,NA,NA,NA,NA,NA,NA,NA,NA,NA,NA,NA,NA,NA,NA
洛阳银行,2013,15248.86,9385.57,NA,320,NA,NA,3534.06,398.95,42705.599999999999,3315.17,7047.86,0.25,14843.32,281.76,29.6,297.39,NA,318.89,97727.29,10774.98,920,1500,NA,10607.47,64767.1,148.16,250.22,820.03,NA,NA,NA,159.94,NA,89947.9,2200,1145.3499999999999,NA,772.23,1825.55,1226.57,7169.7,609.67999999999995,7779.38,97727.29,NA,NA,NA,NA,NA,NA,NA,NA,NA,NA,NA,NA,NA,NA,NA,NA,NA,NA,NA,NA,NA
洛阳银行,2014,17682.61,4401.6899999999996,NA,350,NA,NA,1970.86,874.09,49716.91,13005.6,6424.86,NA,21801.84,548.83000000000004,32.409999999999997,303.56,NA,156.43,117269.68,10677.28,1130,800,NA,11808.12,76678.75,111.55,284.38,1162.43,4986.24,NA,NA,173.11,NA,107811.86,2200,1217.6099999999999,48.25,931.83,2584.0300000000002,1529.54,8511.26,946.57,9457.83,117269.68,NA,NA,NA,NA,NA,NA,NA,NA,NA,NA,NA,NA,NA,NA,NA,NA,NA,NA,NA,NA,NA
洛阳银行,2015,18601.22,2962.73,NA,200,NA,NA,17037.25,1795.55,56124.13,25377.69,5642.22,NA,32409.84,584.45000000000005,36.96,429.72,NA,226.4,166707.5,14869.5,640,4525,NA,20565.04,92316.51,156.49,406.42,1640.13,17410.25,NA,NA,849.04,NA,153378.38,2650,2792.61,97.84,1210.02,3373.8,2207.9499999999998,12332.22,996.9,13329.11,166707.5,5279.36,NA,NA,NA,NA,NA,NA,NA,NA,NA,NA,NA,NA,NA,NA,NA,NA,NA,NA,NA,NA
济宁银行,2006,390.2,316.29000000000002,NA,NA,NA,NA,NA,NA,NA,NA,NA,NA,NA,NA,NA,NA,NA,16.34,4312.7,NA,NA,NA,NA,NA,NA,NA,13,NA,NA,NA,NA,NA,NA,4054.23,215.68,0.49,NA,26.08,16.22,NA,258.45999999999998,NA,258.45999999999998,4312.7,NA,NA,NA,NA,NA,NA,NA,NA,NA,NA,NA,NA,NA,NA,NA,NA,NA,NA,NA,NA,NA
济宁银行,2007,890.82,255.52,NA,NA,NA,NA,NA,NA,NA,NA,NA,NA,NA,NA,0.22,NA,NA,27.03,5440.4,NA,NA,NA,NA,NA,NA,NA,43.72,NA,NA,NA,NA,NA,NA,5140.18,215.68,0.49,NA,55.05,29.01,NA,300.22000000000003,NA,300.22000000000003,5440.4,NA,NA,NA,NA,NA,NA,NA,NA,NA,NA,NA,NA,NA,NA,NA,NA,NA,NA,NA,NA,NA
济宁银行,2008,2052.2399999999998,364.12,NA,NA,NA,NA,NA,2.37,3995.78,NA,129.76,10,NA,54.36,26.84,36.39,NA,NA,6840.95,130,NA,NA,NA,328,5748.06,0.54,21.57,53.52,NA,NA,NA,6.36,8.57,6296.63,403.9,0.49,NA,20.43,36.909999999999997,82.58,544.32000000000005,NA,544.32000000000005,6840.95,169.08,NA,NA,NA,NA,NA,NA,NA,NA,NA,NA,NA,NA,NA,NA,NA,NA,NA,NA,NA,NA
济宁银行,2009,2028.99,715.64,NA,NA,NA,NA,NA,1.0900000000000001,5748.67,NA,70.569999999999993,10,NA,61.99,32.950000000000003,29.82,NA,NA,8992.2800000000007,81.099999999999994,NA,NA,NA,NA,8160.76,0.54,30.7,58.17,NA,NA,NA,7.51,9.1199999999999992,8347.91,403.9,0.49,NA,33.450000000000003,123.95,82.58,644.37,NA,644.37,8992.2800000000007,292.57,NA,NA,NA,NA,NA,NA,NA,NA,NA,NA,NA,NA,NA,NA,NA,NA,NA,NA,NA,NA
济宁银行,2010,3499.9,836.63,NA,NA,NA,NA,1731.81,13.13,7518.76,NA,330.11,20,NA,67.48,32.08,43,NA,NA,14451.24,8.59,NA,NA,NA,303.43,11880.05,0.56999999999999995,32.49,72.989999999999995,NA,NA,NA,18.32,20.69,12337.14,863.58,884.6,NA,52.03,152.88,161.01,2114.1,NA,2114.1,14451.24,358.34,NA,NA,NA,NA,NA,NA,NA,NA,NA,NA,NA,NA,NA,NA,NA,NA,NA,NA,NA,NA
济宁银行,2011,5396.08,1252.1300000000001,NA,NA,NA,NA,584.11,35.5,9945.56,100,10,20,NA,126.49,36.49,105.81,NA,NA,17874.66,13.73,89.83,NA,NA,NA,15151.6,1.02,111.9,106.83,NA,NA,NA,18.670000000000002,55.19,15548.77,863.58,884.6,NA,81.69,273.81,222.2,2325.88,NA,2325.88,17874.66,262.48,NA,NA,NA,NA,NA,NA,NA,NA,NA,NA,NA,NA,NA,NA,NA,NA,NA,NA,NA,NA
济宁银行,2012,6322.79,981.83,NA,NA,NA,NA,1986.92,52.35,13828.88,100,NA,30,NA,186.43,54.9,244.73,NA,NA,24632.82,70.2,200,75.430000000000007,NA,1056.4000000000001,20166.12,25.89,170.25,198.81,NA,NA,NA,26.91,98.68,22088.7,863.58,884.6,NA,176.99,261.70999999999998,332.56,2519.44,24.67,2544.12,24632.82,843.99,NA,NA,NA,NA,NA,NA,NA,NA,NA,NA,NA,NA,NA,NA,NA,NA,NA,NA,NA,NA
济宁银行,2013,6491.48,1788.01,NA,NA,NA,NA,2716.86,60.79,17098.52,494.52,NA,30,NA,307.16000000000003,47.34,278.2,NA,200,30336.13,63.08,467.64,151.62,NA,NA,26164.39,39.85,93.48,385.89,NA,NA,NA,23.59,86.94,27476.48,863.58,884.6,NA,291.7,327.5,460.94,2828.32,31.34,2859.65,30336.13,823.24,NA,NA,NA,NA,NA,NA,NA,NA,NA,NA,NA,NA,NA,NA,NA,NA,NA,NA,NA,NA
济宁银行,2014,6067.88,1811.23,NA,NA,NA,NA,1602.26,109.51,20204.95,2446.23,800,NA,NA,434.77,106,362.92,NA,24.2,34198.080000000002,55.15,394.92,NA,NA,1054.0899999999999,28529.21,31.99,105.86,601.45000000000005,NA,13.27,NA,18.420000000000002,40.26,30844.63,1001.76,883.88,38.22,421.52,404.11,535.94000000000005,3285.43,68.02,3353.45,34198.080000000002,228.12,NA,NA,NA,NA,NA,NA,NA,NA,NA,NA,NA,NA,NA,NA,NA,NA,NA,NA,NA,NA
济宁银行,2015,6461.88,1300.76,NA,25.97,NA,NA,200,255.21,23426.36,10487.55,2084.58,NA,NA,495.14,164.44,399.23,NA,16.45,45480.81,1692.95,1257.3399999999999,300,NA,3250.3,34080.26,35.090000000000003,50.9,778.07,NA,27.13,NA,17.760000000000002,270.42,41760.239999999998,1051.8399999999999,884.29,80.23,549.63,399.46,670.94,3636.39,84.18,3720.57,45480.81,163.22999999999999,NA,NA,NA,NA,NA,NA,NA,NA,NA,NA,NA,NA,NA,NA,NA,NA,NA,NA,NA,NA
浙江民泰商业银行,2004,513.73,528.04,NA,NA,NA,NA,NA,NA,NA,NA,NA,NA,NA,NA,NA,NA,NA,NA,2907.3,22.87,NA,NA,NA,NA,NA,NA,1.4,NA,NA,NA,NA,NA,NA,2872.05,9.82,1.1000000000000001,NA,4.83,19.5,NA,35.25,NA,35.25,2907.3,NA,NA,NA,NA,NA,NA,NA,NA,NA,NA,NA,NA,NA,NA,NA,NA,NA,NA,NA,NA,NA
浙江民泰商业银行,2005,848.83,541.07000000000005,NA,NA,NA,NA,NA,NA,NA,NA,NA,NA,NA,NA,NA,NA,NA,NA,3991.16,2.19,NA,NA,NA,NA,NA,NA,9.2100000000000009,NA,NA,NA,NA,NA,NA,3756.7,200,1.1000000000000001,NA,6.57,26.8,NA,234.47,NA,234.47,3991.16,NA,NA,NA,NA,NA,NA,NA,NA,NA,NA,NA,NA,NA,NA,NA,NA,NA,NA,NA,NA,NA
浙江民泰商业银行,2006,1778.71,616.21,NA,NA,NA,NA,NA,NA,NA,NA,NA,NA,NA,NA,NA,NA,NA,NA,5657.83,21.47,NA,14,NA,NA,NA,NA,13.83,NA,NA,NA,NA,NA,NA,5320.28,200,59.32,NA,9.32,68.91,NA,337.54,NA,337.54,5657.83,NA,NA,NA,NA,NA,NA,NA,NA,NA,NA,NA,NA,NA,NA,NA,NA,NA,NA,NA,NA,NA
浙江民泰商业银行,2007,3035.08,2523.0500000000002,NA,NA,NA,NA,NA,NA,NA,NA,NA,NA,NA,NA,1.56,NA,NA,NA,10139.379999999999,1172.8599999999999,NA,NA,NA,NA,NA,NA,42.84,NA,NA,NA,NA,NA,NA,9407.82,600,NA,NA,20.94,66.709999999999994,43.91,731.56,NA,731.56,10139.379999999999,NA,NA,NA,NA,NA,NA,NA,NA,NA,NA,NA,NA,NA,NA,NA,NA,NA,NA,NA,NA,NA
浙江民泰商业银行,2008,5072.7299999999996,2752.51,NA,NA,NA,NA,NA,22.85,6481.47,NA,861.46,NA,NA,206.72,6.81,0.32,NA,263.81,15668.66,2233.34,NA,NA,NA,NA,12519.12,5.99,24.18,52.47,NA,14.4,NA,12.47,NA,14861.96,600,NA,NA,35.549999999999997,133.51,37.65,806.7,NA,806.7,15668.66,NA,NA,NA,NA,NA,NA,NA,NA,NA,NA,NA,NA,NA,NA,NA,NA,NA,NA,NA,NA,NA
浙江民泰商业银行,2009,8649.14,3100.68,NA,NA,NA,NA,NA,48.88,10970.74,NA,758.34,60.75,NA,465.83,20.46,8.27,NA,280.13,24363.23,1940.91,NA,NA,NA,NA,20560.009999999998,8.61,44.97,60.32,155,13.06,NA,24.38,NA,22807.26,1000,92,NA,58.18,206.6,160.65,1517.42,38.549999999999997,1555.97,24363.23,NA,NA,NA,NA,NA,NA,NA,NA,NA,NA,NA,NA,NA,NA,NA,NA,NA,NA,NA,NA,NA
浙江民泰商业银行,2010,7685.6,5968.04,NA,659.67,NA,NA,NA,84.72,15557.31,NA,1261.1600000000001,60.75,853.22,478.45,92.12,8.6,NA,446.09,33155.730000000003,5380.47,NA,NA,NA,NA,25163.95,41.81,58.27,97.2,155,12.23,NA,30.81,NA,30939.74,1235,183,NA,90.24,405.27,246.12,2159.62,56.37,2215.9899999999998,33155.730000000003,NA,NA,NA,NA,NA,NA,NA,NA,NA,NA,NA,NA,NA,NA,NA,NA,NA,NA,NA,NA,NA
浙江民泰商业银行,2011,7070.28,3204.06,NA,1295.1300000000001,2060,NA,110,150.35,22585.61,3.72,2483.7600000000002,60.75,1455.1,499.97,91.53,20.21,NA,657.36,41747.83,5616.7,5,290,NA,800,31189.8,55.79,97.36,206.51,300,11.43,NA,91.8,NA,38664.379999999997,1305,533,NA,130.72999999999999,684.83,340.57,2994.13,89.32,3083.45,41747.83,NA,NA,NA,NA,NA,NA,NA,NA,NA,NA,NA,NA,NA,NA,NA,NA,NA,NA,NA,NA,NA
浙江民泰商业银行,2012,9879.94,6888.5,NA,240,60,NA,1220.83,286.48,32041.85,26.03,3439.99,60.75,646,1569.37,117.34,93.32,NA,433.64,57004.03,6007.75,41,NA,NA,917.83,43809.89,139.71,212.16,432,300,NA,NA,132.65,NA,51992.98,1478.55,1400.74,NA,184.72,1018.73,496.94,4579.68,431.36,5011.05,57004.03,NA,NA,NA,NA,NA,NA,NA,NA,NA,NA,NA,NA,NA,NA,NA,NA,NA,NA,NA,NA,NA
浙江民泰商业银行,2013,12068.53,7538.88,NA,24.39,100,NA,3784.52,342.44,41023.040000000001,73.400000000000006,4219.3,60.75,1380.51,1785.27,116.8,235.97,NA,574.94000000000005,73328.740000000005,8148.24,290,61,NA,99.46,54426.03,246.33,299.95999999999998,746.03,3289.91,NA,NA,281.73,NA,67888.69,1478.55,1400.74,NA,246.45,1217.76,630.91999999999996,4974.42,465.63,5440.05,73328.740000000005,NA,NA,NA,NA,NA,NA,NA,NA,NA,NA,NA,NA,NA,NA,NA,NA,NA,NA,NA,NA,NA
浙江民泰商业银行,2014,13327.1,8989.39,NA,270.60000000000002,51.62,NA,3967.12,417.11,47735.94,100.75,4966.26,NA,5714.91,1893.24,119.72,371.42,NA,789,88714.19,15119.43,395,140.86000000000001,NA,1735.82,59966.57,257.58999999999997,318.39,929.57,3294.41,NA,NA,313.11,NA,82470.75,1744.69,1134.5999999999999,NA,316.29000000000002,1692.25,845.31,5733.14,510.3,6243.44,88714.19,NA,NA,NA,NA,NA,NA,NA,NA,NA,NA,NA,NA,NA,NA,NA,NA,NA,NA,NA,NA,NA
浙江民泰商业银行,2015,12753.97,7322.96,NA,30,1562.51,NA,1055,612.86,55858.23,1390.88,6483.43,NA,13070.25,2596.27,123.84,397.17,NA,1748.5,105005.87,19940.16,365,151.59,NA,1864,66677.5,245.8,212.71,1197.3699999999999,6790.89,NA,NA,533.07000000000005,NA,97978.1,2791.5,87.79,NA,386.24,2130.0100000000002,1085.79,6481.32,546.45000000000005,7027.77,105005.87,NA,NA,NA,NA,NA,NA,NA,NA,NA,NA,NA,NA,NA,NA,NA,NA,NA,NA,NA,NA,NA
浙江泰隆商业银行,2006,1177.8900000000001,1219.8599999999999,NA,NA,NA,NA,NA,4.96,5370.67,NA,252.9,NA,NA,161.93,18.579999999999998,0.96,NA,65.97,8273.7199999999993,32.42,NA,NA,NA,NA,7504.46,2.4300000000000002,37.130000000000003,16.3,NA,30.54,NA,200.94,NA,7824.23,240,114.4,NA,25.67,45.83,23.59,449.49,NA,449.49,8273.7199999999993,NA,NA,NA,NA,NA,NA,NA,NA,NA,NA,NA,NA,NA,NA,NA,NA,NA,NA,NA,NA,NA
浙江泰隆商业银行,2007,1973.62,1909.28,NA,NA,NA,NA,125.14,9.94,7409.48,NA,213.67,NA,NA,199.86,20.82,0.56999999999999995,NA,28.26,11890.63,33.700000000000003,NA,NA,NA,NA,10908.54,1.84,47.92,20.440000000000001,240,21.97,NA,41.32,NA,11315.72,240,114.4,NA,41.11,128.81,50.59,574.91,NA,574.91,11890.63,NA,NA,NA,NA,NA,NA,NA,NA,NA,NA,NA,NA,NA,NA,NA,NA,NA,NA,NA,NA,NA
浙江泰隆商业银行,2008,5387.78,1702.21,NA,NA,NA,NA,NA,43.21,10065.31,NA,478.89,NA,NA,234.56,34.799999999999997,7.28,NA,141.59,18095.63,1030.5999999999999,NA,NA,NA,NA,15623.86,0.98,54.51,60.53,240,20.9,NA,219.64,NA,17251.009999999998,523.26,4.97,NA,64.97,132.31,119.1,844.61,NA,844.61,18095.63,NA,NA,NA,NA,NA,NA,NA,NA,NA,NA,NA,NA,NA,NA,NA,NA,NA,NA,NA,NA,NA
浙江泰隆商业银行,2009,6415.58,2509.29,NA,NA,NA,NA,678.3,66.45,15215.92,NA,725.53,NA,NA,266.24,37.119999999999997,9.92,NA,324.76,26249.11,682.3,NA,NA,NA,595,22759.22,0.46,55.51,56.39,240,19.75,NA,211.8,NA,24620.42,1200,4.97,NA,99.34,144.04,180.33,1628.69,NA,1628.69,26249.11,NA,NA,NA,NA,NA,NA,NA,NA,NA,NA,NA,NA,NA,NA,NA,NA,NA,NA,NA,NA,NA
浙江泰隆商业银行,2010,9204.7199999999993,4116.3599999999997,NA,19.87,NA,NA,175.95,141.41,21068.25,NA,1215.76,24.95,NA,304.2,66.45,12.27,NA,372.78,36722.97,1197.8800000000001,NA,50,NA,175.95,32183.52,63.72,124.17,99.14,240,18.59,NA,188.42,NA,34341.370000000003,1200,4.97,NA,174.63,745.59,256.41000000000003,2381.6,NA,2381.6,36722.97,NA,NA,NA,NA,NA,NA,NA,NA,NA,NA,NA,NA,NA,NA,NA,NA,NA,NA,NA,NA,NA
浙江泰隆商业银行,2011,9602.74,4417.13,NA,NA,NA,NA,NA,235.93,27596.75,NA,4736.4399999999996,NA,NA,433.4,87.37,67.41,NA,654.03,47831.199999999997,3535.48,NA,524.04,NA,644,38687.980000000003,165.72,147.54,205.06,590,17.420000000000002,NA,125.41,NA,44642.65,1200,4.97,NA,251.9,1335.45,361.46,3153.78,34.770000000000003,3188.55,47831.199999999997,NA,NA,NA,NA,NA,NA,NA,NA,NA,NA,NA,NA,NA,NA,NA,NA,NA,NA,NA,NA,NA
浙江泰隆商业银行,2012,10727.78,3444.3,NA,31.43,NA,NA,1171.7,314,34365.730000000003,1634.13,4765.66,131.29,NA,1305.78,87.36,91.77,NA,651.47,58722.400000000001,1532.86,35,900,NA,2164.6999999999998,44823.23,103.17,130.72999999999999,407.17,4489.8100000000004,NA,NA,322.47000000000003,NA,54909.13,1200,5.97,NA,314.06,1823.6,432.73,3776.35,36.92,3813.27,58722.400000000001,NA,NA,NA,NA,NA,NA,NA,NA,NA,NA,NA,NA,NA,NA,NA,NA,NA,NA,NA,NA,NA
浙江泰隆商业银行,2013,16120.08,7842.21,NA,NA,NA,NA,444.93,490.25,40347.769999999997,2518.64,2939.18,360.33,4217.63,1537.7,123.57,185.72,NA,553.65,77681.67,2440.58,125,269.32,NA,3234.64,60690.37,168.64,215.27,702.9,4493.32,NA,NA,812.08,NA,73152.12,3000,-67.52,NA,391.48,311.14999999999998,850.29,4485.3999999999996,44.15,4529.55,77681.67,NA,NA,NA,NA,NA,NA,NA,NA,NA,NA,NA,NA,NA,NA,NA,NA,NA,NA,NA,NA,NA
浙江泰隆商业银行,2014,16977.060000000001,4694.16,NA,119.38,NA,NA,NA,747.9,49817.32,4791.1099999999997,2822.18,NA,3418.23,1780.6,139.52000000000001,246.79,NA,1303.96,86858.22,5167.03,130,925.6,NA,1603,65417.41,326.13,257.20999999999998,1083.92,5196.57,NA,NA,930.45,NA,81037.320000000007,3000,4.97,34.86,506.64,1187.45,1029.97,5763.89,57.01,5820.9,86858.22,NA,NA,NA,NA,NA,NA,NA,NA,NA,NA,NA,NA,NA,NA,NA,NA,NA,NA,NA,NA,NA
浙江泰隆商业银行,2015,17231.189999999999,2638.46,NA,323.19,NA,NA,300,604.53,61808.639999999999,4932.49,2961.04,NA,13615.85,1825.72,221.48,280.51,NA,1973.34,108716.44,8909.1,305.5,604.94000000000005,NA,1074.97,79109.039999999994,444.7,346.37,1642.11,8655.35,NA,NA,587.23,NA,101679.31,3000,4.97,71.510000000000005,651.75,1869.8,1372.57,6970.6,66.53,7037.14,108716.44,NA,NA,NA,NA,NA,NA,NA,NA,NA,NA,NA,NA,NA,NA,NA,NA,NA,NA,NA,NA,NA
浙江温岭农商行,2006,926.73,486.39,NA,NA,NA,NA,NA,NA,NA,NA,NA,NA,NA,170.98,NA,NA,NA,NA,8054.6,2.62,NA,NA,NA,NA,NA,9.8800000000000008,40.01,NA,NA,NA,NA,NA,NA,7212.89,300.02,NA,NA,146.79,183.08,211.82,841.7,NA,841.7,8054.6,NA,NA,NA,NA,NA,NA,NA,NA,NA,NA,NA,NA,NA,NA,NA,NA,NA,NA,NA,NA,NA
浙江温岭农商行,2007,1454.31,1452.3,NA,NA,NA,NA,NA,NA,NA,NA,NA,NA,NA,193.79,NA,NA,NA,NA,10016.870000000001,702.39,NA,NA,NA,NA,NA,NA,52.07,NA,NA,NA,NA,NA,NA,9047.77,300.02,0,NA,159.91,221.52,287.64999999999998,969.1,NA,969.1,10016.870000000001,NA,NA,NA,NA,NA,NA,NA,NA,NA,NA,NA,NA,NA,NA,NA,NA,NA,NA,NA,NA,NA
浙江温岭农商行,2008,2499.77,715.14,NA,NA,NA,NA,NA,NA,NA,NA,NA,NA,NA,152.12,46.64,NA,NA,NA,10827,39.74,NA,NA,NA,NA,NA,NA,49.71,NA,NA,NA,NA,NA,NA,9699.76,330.02,NA,NA,178.7,258.8,359.72,1127.24,NA,1127.24,10827,NA,NA,NA,NA,NA,NA,NA,NA,NA,NA,NA,NA,NA,NA,NA,NA,NA,NA,NA,NA,NA
浙江温岭农商行,2009,2977.85,738.12,NA,NA,NA,NA,NA,NA,NA,NA,NA,NA,NA,159.84,73.66,NA,NA,NA,13005.28,NA,NA,NA,NA,NA,NA,42.14,76.7,NA,NA,NA,NA,NA,NA,11732.9,363.02,NA,NA,201.18,316.43,391.75,1272.3800000000001,NA,1272.3800000000001,13005.28,NA,NA,NA,NA,NA,NA,NA,NA,NA,NA,NA,NA,NA,NA,NA,NA,NA,NA,NA,NA,NA
浙江温岭农商行,2010,3750,685.03,NA,29.31,NA,NA,NA,21.41,9331.44,NA,960,9.1300000000000008,NA,212.26,73.040000000000006,109.39,NA,NA,15195.93,0.5,NA,NA,NA,NA,13331.48,73.17,81.599999999999994,87.72,NA,0.32,NA,21.66,NA,13609.22,508.22,0,NA,266.27999999999997,418.63,393.59,1586.72,NA,1586.72,15195.93,NA,NA,NA,NA,NA,NA,NA,NA,NA,NA,NA,NA,NA,NA,NA,NA,NA,NA,NA,NA,NA
浙江温岭农商行,2011,3686.66,1268.1099999999999,NA,109.78,NA,NA,NA,25.12,10609.33,NA,1210,9.1300000000000008,NA,228.85,71.38,154.15,NA,NA,17433.87,91.79,NA,NA,NA,NA,15152.46,81.08,89.17,128.19,NA,NA,NA,0.99,NA,15559.04,508.22,0,NA,347.25,622.76,396.6,1874.83,NA,1874.83,17433.87,NA,NA,NA,NA,NA,NA,NA,NA,NA,NA,NA,NA,NA,NA,NA,NA,NA,NA,NA,NA,NA
浙江温岭农商行,2012,4415.74,974.95,NA,90.81,NA,NA,NA,40.85,11991.54,NA,1575.28,12.13,NA,314.45999999999998,68.650000000000006,140.16,NA,NA,19674.63,26.63,NA,NA,NA,NA,17053.8,87.07,94.14,189.05,NA,NA,NA,1.36,14.11,17466.169999999998,508.23,0,NA,547.74,680.09,472.41,2208.46,NA,2208.46,19674.63,50.05,NA,NA,NA,NA,NA,NA,NA,NA,NA,NA,NA,NA,NA,NA,NA,NA,NA,NA,NA,NA
浙江温岭农商行,2013,5086.16,1227.5899999999999,NA,29.31,NA,NA,427.8,88.53,13413.24,NA,2040.8,12.13,NA,405.17,66.489999999999995,214.48,NA,63.04,23074.74,8.99,NA,NA,NA,NA,20001.82,88.69,127.34,252.83,NA,NA,NA,52.56,NA,20532.240000000002,508.23,0.03,NA,759.42,720.26,554.55999999999995,2542.5,NA,2542.5,23074.74,NA,NA,NA,NA,NA,NA,NA,NA,NA,NA,NA,NA,NA,NA,NA,NA,NA,NA,NA,NA,NA
浙江温岭农商行,2014,4809.49,1381.11,NA,29.31,NA,NA,NA,108.78,15705.49,NA,1631.09,12.13,1555.49,329.59,158.85,261.60000000000002,NA,27.62,26010.55,29.07,NA,NA,NA,NA,22630.6,85.8,129.75,301.14999999999998,NA,NA,NA,21.72,NA,23198.080000000002,1016.44,0.03,NA,391.42,849.72,554.85,2812.46,NA,2812.46,26010.55,NA,NA,NA,NA,NA,NA,NA,NA,NA,NA,NA,NA,NA,NA,NA,NA,NA,NA,NA,NA,NA
浙江稠州商业银行,2006,1093.96,1025.28,NA,NA,NA,NA,NA,53.79,NA,NA,NA,NA,NA,125.5,3.25,NA,NA,NA,7517.61,84.08,NA,NA,NA,NA,NA,NA,46.5,20.420000000000002,NA,NA,NA,NA,NA,6998.93,262,89.53,NA,47.02,72.38,47.74,518.67999999999995,NA,518.67999999999995,7517.61,NA,NA,NA,NA,NA,NA,NA,NA,NA,NA,NA,NA,NA,NA,NA,NA,NA,NA,NA,NA,NA
浙江稠州商业银行,2007,1859.05,1926.41,NA,NA,NA,NA,NA,83.13,NA,NA,NA,NA,NA,122.74,3.17,NA,NA,NA,11210.76,256.23,NA,NA,NA,NA,NA,NA,62.99,43.57,NA,NA,NA,NA,NA,10373.93,613.08000000000004,79.680000000000007,NA,60.7,21.86,61.51,836.83,NA,836.83,11210.76,NA,NA,NA,NA,NA,NA,NA,NA,NA,NA,NA,NA,NA,NA,NA,NA,NA,NA,NA,NA,NA
浙江稠州商业银行,2008,4875.57,1153.1400000000001,NA,NA,NA,NA,390,34.909999999999997,11277.9,NA,799.16,NA,NA,120.78,3.09,9.65,NA,124.77,18788.98,1050.02,NA,NA,NA,410.81,15495.01,0.25,36.299999999999997,86.21,208,NA,NA,457.92,NA,17744.52,613.08000000000004,79.680000000000007,NA,81.94,155.44999999999999,114.31,1044.46,NA,1044.46,18788.98,NA,NA,NA,NA,NA,NA,NA,NA,NA,NA,NA,NA,NA,NA,NA,NA,NA,NA,NA,NA,NA
浙江稠州商业银行,2009,6657.8,1272.31,NA,NA,NA,NA,2572.56,53.86,19731.47,NA,1767.62,70,NA,121.59,22.99,9.49,10.94,210.86,32501.5,1893.96,NA,NA,NA,402.6,27326.799999999999,11.15,60.53,91.1,500,NA,NA,63.79,NA,30349.93,800,733.9,NA,108.53,278.87,230.27,2151.5700000000002,NA,2151.5700000000002,32501.5,NA,NA,NA,NA,NA,NA,NA,NA,NA,NA,NA,NA,NA,NA,NA,NA,NA,NA,NA,NA,NA
浙江稠州商业银行,2010,7677.47,5397.14,NA,NA,NA,NA,11129.11,65.48,24986.54,NA,675.23,110.89,1564,150.12,32.479999999999997,7.88,NA,679.16,52475.5,5971.75,NA,176.31,NA,5142.3100000000004,35229,0.26,91.85,157.71,500,NA,NA,921.53,NA,48190.71,1075.52,2111.5,NA,156.54,611.97,329.26,4284.79,NA,4284.79,52475.5,NA,NA,NA,NA,NA,NA,NA,NA,NA,NA,NA,NA,NA,NA,NA,NA,NA,NA,NA,NA,NA
浙江稠州商业银行,2011,11286.11,6532.07,NA,165,NA,NA,9850.59,145.37,31323.15,NA,880.64,336.92,422.4,164.25,33.29,68.47,NA,853.61,62061.87,4185.32,52,591.57000000000005,NA,3678.49,46367.360000000001,6.75,161.83000000000001,348.6,500,NA,NA,383.69,NA,56275.62,1200,2733.9,NA,232,1223.23,397.13,5786.25,NA,5786.25,62061.87,NA,NA,NA,NA,NA,NA,NA,NA,NA,NA,NA,NA,NA,NA,NA,NA,NA,NA,NA,NA,NA
浙江稠州商业银行,2012,15477.67,6825.81,NA,290.70999999999998,101.75,NA,18988.57,249.92,40615.85,NA,1167.68,452.89,1319.73,174.1,41.83,158.08000000000001,NA,632.61,86497.2,9742.67,50,4427.95,NA,6435.44,56592.75,18.21,203.21,598.41,500,NA,NA,832.91,NA,79401.56,1337.83,3221.81,NA,329.57,1403.78,756.69,7049.68,45.96,7095.64,86497.2,NA,NA,NA,NA,NA,NA,NA,NA,NA,NA,NA,NA,NA,NA,NA,NA,NA,NA,NA,NA,NA
浙江稠州商业银行,2013,15719.15,2914.75,NA,300,1301.54,NA,16626.5,207.38,48901.54,NA,1705.58,488.64,17353.07,191.03,40.19,208.38,NA,1156.76,107114.5,23439.7,400,1252.17,NA,3918.19,66896.289999999994,49.74,207.53,944.08,292,NA,NA,574.32000000000005,NA,97974.02,1532,3909.18,NA,445.19,2119.1999999999998,1085.57,9091.14,49.34,9140.48,107114.5,NA,NA,NA,NA,NA,NA,NA,NA,NA,NA,NA,NA,NA,NA,NA,NA,NA,NA,NA,NA,NA
浙江稠州商业银行,2014,16209.05,1751.8,NA,21.42,1026.9000000000001,NA,13479.23,210.29,53134.78,1353.01,1615.7,530.23,30765.75,189.35,851.41,314.17,NA,966.65,122419.74,30658.55,366.49,418.19,NA,1472.41,75416.679999999993,98.52,248.74,1326.38,1500,NA,NA,715.6,NA,112221.57,3064,2383.4299999999998,NA,576.65,2771.54,1347.18,10142.82,55.36,10198.17,122419.74,NA,NA,NA,NA,NA,NA,NA,NA,NA,NA,NA,NA,NA,NA,NA,NA,NA,NA,NA,NA,NA
浙江稠州商业银行,2015,15980.66,1287.3699999999999,NA,100,4215.6499999999996,NA,7680.59,265.26,57752.88,180.36,2066.46,552.70000000000005,40530.449999999997,226.85,829.42,428.67,NA,951.95,133049.26999999999,29702.2,252.65,839.68,NA,4050.4,79115.88,154.61000000000001,252.5,1279.6500000000001,3500,6.15,NA,2642.71,NA,121796.45,3064,2377.1799999999998,0.08,712.38,3425.74,1613.31,11192.69,60.13,11252.83,133049.26999999999,NA,NA,NA,NA,NA,NA,NA,NA,NA,NA,NA,NA,NA,NA,NA,NA,NA,NA,NA,NA,NA
浦发银行,2002,NA,NA,NA,NA,9299.76,NA,NA,5.75,NA,NA,NA,451.31,NA,3903.21,210.36,1264.68,NA,NA,279300.71999999997,NA,NA,NA,NA,NA,NA,65.069999999999993,648.42999999999995,1002.18,NA,NA,NA,NA,NA,271340.24,3615,2685.04,NA,1122.77,37.659999999999997,NA,7960.48,NA,7960.48,279300.71999999997,NA,NA,NA,NA,NA,NA,NA,NA,NA,NA,NA,NA,NA,NA,NA,NA,NA,NA,NA,NA,NA
浦发银行,2003,NA,NA,NA,NA,7922.97,NA,NA,168.14,NA,NA,NA,448.06,NA,4152.6099999999997,203.04,1744.19,NA,NA,371056.7,NA,NA,NA,NA,NA,NA,152.01,1326.8,1072.0999999999999,NA,NA,NA,NA,NA,359045.78,3915,4869.3999999999996,NA,1592.6,483.93,NA,12010.92,NA,12010.92,371056.7,NA,NA,NA,NA,NA,NA,NA,NA,NA,NA,NA,NA,NA,NA,NA,NA,NA,NA,NA,NA,NA
浦发银行,2004,NA,NA,NA,NA,8170.91,NA,NA,783.73,NA,NA,NA,448.06,NA,4633.91,210.97,2223.17,NA,NA,455532.29,NA,NA,NA,NA,NA,NA,230.82,1740.11,1610.27,NA,NA,NA,NA,NA,442021.98,3915,4869.3999999999996,NA,2171.61,554.29999999999995,NA,13510.3,NA,13510.3,455532.29,NA,NA,NA,NA,NA,NA,NA,NA,NA,NA,NA,NA,NA,NA,NA,NA,NA,NA,NA,NA,NA
浦发银行,2005,72462.100000000006,5103.24,NA,9197.1,48898.14,20.420000000000002,20331.88,1157.55,366646.38,NA,NA,446,NA,5640.54,230.71,2672.5,NA,0.01,573522.67000000004,20577.88,NA,420.92,57.58,1640.12,507437.88,213.51,2115.13,2245.9899999999998,9000,NA,NA,172.27,NA,557553.21,3915,5110.74,NA,2953.76,689.96,3300,15969.46,NA,15969.46,573522.67000000004,37122.29,NA,NA,NA,NA,NA,NA,NA,NA,NA,NA,NA,NA,NA,NA,NA,NA,NA,NA,NA,NA
浦发银行,2006,106736.26,5011.9399999999996,NA,16497.439999999999,49018.17,41.65,13786.12,1390.25,448110.55,NA,NA,443.3,NA,5716.5,226.93,3408.12,NA,NA,689344.15,30855.040000000001,NA,1192.3599999999999,32.71,3385.71,595704.93999999994,340.51,2870.76,2682.37,11600,NA,NA,177.13,2366.58,664638.03,4354.88,10563.44,NA,3959.67,1038.1300000000001,4790,24706.13,NA,24706.13,689344.15,37876.53,NA,NA,NA,NA,NA,NA,NA,NA,NA,NA,NA,NA,NA,NA,NA,NA,NA,NA,NA,NA
浦发银行,2007,141423.93,3810.84,NA,17662.82,3816.22,347.57,80992.09,2195.4299999999998,535657.65,88784.13,NA,853.86,22384.55,5536.04,239.58,2894.6,NA,7253.24,914980.35,61081.31,10,5065.53,532.65,2806.11,763472.89,6291.06,3739.17,4293.9799999999996,17600,NA,NA,2098.54,19691.23,886682.48,4354.88,9300.99,NA,5611.9,2630.1,6400,28297.87,NA,28297.87,914980.35,1127.79,NA,NA,NA,NA,NA,NA,NA,NA,NA,NA,NA,NA,NA,NA,NA,NA,NA,NA,NA,NA
浦发银行,2008,162601.26,54129.3,NA,23643.91,NA,2287.77,171471.73,5055.2299999999996,681266.57,57365.15,110600.02,928.01,23261.38,6259.85,207.22,2788.61,NA,5115.8599999999997,1309425.44,222440.81,NA,10532.86,2378.1999999999998,19682.400000000001,947293.58,6923.8,3418.69,8359.99,18800,NA,NA,9111.73,18781.57,1267723.6399999999,5661.35,10863.37,NA,6863.51,11891.2,6400,41679.440000000002,22.36,41701.800000000003,1309425.44,2443.58,NA,NA,NA,NA,NA,NA,NA,NA,NA,NA,NA,NA,NA,NA,NA,NA,NA,NA,NA,NA
浦发银行,2009,205118.95,143554.12,213.21,24122.35,NA,607.34,53057.5,5435.92,910508.03,89214.8,136745.99,1370.87,33657.199999999997,7074.94,205.36,3108.66,NA,3686.38,1622717.96,205935.41,48,3774.45,605.5,1264.8800000000001,1295342.3400000001,6905.17,3012.87,8302.2900000000009,18800,NA,NA,1416.25,8986.01,1554630.51,8830.0499999999993,24318.33,NA,10688.58,17216.07,6900,67953.03,134.41999999999999,68087.45,1622717.96,5036.3500000000004,237.33,NA,NA,NA,NA,NA,NA,NA,NA,NA,NA,NA,NA,NA,NA,NA,NA,NA,NA,NA
浦发银行,2010,293248.76,69539.710000000006,2.09,31253.46,NA,1033.3499999999999,391932.14,6537.02,1124112.99,104142.63,143556.64000000001,1436.47,3707.12,7518.66,405.28,3772.72,NA,5735.67,2191410.77,337818.82,50,14415.15,1172.08,16963.47,1638679.59,6856.61,4178.53,11753.81,16800,NA,NA,8054.54,11388.32,2068130.92,14348.82,58639.17,NA,15249.81,25258.53,9500,122996.34,283.51,123279.85,2191410.77,3476.04,NA,NA,NA,NA,NA,NA,NA,NA,NA,NA,NA,NA,NA,NA,NA,NA,NA,NA,NA,NA
浦发银行,2011,366957.1,267876.47999999998,683.25,111415.3,5866.84,548.79,281509.78000000003,11071.07,1302323.95,147929.13,158535.45000000001,1856.86,8759.5400000000009,8594.25,457.03,4269.8599999999997,NA,4833.07,2684693.69,440908.27,50,66970.02,1515.03,86019.57,1851055.12,6853.63,6509.67,20278.59,32600,NA,NA,22378.880000000001,12.14,2535150.91,18653.47,59543.9,NA,21805.74,30188.12,18700,148891.23000000001,651.54,149542.78,2684693.69,1205.94,NA,NA,NA,NA,NA,NA,NA,NA,NA,NA,NA,NA,NA,NA,NA,NA,NA,NA,NA,NA
浦发银行,2012,427563,311293,6673,85420,18441,907,267089,13546,1508806,150741,159286,2464,159734,10101,517,5636,NA,16111,3145707,546564,115,32466,1944,84540,2134365,7214,8295,24679,68600,NA,NA,57254,12,2966048,18653,59560,NA,27248,48986,23050,177497,2162,179659,3145707,1379,NA,NA,NA,NA,NA,NA,NA,NA,NA,NA,NA,NA,NA,NA,NA,NA,NA,NA,NA,NA
浦发银行,2013,476342,233302,3348,26828,28627,1946,295953,14709,1725745,160593,146253,2268,515234,10735,758,9382,NA,26537,3680125,721119,601,61981,3853,79557,2419696,6273,10496,32841,63368,NA,NA,73101,12,3472898,18653,55775,NA,37460,63037,29450,204375,2852,207227,3680125,1565,NA,NA,NA,NA,NA,NA,NA,NA,NA,NA,NA,NA,NA,NA,NA,NA,NA,NA,NA,NA
浦发银行,2014,506067,142287,11707,21969,32841,2612,196188,17328,1974614,222208,121698,1475,877171,13929,858,10692,NA,40645,4195924,761531,21006,63098,3303,68240,2724004,5696,12066,38750,146667,NA,NA,87954,12,3932639,18653,60639,1255,49647,78157,36858,260169,3116,263285,4195924,1635,312,NA,NA,NA,NA,NA,NA,14960,14960,NA,NA,NA,NA,NA,NA,NA,NA,NA,NA,NA
浦发银行,2015,481157,111388,28724,137806,63746,10610,110218,20437,2171413,254846,239703,1599,1325032,19062,879,14427,NA,51648,5044352,1042948,23645,99589,7319,119205,2954149,5684,14776,36235,399906,7,NA,22067,12,4725752,18653,60639,5713,63651,90670,45924,315170,3430,318600,5044352,1657,210,NA,NA,NA,NA,NA,NA,29920,29920,NA,NA,NA,NA,NA,NA,NA,NA,NA,NA,NA
海安农村商业银行,2010,2674.54,796.56,NA,NA,NA,NA,1308.6400000000001,18.88,11424.25,NA,1500.48,0.6,57.71,111.73,10.49,13.02,NA,NA,17950.82,25.74,NA,NA,NA,450,15508.11,NA,11.14,279.58,NA,NA,NA,365.94,63.12,16703.63,396,342.65,NA,83.54,207.01,217.99,1247.19,NA,1247.19,17950.82,33.93,NA,NA,NA,NA,NA,NA,NA,NA,NA,NA,NA,NA,NA,NA,NA,NA,NA,NA,NA,NA
海安农村商业银行,2011,3848.93,1298.6099999999999,NA,NA,NA,NA,730.49,23.67,13297.78,376.4,1756.96,45.6,28.64,152.53,10.79,13.02,NA,NA,21630.75,17.63,NA,NA,NA,587.49,18681.14,NA,48.12,357.34,NA,NA,NA,26.86,75.19,19793.77,698,351.83,NA,114.59,323.99,348.57,1836.99,NA,1836.99,21630.75,47.34,NA,NA,NA,NA,NA,NA,NA,NA,NA,NA,NA,NA,NA,NA,NA,NA,NA,NA,NA,NA
海安农村商业银行,2012,4977.96,1611.71,NA,NA,49.74,0,1245.4000000000001,62.73,15866.02,720.78,2759.11,113.85,NA,172.26,11.9,39.6,NA,NA,27650.86,427.85,50,NA,NA,1816.08,22468.05,NA,12.36,586.65,NA,NA,NA,118.7,53.6,25533.29,698,345.27,NA,163.19,369,542.11,2117.5700000000002,NA,2117.5700000000002,27650.86,19.79,NA,NA,NA,NA,NA,NA,NA,NA,NA,NA,NA,NA,NA,NA,NA,NA,NA,NA,NA,NA
海安农村商业银行,2013,5863.66,1475.61,NA,NA,NA,NA,3187.49,85.79,19008.29,444.52,4906.99,113.85,NA,202.96,12.1,25.97,NA,NA,35344.629999999997,445.06,NA,NA,0,4080.51,27281.759999999998,NA,46.18,868.22,NA,NA,NA,84.26,100.01,32905.99,698,338.37,NA,218.54,415.65,768.09,2438.64,NA,2438.64,35344.629999999997,17.39,NA,NA,NA,NA,NA,NA,NA,NA,NA,NA,NA,NA,NA,NA,NA,NA,NA,NA,NA,NA
海安农村商业银行,2014,6247.6,5434.83,NA,NA,NA,NA,1882.91,191.96,22315.46,740.55,5911.58,8.33,NA,275.56,15.76,136.57,NA,5.38,43181.38,172.11,150,209.79,NA,4621.42,32822.379999999997,120.01,159.66999999999999,1145.3499999999999,198.33,NA,NA,47.51,NA,39646.559999999998,850,606,29.96,332.24,635.11,1032.6500000000001,3485.96,48.87,3534.83,43181.38,14.89,NA,NA,NA,NA,NA,NA,NA,NA,NA,NA,NA,NA,NA,NA,NA,NA,NA,NA,NA,NA
海安农村商业银行,2015,5853.3,6261.87,NA,NA,NA,0.04,NA,266.02999999999997,24354.79,7462.22,6068.7,8.5,NA,305.31,98.1,120.85,NA,5.53,50816.58,1334.14,450,432.47,NA,4992.3599999999997,37723.06,100.97,55.88,1461.74,211.9,NA,NA,87.01,NA,46849.52,850,606,66.75,713.68,643.41999999999996,1035.29,3915.14,51.91,3967.05,50816.58,11.33,NA,NA,NA,NA,NA,NA,NA,NA,NA,NA,NA,NA,NA,NA,NA,NA,NA,NA,NA,NA
湖北银行,2011,10052.9,5098.7299999999996,NA,430,148.62,NA,385.5,148.80000000000001,29408.22,NA,3934.31,1.81,NA,710.54,51.39,177.73,NA,7533.87,58082.42,2491.5700000000002,NA,NA,NA,2575,46932.11,159.72999999999999,229.52,307.85000000000002,NA,111.97,11.59,2002.2,NA,54821.56,1995.86,0,NA,63.59,572.32000000000005,629.09,3260.86,NA,3260.86,58082.42,NA,NA,NA,NA,NA,NA,NA,NA,NA,NA,NA,NA,NA,NA,NA,NA,NA,NA,NA,NA,NA
湖北银行,2012,12900.75,20962.560000000001,NA,100,1868.77,NA,574.59,320.27,39779.550000000003,301.35000000000002,4861.8999999999996,1.81,NA,766.8,44.47,249.44,NA,19546.41,102278.68,21959.07,NA,NA,NA,7385.74,63551.7,312.20999999999998,238.67,629.32000000000005,NA,112.2,6.59,665.38,NA,94860.89,3284.44,2165.84,NA,165.37,993.64,808.5,7417.8,NA,7417.8,102278.68,NA,NA,NA,NA,NA,NA,NA,NA,NA,NA,NA,NA,NA,NA,NA,NA,NA,NA,NA,NA,NA
湖北银行,2013,16443.28,6443.78,NA,NA,1700.1,NA,5146.71,320.10000000000002,50632.47,106.53,3970.77,1.81,NA,832.12,65.760000000000005,325.94,NA,17683.560000000001,103672.92,5335.98,NA,NA,NA,1178.5999999999999,86082.64,324.08999999999997,227.94,987.35,NA,90.61,6.59,999.97,NA,95233.77,3284.44,2164.9499999999998,NA,292.89,1232.02,1464.85,8439.15,NA,8439.15,103672.92,NA,NA,NA,NA,NA,NA,NA,NA,NA,NA,NA,NA,NA,NA,NA,NA,NA,NA,NA,NA,NA
湖北银行,2014,18659.25,5037.3500000000004,NA,NA,3392.11,NA,10621.87,428.63,67943.05,8.06,3931.8,NA,7942.3,1912.8,88.08,269.56,NA,1049.83,121284.69,7766.8,400,NA,NA,5492.28,91469.09,396.56,121.51,1332.06,2490,NA,6.59,1735.44,NA,111210.33,3500.44,2510.42,1.54,424.74,2135.5700000000002,1501.64,10074.36,NA,10074.36,121284.69,NA,NA,NA,NA,NA,NA,NA,NA,NA,NA,NA,NA,NA,NA,NA,NA,NA,NA,NA,NA,NA
湖北银行,2015,17957.080000000002,1515.71,NA,NA,2872.63,NA,25054.6,540.16999999999996,74801.7,2843.89,13664.5,NA,11886.98,1976.72,93.23,402.74,NA,1094.19,154704.14000000001,6577.33,569.85,NA,NA,14239.55,108964.6,406.37,320.05,1560.5,7956.34,NA,6.59,3043.11,NA,143644.28,3500.44,2510.42,5.12,535.49,2638.19,1733.71,10923.37,136.49,11059.86,154704.14000000001,NA,NA,NA,NA,NA,NA,NA,NA,NA,NA,NA,NA,NA,NA,NA,NA,NA,NA,NA,NA,NA
潍坊银行,2009,4909.47,2324.67,NA,NA,395.56,NA,NA,77.930000000000007,18657.41,106.33,4286.71,20.09,NA,412.64,22.29,57.75,7.68,170.45,31448.98,50.83,66.739999999999995,299.89,NA,NA,28629.41,14.88,104.67,243.21,NA,2.36,NA,66.209999999999994,NA,29478.2,1396.81,22.85,NA,86.75,315.29000000000002,130.38,1952.06,18.73,1970.79,31448.98,NA,NA,NA,NA,NA,NA,NA,NA,NA,NA,NA,NA,NA,NA,NA,NA,NA,NA,NA,NA,NA
潍坊银行,2010,6972.2,604.4,NA,NA,284.36,NA,1455.48,168.11,22907.15,103.21,7012.82,20.09,NA,477.21,27.07,87.41,NA,205.25,40324.769999999997,2.64,NA,110.86,NA,1723.7,34880.1,65.39,88.86,176.27,NA,1,NA,777.29,NA,37826.129999999997,1564.42,20.52,NA,143.56,513.51,236.43,2478.44,20.2,2498.65,40324.769999999997,NA,NA,NA,NA,NA,NA,NA,NA,NA,NA,NA,NA,NA,NA,NA,NA,NA,NA,NA,NA,NA
潍坊银行,2011,9185.5300000000007,1705.73,NA,NA,367.38,NA,NA,183.35,26388.14,252.6,7134.71,20.260000000000002,129.96,505.01,23.89,129.91,NA,173.9,46200.37,0.34,318.51,18.899999999999999,NA,3474,38191.56,87.25,109.38,259.73,NA,1.95,NA,62.56,NA,42524.17,1744.42,380.16,NA,205.87,1083.5999999999999,236.43,3650.48,25.71,3676.19,46200.37,NA,NA,NA,NA,NA,NA,NA,NA,NA,NA,NA,NA,NA,NA,NA,NA,NA,NA,NA,NA,NA
潍坊银行,2012,11576.05,2421.0700000000002,NA,NA,102.37,NA,288.18,185.51,30683.95,452.02,6067.59,30.24,99.96,726.81,29.14,177.05,NA,3.84,53022.73,563.41,94.64,458.42,NA,1079,45709.93,82.61,145.44,417.59,NA,1.75,NA,13.51,112.32,48678.61,2023.53,380.6,NA,277.87,1070.6500000000001,559.25,4311.8900000000003,32.22,4344.12,53022.73,178.98,NA,NA,NA,NA,NA,NA,NA,NA,NA,NA,NA,NA,NA,NA,NA,NA,NA,NA,NA,NA
潍坊银行,2013,14784.68,4491.8599999999997,NA,60.97,295.45999999999998,NA,912,268.08,35018.99,849.97,5167.79,30.24,1079.96,953.47,42.09,199.22,NA,206.34,64361.120000000003,1628.91,167.71,121.94,NA,288,55436.1,75.97,116.87,655.5,NA,NA,NA,190.93,NA,58681.93,2387.77,752.05,NA,351.08,1317.76,782.13,5590.77,88.41,5679.19,64361.120000000003,NA,NA,NA,NA,NA,NA,NA,NA,NA,NA,NA,NA,NA,NA,NA,NA,NA,NA,NA,NA,NA
潍坊银行,2014,13940.01,5371.65,NA,NA,2028.49,NA,5079.88,441.94,40970.25,484.94,7504.93,30.24,2000.6,1015.96,54.94,399.46,NA,3006.38,82329.67,8480.8700000000008,961.93,501.76,NA,6566.8,56145.19,110.53,206.3,868.2,2045.83,8.4,NA,89.63,NA,75985.440000000002,2578.79,778.81,NA,417.39,1386.41,1082.3699999999999,6243.76,100.47,6344.24,82329.67,NA,NA,NA,NA,NA,NA,NA,NA,NA,NA,NA,NA,NA,NA,NA,NA,NA,NA,NA,NA,NA
潍坊银行,2015,14229.86,6081.96,NA,NA,1829.66,NA,5694.95,646.83000000000004,42257.279999999999,3355.99,7980.36,NA,5990.98,1106.21,50.73,475.05,NA,2085.85,91785.7,10799.88,1133,551.96,NA,4450,59699.31,190.3,180.18,854.2,6635.58,25.81,NA,163.69999999999999,NA,84683.93,2785.09,779.82,48.12,491.12,1652.19,1233.17,6989.51,112.26,7101.77,91785.7,NA,NA,NA,NA,NA,NA,NA,NA,NA,NA,NA,NA,NA,NA,NA,NA,NA,NA,NA,NA,NA
烟台银行,2015,7950.68,829.53,NA,NA,NA,NA,3050,210.66,29283.94,2767.8,2227.5300000000002,NA,5958.24,402.79,10.09,315.95,NA,361.71,53368.95,1321.56,300,88.16,NA,NA,45635.06,222.33,104.85,726.65,NA,NA,NA,137.81,NA,48536.42,2650,1307.01,53.09,125.74,49.03,647.66,4832.53,NA,4832.53,53368.95,NA,NA,NA,NA,NA,NA,NA,NA,NA,NA,NA,NA,NA,NA,NA,NA,NA,NA,NA,NA,NA
烟台银行,2014,9469.65,164.73,NA,NA,NA,NA,4184.8,207.69,26751.88,2776.97,2453.19,NA,689.5,417.3,25.06,303.68,NA,350.12,47794.54,6.12,500,NA,NA,NA,41580.480000000003,180.69,131.24,690.18,NA,NA,NA,50.65,NA,43139.360000000001,2650,1307.01,27.27,84.09,332.76,254.07,4655.18,NA,4655.18,47794.54,NA,NA,NA,NA,NA,NA,NA,NA,NA,NA,NA,NA,NA,NA,NA,NA,NA,NA,NA,NA,NA
烟台银行,2013,8550.18,674.52,NA,NA,NA,NA,1261.57,180.72,24481.8,2222.38,2458.29,38.25,976.3,390.7,7.01,286.44,NA,368.37,41896.53,13.03,NA,NA,NA,198,36631.769999999997,152.36000000000001,89.11,632.72,NA,NA,NA,1053.21,NA,38770.21,2000,845.55,NA,44.62,132.07,104.07,3126.31,NA,3126.31,41896.53,NA,NA,NA,NA,NA,NA,NA,NA,NA,NA,NA,NA,NA,NA,NA,NA,NA,NA,NA,NA,NA
烟台银行,2012,7701.22,2412.23,NA,NA,NA,NA,298,152.91,19453.32,2203.27,2523.4699999999998,38.25,1860,403.85,3.54,201.82,NA,333.24,37585.11,172.87,NA,NA,NA,NA,33678.269999999997,138.51,25.08,502.37,NA,NA,NA,94.33,NA,34611.43,2000,947.14,NA,29.95,-107.49,104.07,2973.68,NA,2973.68,37585.11,NA,NA,NA,NA,NA,NA,NA,NA,NA,NA,NA,NA,NA,NA,NA,NA,NA,NA,NA,NA,NA
烟台银行,2010,5245.63,294.33999999999997,NA,NA,NA,NA,NA,87.53,18055.66,1159.99,3069.71,28.25,NA,425.98,13.35,106.73,NA,632.64,29119.82,6.88,NA,NA,NA,NA,25582.09,83.16,31.34,187.29,NA,NA,NA,173.58,NA,26064.34,2000,806.51,NA,24.9,168.64,55.43,3055.47,NA,3055.47,29119.82,NA,NA,NA,NA,NA,NA,NA,NA,NA,NA,NA,NA,NA,NA,NA,NA,NA,NA,NA,NA,NA
烟台银行,2009,4345.6099999999997,903.03,NA,NA,NA,NA,NA,78.28,15425.61,1206.5,2809.94,28.25,NA,422.73,7.6,99.49,NA,803.71,26130.76,68.69,NA,NA,NA,694.5,22061.07,71.040000000000006,10.95,181.07,NA,NA,NA,148.19,NA,23235.52,2000,833.64,NA,6.16,NA,55.43,2895.23,NA,2895.23,26130.76,NA,NA,NA,NA,NA,NA,NA,NA,NA,NA,NA,NA,NA,NA,NA,NA,NA,NA,NA,NA,NA
烟台银行,2008,4154.7700000000004,1460.08,NA,NA,NA,NA,NA,87.76,15435.16,1238.9100000000001,3540.72,18.25,NA,372.58,5.46,133.58000000000001,NA,743.36,27190.639999999999,417.56,NA,NA,NA,1972.5,21540.94,78.89,43.67,271.95,NA,NA,NA,1694.79,NA,26020.29,1087.07,37.090000000000003,NA,4.62,NA,41.58,1170.3499999999999,NA,1170.3499999999999,27190.639999999999,NA,NA,NA,NA,NA,NA,NA,NA,NA,NA,NA,NA,NA,NA,NA,NA,NA,NA,NA,NA,NA
烟台银行,2007,3920.78,223.39,NA,NA,NA,NA,NA,79.53,15808.66,1138.52,3671.51,8.25,NA,295.72000000000003,NA,182.35,NA,797.27,26125.97,21.18,NA,NA,NA,5653.72,19025.48,82.01,42.64,168.71,NA,NA,NA,293.48,NA,25287.22,1087.07,-38.200000000000003,NA,NA,-210.11,NA,838.75,NA,838.75,26125.97,NA,NA,NA,NA,NA,NA,NA,NA,NA,NA,NA,NA,NA,NA,NA,NA,NA,NA,NA,NA,NA
焦作市商业银行,2006,1024.8399999999999,65.430000000000007,NA,NA,NA,NA,NA,NA,NA,NA,NA,NA,NA,NA,4.62,NA,NA,225.5,8024.28,42.19,NA,NA,NA,180,NA,NA,NA,NA,NA,NA,NA,NA,NA,7422.91,330.26,221.56,NA,0.41,49.13,NA,601.37,NA,601.37,8024.28,NA,NA,NA,NA,NA,NA,NA,NA,NA,NA,NA,NA,NA,NA,NA,NA,NA,NA,NA,NA,NA
焦作市商业银行,2007,1436.21,85.9,NA,NA,NA,NA,NA,NA,NA,NA,NA,NA,NA,NA,3.84,NA,NA,224.8,8679.4,25.99,NA,NA,NA,480.5,NA,NA,NA,NA,NA,NA,NA,NA,NA,8021.04,330.26,221.56,NA,1.41,105.13,NA,658.36,NA,658.36,8679.4,NA,NA,NA,NA,NA,NA,NA,NA,NA,NA,NA,NA,NA,NA,NA,NA,NA,NA,NA,NA,NA
焦作市商业银行,2008,1466.82,63.34,NA,6.14,344.63,NA,NA,20.95,5740,NA,1648.15,NA,NA,162,13.95,55.26,4.08,265.92,9791.24,2.6,NA,NA,NA,100,8834.25,31.36,7.24,121.79,NA,1.59,NA,57.53,NA,9156.35,330.26,221.56,NA,13.43,69.64,NA,634.89,NA,634.89,9791.24,NA,NA,NA,NA,NA,NA,NA,NA,NA,NA,NA,NA,NA,NA,NA,NA,NA,NA,NA,NA,NA
焦作市商业银行,2009,1809.08,2.4500000000000002,NA,1.1299999999999999,250.53,NA,NA,34.97,6195.58,NA,1810.83,NA,NA,151.74,14.13,65.44,8.32,286.02,10630.21,0.28000000000000003,NA,NA,NA,70,9374.31,43.36,6.03,90.59,NA,0.34,NA,121.06,NA,9705.9699999999993,603.28,221.56,NA,17.23,82.16,NA,924.23,NA,924.23,10630.21,NA,NA,NA,NA,NA,0,NA,NA,NA,NA,NA,NA,NA,NA,NA,NA,NA,NA,NA,NA,NA
焦作市商业银行,2010,2114.3000000000002,5.23,NA,NA,400,NA,340,58.02,6586.83,NA,3018.8,NA,NA,171.07,10.92,39.69,8.43,289.72000000000003,13043.01,0.5,NA,NA,NA,1578.8,10191.49,47.97,24.17,97.06,NA,NA,NA,111.46,NA,12051.46,646.88,221.56,NA,22.41,100.7,NA,991.54,NA,991.54,13043.01,NA,NA,NA,NA,NA,NA,NA,NA,NA,NA,NA,NA,NA,NA,NA,NA,NA,NA,NA,NA,NA
焦作市商业银行,2011,2482.7600000000002,1.46,NA,NA,NA,NA,NA,71.69,7283.52,NA,3444.31,NA,NA,185.83,11.67,38.35,7.79,151.99,13679.37,NA,NA,NA,NA,1859.5,10837.41,45.77,9.15,87.11,NA,NA,NA,42.87,NA,12881.8,646.88,NA,NA,32.159999999999997,118.53,NA,797.56,NA,797.56,13679.37,NA,NA,NA,NA,NA,NA,NA,NA,NA,NA,NA,NA,NA,NA,NA,NA,NA,NA,NA,NA,NA
焦作市商业银行,2012,3028.77,1.96,NA,NA,NA,NA,NA,76.540000000000006,8051.62,NA,3494.89,NA,NA,184.82,12.74,25.52,7.04,151.29,15035.21,0.04,NA,NA,NA,700,12582.23,37.840000000000003,7.39,125.75,NA,NA,NA,89.3,NA,13542.54,1311.56,0.15,NA,44.48,136.47,NA,1492.67,NA,1492.67,15035.21,NA,NA,NA,NA,NA,NA,NA,NA,NA,NA,NA,NA,NA,NA,NA,NA,NA,NA,NA,NA,NA
焦作市商业银行,2013,3505.99,1.84,NA,NA,NA,NA,NA,60.62,9016.7000000000007,NA,6736.3,NA,NA,209,14.17,54.01,6.3,490.27,20095.2,604.15,471.03,310,NA,2308.6,13382.1,42.1,32.94,154.97999999999999,NA,NA,NA,1177.76,NA,18483.650000000001,1430.53,10.72,NA,55.4,114.9,NA,1611.55,NA,1611.55,20095.2,NA,NA,NA,NA,NA,NA,NA,NA,NA,NA,NA,NA,NA,NA,NA,NA,NA,NA,NA,NA,NA
焦作市商业银行,2014,3470.16,835.51,NA,NA,NA,NA,NA,57.91,11386.48,NA,8410.93,NA,1731.93,186.84,29.11,76.739999999999995,25.65,852.58,27063.85,3747.75,94.02,900,NA,2502.6999999999998,16624.650000000001,48.9,40.93,249.91,NA,NA,NA,81.03,NA,24289.88,2401.84,26.26,NA,80.11,240.76,25,2773.97,NA,2773.97,27063.85,NA,NA,NA,NA,NA,NA,NA,NA,NA,NA,NA,NA,NA,NA,NA,NA,NA,NA,NA,NA,NA
焦作市商业银行,2015,6643.67,2145.15,NA,NA,NA,NA,NA,54.84,16546.93,NA,12373.7,NA,2463.83,203.62,36.9,111.61,1.3,803.82,41385.370000000003,8805.9,32.15,900,NA,1147.8499999999999,25493.35,92.48,88.45,298.14999999999998,NA,NA,NA,295.35000000000002,NA,37153.67,3295.18,258.93,NA,116.01,346.57,215,4231.7,NA,4231.7,41385.370000000003,NA,NA,NA,NA,NA,NA,NA,NA,NA,NA,NA,NA,NA,NA,NA,NA,NA,NA,NA,NA,NA
珠海农商行,2008,1913.68,90.6,NA,NA,NA,NA,4460.1400000000003,37.71,6322.86,1800.02,NA,10,NA,58.09,NA,32.4,NA,131.5,14857.01,155.13999999999999,NA,NA,NA,NA,10536.77,13.89,34.53,105,NA,22.51,NA,11.8,NA,14314.3,302,67.52,NA,14.39,85.94,72.86,542.71,NA,542.71,14857.01,NA,NA,NA,NA,NA,NA,NA,NA,NA,NA,NA,NA,NA,NA,NA,NA,NA,NA,NA,3434.67,NA
珠海农商行,2009,2145.35,30.2,NA,NA,NA,NA,4420.66,29.26,6957.03,1259.52,520.83000000000004,10,NA,56.75,NA,46.44,NA,50.58,15526.63,374.21,NA,NA,NA,NA,11959.96,17.59,36.020000000000003,106.52,NA,3.11,NA,214.74,NA,14963,302,9.34,NA,22.3,159.36000000000001,70.64,563.63,NA,563.63,15526.63,NA,NA,NA,NA,NA,NA,NA,NA,NA,NA,NA,NA,NA,NA,NA,NA,NA,NA,NA,2250.85,NA
珠海农商行,2010,2710.96,91.67,NA,NA,NA,NA,4411.72,28.15,8261.2099999999991,1639.74,421.33,20,NA,68.48,NA,43.85,NA,61.09,17758.21,900.08,NA,NA,NA,NA,14236.1,28.56,37.08,115.82,NA,1.22,NA,46.75,NA,16614.77,800,3.65,NA,38.11,301.68,NA,1143.44,NA,1143.44,17758.21,NA,NA,NA,NA,NA,NA,NA,NA,NA,NA,NA,NA,NA,NA,NA,NA,NA,NA,NA,1249.1500000000001,NA
珠海农商行,2011,3216.91,1137.04,NA,NA,NA,NA,4475.7,39.96,9394.81,1090.6099999999999,989.19,20,NA,77.61,NA,38.94,NA,151.85,20632.63,1995.35,NA,NA,NA,NA,14077.83,56.28,92.41,170.94,NA,NA,NA,176.16,NA,19402.27,800,NA,NA,57.98,372.37,NA,1230.3499999999999,NA,1230.3499999999999,20632.63,NA,NA,NA,NA,NA,NA,NA,NA,NA,NA,NA,NA,NA,NA,NA,NA,NA,NA,200,2633.3,NA
珠海农商行,2012,NA,NA,NA,NA,NA,NA,NA,NA,NA,NA,NA,NA,NA,NA,NA,NA,NA,NA,NA,2156.02,NA,NA,NA,NA,18007.189999999999,23.01,58.97,254.17,NA,NA,NA,311.20999999999998,NA,23092.16,800,-0.81,NA,85.34,322.64999999999998,45.85,1253.03,NA,1253.03,24345.18,NA,NA,NA,NA,NA,NA,NA,NA,NA,NA,NA,NA,NA,NA,NA,NA,NA,112.64,NA,2168.94,NA
珠海农商行,2013,5026.2,2595.17,NA,NA,152.5,NA,2787.67,87.05,12124.06,2519.7399999999998,1837.19,30,NA,150.62,NA,110.52,NA,776.74,28197.47,2188.7600000000002,NA,NA,NA,NA,22345.51,28.83,50.26,347.37,NA,NA,NA,659.75,NA,26314.77,1051.26,249.18,NA,108.97,401.44,71.84,1882.69,NA,1882.69,28197.47,NA,NA,NA,NA,NA,NA,NA,NA,NA,NA,NA,NA,NA,NA,NA,NA,NA,317.57,NA,376.72,NA
珠海农商行,2014,5932.7,2206.56,NA,NA,NA,NA,1463.23,126.73,13545.8,6206.04,2979.59,NA,NA,185.84,NA,136.12,NA,3076.68,35859.31,4678.76,NA,NA,NA,NA,24943.040000000001,40.130000000000003,104.52,445.07,NA,0.76,NA,2675.51,NA,33647.79,1100,300.04000000000002,NA,139.66999999999999,567.07000000000005,102.45,2211.52,NA,2211.52,35859.31,NA,NA,NA,NA,NA,NA,NA,NA,NA,NA,NA,NA,NA,NA,NA,NA,NA,NA,NA,760,2.29
珠海农商行,2015,5550.19,5515.07,NA,NA,2063.89,NA,2798.47,321.91000000000003,15855.5,14156.27,3138.28,NA,NA,183.91,NA,171.85,33.36,2960.6,52749.3,8252.4599999999991,NA,NA,NA,NA,29652.15,37.119999999999997,133.97,472.98,600,23.61,NA,2739.61,NA,50131.89,1100,300.04000000000002,NA,176.71,843.07,136.01,2617.41,NA,2617.41,52749.3,NA,NA,NA,NA,NA,NA,NA,NA,NA,NA,NA,NA,NA,NA,NA,NA,NA,NA,180,8040,61.58
盛京银行,2004,2542.21,743.04,NA,NA,NA,NA,NA,NA,NA,NA,NA,NA,NA,NA,10.8,NA,NA,NA,27095.7,154.81,NA,NA,NA,1648,NA,NA,NA,NA,NA,NA,NA,NA,NA,27423.439999999999,639.74,3.57,NA,124.07,-1095.1199999999999,NA,-327.74,NA,-327.74,27095.7,NA,NA,NA,NA,NA,NA,NA,NA,NA,NA,NA,NA,NA,NA,NA,NA,NA,NA,NA,NA,NA
盛京银行,2005,3394.35,2602.8000000000002,NA,NA,NA,NA,NA,NA,NA,NA,NA,NA,NA,NA,6.09,NA,NA,NA,37080.15,266.31,NA,NA,NA,1900,NA,NA,NA,NA,NA,NA,NA,NA,NA,35697.769999999997,1895.42,3.57,NA,124.07,-640.69000000000005,NA,1382.37,NA,1382.37,37080.15,NA,NA,NA,NA,NA,NA,NA,NA,NA,NA,NA,NA,NA,NA,NA,NA,NA,NA,NA,NA,NA
盛京银行,2006,6544.82,2389.4299999999998,NA,NA,NA,NA,NA,NA,NA,NA,NA,NA,NA,NA,8.5,NA,NA,NA,55300.9,117.38,NA,NA,NA,4882.82,NA,NA,NA,NA,NA,NA,NA,NA,NA,52517.1,3000.01,3.62,NA,127.82,-347.64,NA,2783.8,NA,2783.8,55300.9,NA,NA,NA,NA,NA,NA,NA,NA,NA,NA,NA,NA,NA,NA,NA,NA,NA,NA,NA,NA,NA
盛京银行,2007,13041.09,3805.48,NA,NA,NA,NA,NA,NA,NA,NA,NA,NA,NA,NA,38.43,NA,NA,NA,80939.75,78.239999999999995,NA,NA,NA,6863.7,NA,NA,NA,NA,NA,NA,NA,NA,NA,77347.320000000007,3000.01,3.62,NA,127.36,461.44,NA,3592.43,NA,3592.43,80939.75,NA,NA,NA,NA,NA,NA,NA,NA,NA,NA,NA,NA,NA,NA,NA,NA,NA,NA,NA,NA,NA
盛京银行,2008,14712.8,9405.35,NA,NA,3352.3,NA,5780.85,518.38,48236.93,16672.12,11070.81,291.99,NA,1184.95,37.119999999999997,232.96,NA,3526.77,115023.33,15433.72,NA,200,NA,7731.6,81370.25,45.67,-157.47,1111.98,1205.5,224.08,NA,1991.87,NA,109157.19,3396.01,1455.78,NA,173.97,442.85,401.72,5866.14,NA,5866.14,115023.33,NA,NA,NA,NA,NA,NA,NA,NA,NA,NA,4.17,NA,NA,NA,NA,NA,NA,NA,NA,NA,NA
盛京银行,2009,21310.84,18056.09,NA,500,4524.0600000000004,NA,5912.26,594.09,66998.880000000005,14076.6,19767.41,353.69,NA,2343.04,46.9,63.05,NA,3603.33,158150.25,17964.439999999999,NA,1700,NA,28067.91,100676.08,42.99,-212.6,1106.6500000000001,1205.5,27.98,NA,1935.83,NA,152514.78,3396.01,907.77,NA,334.85,521.12,475.73,5635.47,NA,5635.47,158150.25,NA,NA,NA,NA,NA,NA,NA,NA,NA,NA,NA,NA,NA,NA,NA,NA,NA,NA,NA,NA,NA
盛京银行,2010,30934.97,12821.9,NA,NA,1026.81,NA,30324.84,646.28,81690.87,14680.51,23057.41,408.81,NA,2388.39,48.14,17.72,NA,3271.65,201318.29,28650.61,NA,425,NA,27707.74,132507.15,3.39,46.23,1408.61,1200,0.43,NA,2247.06,NA,194196.2,3396.01,814.95,NA,434.08,1872.43,604.62,7122.09,NA,7122.09,201318.29,NA,NA,NA,NA,NA,NA,NA,NA,NA,NA,NA,NA,NA,NA,NA,NA,NA,NA,NA,NA,NA
盛京银行,2011,48145.120000000003,16235.41,0,0,304.89,0,4274.1899999999996,1030.8,96762.45,18491.060000000001,28717.79,563.96,2139.4499999999998,2298.52,43.02,37.229999999999997,0,2162.91,221206.79,13138.46,0,1560.41,0,19142.509999999998,171474.49,169.11,130.97999999999999,1553.53,2100,0,0,579.62,NA,209849.11,3696.01,2268.5100000000002,NA,874.23,3401.9,1117.04,11357.68,0,11357.68,221206.79,NA,0,0,NA,NA,-0.01,NA,NA,NA,NA,0,NA,NA,-0.01,NA,NA,NA,NA,NA,NA,NA
盛京银行,2012,53692.07,62276.49,NA,3000,301.02999999999997,NA,8929.93,1380.99,112271.2,22656.21,28050.06,267.45999999999998,15964.62,2265.9,28.94,175.55,NA,1981.13,313241.58,38553.61,NA,5620.14,NA,40773.449999999997,207987.23,317.36,455.5,2410.5300000000002,2100,NA,NA,365.94,NA,298583.76,3696.01,2022.38,27.48,1223.44,6072.63,1224.1300000000001,14266.07,391.76,14657.82,313241.58,NA,NA,NA,NA,NA,NA,NA,NA,NA,NA,NA,NA,NA,NA,NA,NA,NA,NA,NA,NA,NA
盛京银行,2013,65238.09,62233.23,NA,61.02,NA,NA,15706.26,2171.79,131557.89000000001,13069.78,35399.660000000003,287.18,25312.59,2326.44,42.77,238.21,NA,1787.26,355432.17,41327.5,NA,1189.97,NA,20919.47,262912.73,323.69,622.08000000000004,4825.6400000000003,900,NA,NA,940.65,NA,333961.73,4096.01,3822.38,-248.7,1709.16,8358.81,3317.75,21055.41,415.03,21470.44,355432.17,NA,NA,NA,NA,NA,NA,NA,NA,NA,NA,NA,NA,NA,NA,NA,NA,NA,NA,NA,NA,NA
盛京银行,2014,72079.240000000005,85560.98,NA,1513.87,NA,NA,25941.59,5379.59,155946.85999999999,25437.14,40627.47,NA,86122.2,3409.12,113.1,141.09,NA,1098.26,503370.51,92072.92,NA,3667.72,NA,42089.97,315943.78999999998,419.32,965.16,7339.69,3100,NA,NA,1638.45,NA,467237.03,5646.01,11106.92,565.57000000000005,2733.4,12101.93,3545.73,35699.550000000003,433.93,36133.49,503370.51,NA,NA,NA,NA,NA,NA,NA,NA,NA,NA,NA,NA,NA,NA,NA,NA,NA,NA,NA,NA,NA
盛京银行,2015,63787.73,84618.38,NA,1017.29,1462.02,NA,32252.18,6855.57,191531.73,27359.93,51761.24,NA,234508.22,4057.42,126.94,464.89,NA,1824.98,701628.5,100617.15,6800,11370.47,NA,47085.57,402379.09,436.81,1180.9000000000001,9816.6200000000008,78485.440000000002,NA,NA,1741.51,NA,659913.55000000005,5796.68,11855.5,618.04,3893.85,12927.82,6176.64,41268.53,446.43,41714.949999999997,701628.5,NA,NA,NA,NA,NA,NA,NA,NA,NA,NA,NA,NA,NA,NA,NA,NA,NA,NA,NA,NA,NA
绍兴银行,2006,2539.19,1106.6600000000001,NA,NA,NA,NA,NA,NA,NA,NA,NA,NA,NA,NA,NA,NA,NA,NA,19636.37,58.34,NA,NA,NA,NA,NA,NA,82.55,NA,NA,NA,NA,NA,NA,18888.900000000001,556.02,31.87,NA,39.43,120.15,NA,747.47,NA,747.47,19636.37,NA,NA,NA,NA,NA,NA,NA,NA,NA,NA,NA,NA,NA,NA,NA,NA,NA,NA,NA,NA,NA
绍兴银行,2007,3477.32,1231.4000000000001,NA,NA,NA,NA,NA,NA,NA,NA,NA,NA,NA,NA,NA,NA,NA,NA,23000.720000000001,1.71,NA,NA,NA,500,NA,NA,97.09,NA,NA,NA,NA,NA,NA,21443.05,983.65,245.68,NA,68.19,260.14,NA,1557.67,NA,1557.67,23000.720000000001,NA,NA,NA,NA,NA,NA,NA,NA,NA,NA,NA,NA,NA,NA,NA,NA,NA,NA,NA,NA,NA
绍兴银行,2008,4202.18,2613.7800000000002,NA,NA,NA,NA,350.34,43.85,18024.77,NA,2733.71,35.01,NA,169.58,NA,91.41,85.21,1030.02,29379.85,1500.34,NA,NA,NA,745,23557.72,7.25,78.19,250.74,NA,NA,11.78,1237.67,NA,27388.69,983.65,245.68,NA,77.45,486.38,198,1991.16,NA,1991.16,29379.85,NA,NA,NA,NA,NA,NA,NA,NA,NA,NA,NA,NA,NA,NA,NA,NA,NA,NA,NA,NA,NA
绍兴银行,2009,5024.41,2139.39,NA,NA,1269.69,NA,951.29,53.8,19654.990000000002,755.29,1830.22,35.01,200,176.92,NA,130.9,79.61,1096.68,33398.19,1500.16,NA,NA,NA,NA,28442.87,5.86,47.17,230.36,NA,NA,18.68,1059.97,NA,31305.05,983.65,241.47,NA,148.54,481.47,238,2093.13,NA,2093.13,33398.19,NA,NA,NA,NA,NA,NA,NA,NA,NA,NA,NA,NA,NA,NA,NA,NA,NA,NA,NA,NA,NA
绍兴银行,2010,6514.33,1649.42,NA,NA,325.25,NA,632.57000000000005,85.61,22556.33,692.26,2384.3000000000002,35.01,180,352.4,114.3,156.53,74.010000000000005,85.68,35838,1200.1199999999999,NA,NA,NA,400,31181.56,44.09,77.38,267.85000000000002,NA,NA,NA,243.44,NA,33414.449999999997,983.65,233.46,NA,261.47000000000003,646.96,298,2423.5500000000002,NA,2423.5500000000002,35838,NA,NA,NA,NA,NA,NA,NA,NA,NA,NA,NA,NA,NA,NA,NA,NA,NA,NA,NA,NA,NA
绍兴银行,2011,7579.74,2888.69,NA,NA,326.27999999999997,NA,NA,95.31,24348.26,702.46,1899.32,35.01,414,395.91,115.82,121.37,68.42,60.1,39050.69,2260.29,400,NA,NA,300,32550.52,52.37,31.65,389.33,NA,NA,NA,164.08,NA,36148.239999999998,983.65,243.34,NA,364.5,903.78,358,2853.28,49.17,2902.45,39050.69,NA,NA,NA,NA,NA,NA,NA,NA,NA,NA,NA,NA,NA,NA,NA,NA,NA,NA,NA,NA,NA
绍兴银行,2012,8617.4699999999993,2428.7600000000002,NA,NA,811.03,NA,2299.13,133.88999999999999,26029.25,757.35,2467.3000000000002,35.01,832.68,510.1,122.77,141.78,62.82,111.03,45360.37,2568.36,410,NA,NA,2104.2600000000002,35239.18,49.96,65.540000000000006,506.56,NA,0.83,NA,1221.96,NA,42166.64,983.65,242.31,NA,456.24,978.15,478,3138.36,55.38,3193.73,45360.37,NA,NA,NA,NA,NA,NA,NA,NA,NA,NA,NA,NA,NA,NA,NA,NA,NA,NA,NA,NA,NA
绍兴银行,2013,9701.9,3466.38,NA,25,1484.48,NA,616.1,160.01,29207.57,805.03,2619.9299999999998,34.01,1997.81,573.62,123.42,138.6,53.79,114.78,51122.41,3233.88,600,NA,NA,2328,39284.49,83.59,74.17,614.86,498.48,NA,NA,345.98,NA,47063.44,1209.3,633.23,NA,544.12,1017.08,598,4001.72,57.24,4058.97,51122.41,NA,NA,NA,NA,NA,NA,NA,NA,NA,NA,NA,NA,NA,NA,NA,NA,NA,NA,NA,NA,NA
绍兴银行,2014,9337.75,1459.82,NA,200,1863.8,NA,215.5,237.06,32447.63,1103.74,2836.39,NA,4652.83,588.79,123.5,139.35,48.58,514.04999999999995,55768.78,2549,530,NA,NA,4064.9,40226.839999999997,68.42,35.299999999999997,746.45,2641.34,4.4800000000000004,NA,542.4,NA,51446.69,1307.6600000000001,658.58,3.81,571.85,1012.42,698,4252.3100000000004,69.78,4322.08,55768.78,NA,NA,NA,NA,NA,NA,NA,NA,NA,NA,NA,NA,NA,NA,NA,NA,NA,NA,NA,NA,NA
绍兴银行,2015,9500.99,2239.4699999999998,NA,200,2950.14,NA,100,343.45,36113.24,1890.63,3835.84,NA,27826.21,624.07000000000005,128.46,172.72,43.22,578.28,86546.72,9066.57,640,NA,NA,5548.4,47592.13,111.08,69.27,825.07,17726.89,25.92,NA,287.47000000000003,NA,81943.81,1307.6600000000001,658.58,29.69,606.91,867.25,1065.0999999999999,4535.1899999999996,67.72,4602.91,86546.72,NA,NA,NA,NA,NA,NA,NA,-0.01,NA,NA,NA,NA,NA,NA,NA,NA,NA,NA,NA,NA,NA
绵阳市商业银行,2006,857.49,69.14,NA,NA,NA,NA,NA,1.66,NA,NA,NA,4.79,NA,67.63,2.52,NA,NA,NA,5973.24,132.66,NA,NA,NA,NA,NA,NA,4.28,17.22,NA,NA,NA,NA,NA,5763.42,164.63,NA,NA,25.98,19.21,NA,209.82,NA,209.82,5973.24,NA,NA,NA,NA,NA,NA,NA,NA,NA,NA,NA,NA,NA,NA,NA,NA,NA,NA,NA,NA,NA
绵阳市商业银行,2007,967.45,81.27,NA,NA,NA,NA,NA,21.71,NA,NA,NA,5.89,NA,65.81,3.61,NA,NA,NA,7871.07,334.45,NA,NA,NA,NA,NA,NA,6.65,29.29,NA,NA,NA,NA,NA,7645.29,164.63,0,NA,38.54,22.6,NA,225.77,NA,225.77,7871.07,NA,NA,NA,NA,NA,NA,NA,NA,NA,NA,NA,NA,NA,NA,NA,NA,NA,NA,NA,NA,NA
绵阳市商业银行,2008,2912.78,321.97000000000003,NA,NA,NA,NA,250,26.54,5337.24,NA,1740.95,13.25,NA,87.93,3.35,NA,NA,284.73,11391.73,182.01,NA,NA,NA,900,9552.94,3.85,6.01,NA,NA,NA,NA,382.95,8.48,11036.24,227.63,0,NA,22.94,21.1,31.5,303.18,NA,303.18,11339.42,413,NA,NA,NA,NA,NA,NA,NA,NA,NA,NA,NA,NA,NA,NA,NA,NA,NA,NA,NA,NA
绵阳市商业银行,2010,4494.18,385.36,NA,NA,NA,NA,NA,92.33,9120.24,NA,6499.73,18.100000000000001,NA,106.17,6.15,NA,NA,229.66,21149.439999999999,163.02000000000001,NA,NA,NA,1000,18690.71,3.71,18.53,45.88,110,NA,NA,273.23,28.63,20333.7,300.63,NA,NA,54.18,382.42,78.5,815.73,NA,815.73,21149.439999999999,197.52,NA,NA,NA,NA,NA,NA,NA,NA,NA,NA,NA,NA,NA,NA,NA,NA,NA,NA,NA,NA
绵阳市商业银行,2011,4869.5200000000004,734.18,NA,NA,NA,NA,300,47.1,11875.68,NA,4218.72,18.100000000000001,NA,103.67,4.7699999999999996,32.64,NA,983.39,23384.38,480.3,NA,NA,NA,1984,18280.27,2.2400000000000002,131.1,85.95,110,NA,NA,1100.8599999999999,55.21,22229.919999999998,420.88,NA,NA,187.82,445.25,100.51,1154.46,NA,1154.46,23384.38,196.61,NA,NA,NA,NA,NA,NA,NA,NA,NA,NA,NA,NA,NA,NA,NA,NA,NA,NA,NA,NA
绵阳市商业银行,2012,7676.76,1904.54,NA,NA,NA,NA,300,152.91,13465.91,NA,9351.49,18.100000000000001,NA,107.3,7.66,45,NA,1051.99,34207.339999999997,1062.33,300,NA,NA,7598.2,22170.66,2.25,168.08,161.75,110,NA,NA,1079.04,28.34,32680.639999999999,420.88,NA,NA,356.77,617.52,131.53,1526.7,NA,1526.7,34207.339999999997,125.66,NA,NA,NA,NA,NA,NA,NA,NA,NA,NA,NA,NA,NA,NA,NA,NA,NA,NA,NA,NA
绵阳市商业银行,2013,8040.26,409.44,NA,NA,1730.79,NA,10403.26,171.96,15825.64,NA,5291.84,318.10000000000002,NA,131.58000000000001,6.37,63.53,NA,NA,42504.02,510.04,NA,NA,NA,13043.22,26336.21,5.41,177.78,302.82,110,NA,NA,23.8,33.08,40542.370000000003,420.88,NA,NA,500.15,625.16999999999996,415.45,1961.66,NA,1961.66,42504.02,111.27,NA,NA,NA,NA,NA,NA,NA,NA,NA,NA,NA,NA,NA,NA,NA,NA,NA,NA,NA,NA
绵阳市商业银行,2014,7651.66,987.49,NA,NA,3543.07,NA,7245.34,273.88,18683.32,7.75,4985,337.19,426.18,122.97,4.88,98.47,NA,0,44586.23,997.5,317.88,NA,NA,11234.99,28519.08,23.94,131.12,430.56,NA,NA,NA,37.630000000000003,49.47,41742.160000000003,420.88,409.23,NA,752.15,846.35,415.45,2844.07,NA,2844.07,44586.23,219.01,NA,NA,NA,NA,NA,NA,NA,NA,NA,NA,NA,NA,NA,NA,NA,NA,NA,NA,NA,NA
绵阳市商业银行,2015,7879.06,1032.8699999999999,NA,NA,6021.68,NA,8571.09,432.43,21558.09,7.75,5003,193.45,1484.34,112.32,10.09,112.77,NA,0,52696.639999999999,932.49,720,100,NA,15002.59,31175.61,30.79,57.3,543.69000000000005,NA,NA,NA,178.74,41.52,48782.720000000001,622,854.74,NA,858.22,1163.5,415.45,3913.92,NA,3913.92,52696.639999999999,277.7,NA,NA,NA,NA,NA,NA,NA,NA,NA,NA,NA,NA,NA,NA,NA,NA,NA,NA,NA,NA
苏州银行,2009,5390.99,2654.84,NA,NA,NA,NA,NA,NA,18286.98,NA,NA,5404.82,118.93,551.38,196.96,6.09,NA,NA,32734.97,323.23,NA,NA,NA,2200,27544.18,84.14,48.15,NA,NA,NA,NA,NA,428.98,30628.68,933.39,302.01,NA,285.64999999999998,350.86,234.38,2106.29,NA,2106.29,32734.97,123.98,NA,NA,NA,NA,NA,NA,NA,NA,NA,NA,NA,NA,NA,NA,NA,NA,NA,NA,NA,NA
苏州银行,2010,7543.79,10135.82,NA,NA,NA,NA,5580.73,NA,21989,NA,NA,7425.65,NA,839.12,195.64,NA,NA,NA,54165.96,172.84,NA,NA,NA,3031.22,37305.379999999997,90.23,93.51,NA,NA,NA,NA,NA,730.34,41423.519999999997,3000,8525.3700000000008,NA,406.23,530.73,280.11,12742.44,NA,12742.44,54165.96,456.2,NA,NA,NA,NA,NA,NA,NA,NA,NA,NA,NA,NA,NA,NA,NA,NA,NA,NA,NA,NA
苏州银行,2011,12135.88,11477.7,NA,NA,NA,NA,9063.0400000000009,369.42,31181.42,6466.09,6925.67,431.08,3308.32,1309.1600000000001,205.49,130.58000000000001,NA,79.58,83083.42,847.05,NA,NA,NA,14567.95,52884.77,184.2,145.46,573.69000000000005,NA,23.69,NA,123.94,NA,69350.759999999995,3000,8552.98,NA,601.54999999999995,1077.97,372.09,13604.59,128.07,13732.66,83083.42,NA,NA,NA,NA,NA,NA,NA,NA,NA,NA,NA,NA,NA,NA,NA,NA,NA,NA,NA,NA,NA
苏州银行,2012,15734.35,12256.25,9.27,100,151.13,NA,32291.35,716.55,41894.410000000003,8476.7000000000007,6389.49,471.26,7394.11,1971.59,202.15,103.58,13.77,194.85,128420.26,13185.83,70,1960.87,NA,25815.32,70662.179999999993,271.43,239.78,1026.94,NA,NA,NA,277.33999999999997,NA,113509.69,3000,8723.81,NA,739.58,1375.2,921.18,14759.77,150.80000000000001,14910.57,128420.26,49.45,NA,NA,NA,NA,NA,NA,NA,NA,NA,NA,NA,NA,NA,NA,NA,NA,NA,NA,NA,NA
苏州银行,2013,21462.05,28743.86,17.690000000000001,3431.16,NA,NA,21792.55,1099.19,53181.06,11328.08,5110.49,462.41,14477.15,2025.03,307.25,275.3,12.65,166.7,163959.62,28661.32,8,515.04,NA,19767.09,96348.91,327.36,316.10000000000002,1786.28,NA,NA,NA,585.79999999999995,NA,148315.9,3000,8406.68,NA,961.29,1602.35,1470.55,15440.87,202.86,15643.73,163959.62,67,NA,NA,NA,NA,NA,NA,NA,NA,NA,NA,NA,NA,NA,NA,NA,NA,NA,NA,NA,NA
苏州银行,2014,26259.34,27236.3,10.32,5983,1516.21,NA,14760.75,1315.83,70076.94,19908.04,5025.01,380.02,28295.69,2136.17,323.37,294.67,11.44,657.44,204249.92,43581.1,894.25,1207.18,NA,11111.49,123935.43,552,454.73,2626.02,2000,NA,NA,486.95,18.399999999999999,186867.55,3000,8577.65,345.87,1209.8800000000001,1938.98,2045.27,17117.66,264.70999999999998,17382.37,204249.92,59.39,NA,NA,NA,NA,NA,NA,NA,NA,NA,NA,NA,NA,NA,NA,NA,NA,NA,NA,NA,NA
苏州银行,2015,24338.75,12874.45,0.43,8359.11,2114.29,NA,9071.01,1217.95,86501.93,27830.27,6019.33,361.44,47683.33,3498.52,357.89,369.93,1.07,169.99,230901.38,48398.05,45.95,2549.3200000000002,NA,10559.56,132213.63,485.51,408.09,3297.17,12476.4,NA,NA,823.58,17.25,211277.62,3000,8578.49,680.61,1474.95,2163.04,2771.17,18668.25,955.5,19623.759999999998,230901.38,131.69999999999999,3.12,NA,NA,NA,NA,NA,NA,NA,NA,NA,NA,NA,NA,NA,NA,NA,NA,NA,NA,NA
苏格兰皇家银行,2010,NA,NA,NA,NA,NA,NA,NA,NA,6833.25,NA,NA,NA,NA,NA,NA,NA,NA,21573.39,28406.639999999999,NA,NA,NA,NA,NA,10523.22,NA,NA,NA,NA,NA,NA,13484.06,NA,24007.279999999999,NA,NA,NA,NA,NA,NA,4399.3599999999997,NA,4399.3599999999997,28406.639999999999,NA,NA,NA,NA,NA,NA,NA,NA,NA,NA,NA,NA,NA,NA,NA,NA,NA,NA,NA,NA,NA
苏格兰皇家银行,2011,NA,NA,NA,NA,NA,NA,NA,NA,4646.88,NA,NA,NA,NA,NA,NA,NA,NA,18396.2,23043.08,NA,NA,NA,NA,NA,8588.66,NA,NA,NA,NA,NA,NA,9658.26,NA,18246.919999999998,NA,NA,NA,NA,NA,NA,4796.16,NA,4796.16,23043.08,NA,NA,NA,NA,NA,NA,NA,NA,NA,NA,NA,NA,NA,NA,NA,NA,NA,NA,NA,NA,NA
苏格兰皇家银行,2012,1880.51,332.59,NA,6212.03,694.6,457,NA,83.42,4763.3500000000004,1972.41,NA,NA,NA,32.61,NA,67.83,NA,187.49,16683.830000000002,632.28,NA,2301.16,448.39,NA,6550.74,55.05,87.41,50.69,NA,NA,NA,499.49,NA,11900.54,4500,9.6199999999999992,NA,120.06,811.95,268.61,4783.29,NA,4783.29,16683.830000000002,NA,1275.32,-926.95,NA,NA,NA,NA,NA,NA,NA,NA,NA,NA,NA,NA,NA,NA,NA,NA,NA,NA
苏格兰皇家银行,2013,2025.83,1181.06,NA,10277.74,97.92,899.89,NA,97.34,5852.15,1549.58,NA,NA,NA,21.67,NA,126.84,NA,116.95,22246.959999999999,401.35,NA,6495.34,1124.3800000000001,NA,6703.52,44.44,130.63,59.84,NA,NA,NA,383.74,NA,17590.73,4500,-1.42,NA,122.81,781.47,323.85000000000002,4656.2299999999996,NA,4656.2299999999996,22246.959999999999,NA,2247.5,-1070.48,NA,NA,NA,NA,NA,NA,NA,NA,NA,NA,NA,NA,NA,NA,NA,NA,NA,NA
苏格兰皇家银行,2014,1240.53,1225.3399999999999,NA,7109.66,18.03,411.87,NA,82.04,2291.37,2308.7399999999998,NA,NA,NA,14.87,NA,74.180000000000007,NA,97.35,14873.99,2460.3000000000002,NA,1208.6099999999999,428.16,683,4606.57,26.73,-30.34,80.34,NA,NA,NA,325.64,NA,10017.67,4500,9.7799999999999994,-1066.9000000000001,141.34,948.24,323.85000000000002,4856.32,NA,4856.32,14873.99,NA,228.65,NA,NA,NA,NA,NA,NA,NA,NA,NA,NA,NA,NA,NA,NA,NA,NA,NA,NA,NA
莱商银行,2006,1561.43,151.97999999999999,NA,NA,NA,NA,NA,0.17,8081.22,50,815.17,50,NA,126.1,4.7,4.95,NA,35.270000000000003,10880.99,0.34,500,NA,NA,2189.34,7447.14,12.85,42.02,49.22,NA,NA,NA,31.83,NA,10272.75,414.78,7.21,NA,39.85,84.78,61.63,608.24,NA,608.24,10880.99,NA,NA,NA,NA,NA,NA,NA,NA,NA,NA,NA,NA,NA,NA,NA,NA,NA,NA,NA,NA,NA
莱商银行,2007,2319.91,208.77,NA,NA,NA,NA,1095.8399999999999,36.020000000000003,7989.4,50,966.92,50,NA,203.58,8.02,3.93,NA,37,12969.38,0.48,450,185.67,NA,2300.2800000000002,8821.9699999999993,45.28,83.27,67.73,NA,NA,NA,28.19,200,12182.88,414.78,7.21,NA,67.66,235.23,61.63,786.51,NA,786.51,12969.38,NA,NA,NA,NA,NA,NA,NA,NA,NA,NA,NA,NA,NA,NA,NA,NA,NA,NA,NA,NA,NA
莱商银行,2008,3000.8,353.87,NA,NA,NA,NA,NA,16.52,7634.06,310,2786.64,60,NA,277.54000000000002,20.5,38.36,NA,73.66,14571.95,3.97,200,208.14,NA,200,12567.01,24.76,81.93,116.49,NA,NA,NA,61.53,200,13663.82,414.78,7.21,NA,95.47,292.43,98.24,908.13,NA,908.13,14571.95,NA,NA,NA,NA,NA,NA,NA,NA,NA,NA,NA,NA,NA,NA,NA,NA,NA,NA,NA,NA,NA
莱商银行,2009,3511.09,528.89,NA,NA,NA,NA,1032.03,22.44,9844.93,3840,1736.5,315.10000000000002,NA,338.74,21.92,59.1,NA,70.59,21321.33,302.49,450,NA,NA,1102.73,17032.16,29.52,68.47,119.02,NA,NA,NA,186.45,400,19690.84,600,470.27,NA,126.53,326.77999999999997,106.92,1630.49,NA,1630.49,21321.33,NA,NA,NA,NA,NA,NA,NA,NA,NA,NA,NA,NA,NA,NA,NA,NA,NA,NA,NA,NA,NA
莱商银行,2010,4169.04,804.66,NA,NA,NA,NA,4208.53,72.709999999999994,12614.63,776.19,1741.13,310,NA,450.37,44.25,55.04,NA,77.42,25323.98,350.34,450,NA,NA,1526.68,20282.12,87.87,115.81,120.19,NA,NA,NA,88.34,300,23321.34,600,470.27,NA,185.81,603.63,106.92,1966.62,36.01,2002.64,25323.98,NA,NA,NA,NA,NA,NA,NA,NA,NA,NA,NA,NA,NA,NA,NA,NA,NA,NA,NA,NA,NA
莱商银行,2011,5872.66,3676.04,NA,495.1,NA,NA,5531.54,102.26,15117.87,848.66,1967.05,330,NA,586.47,62.88,62.91,NA,160.61000000000001,34814.04,2493.77,400,100,NA,3993.66,22240.07,135.1,197.28,144.41,NA,NA,NA,113.01,480,30297.31,1000,2070.27,NA,255.48,905.15,139.62,4370.51,146.21,4516.7299999999996,34814.04,NA,NA,NA,NA,NA,NA,NA,NA,NA,NA,NA,NA,NA,NA,NA,NA,NA,NA,NA,NA,NA
莱商银行,2012,7065.89,4818.01,NA,1996.85,NA,NA,4794.66,301.75,19994.03,50,2062.5,330,NA,656.08,66.42,110.13,NA,498.05,42744.35,6376.15,200,22,NA,142.6,29603.59,146.30000000000001,232.67,380.57,NA,NA,NA,235.14,480,37819.01,1000,2070.27,NA,322.82,1152.97,185.38,4731.4399999999996,193.9,4925.34,42744.35,NA,NA,NA,NA,NA,NA,NA,NA,NA,NA,NA,NA,NA,NA,NA,NA,NA,NA,NA,NA,NA
莱商银行,2013,9148,4703.13,NA,NA,NA,NA,5652.29,169.66,24310.34,1958.13,3190.88,330,NA,1041.18,72.81,181.03,NA,524.91,51282.37,4599.91,600,164.19,NA,1919.91,34984.89,166.59,215.88,300.62,2043.8,NA,NA,317.33999999999997,500,45813.11,2000,1070.27,NA,383.4,1333.59,227.6,5014.8500000000004,454.4,5469.25,51282.37,NA,NA,NA,NA,NA,NA,NA,NA,NA,NA,NA,NA,NA,NA,NA,0,NA,NA,NA,NA,NA
莱商银行,2014,10503.78,3162.5,NA,477.28,NA,NA,2073.46,177.68,27375.62,1334.7,2576.73,195.86,5494.47,1084.52,77.459999999999994,128.94,NA,588.16999999999996,55251.18,4567.8599999999997,300,961.66,NA,150,40189.089999999997,130.97999999999999,228.15,377.43,2043.8,NA,NA,373.17,500,49822.15,2000,1078.94,-0.37,447.55,1346.61,413.55,5286.28,142.75,5429.04,55251.18,NA,NA,NA,NA,NA,NA,NA,NA,NA,NA,NA,NA,NA,NA,NA,NA,NA,NA,NA,NA,NA
莱商银行,2015,9687.4599999999991,491.61,NA,64.94,NA,NA,1619.97,189.14,30865.24,870.24,4075.75,345.96,13583,1171.76,79.040000000000006,280.72000000000003,NA,870.87,64195.67,9809.0300000000007,550,1649.7,NA,NA,42328.42,183.12,144.55000000000001,407.26,3062.33,1.6,NA,351.89,500,58987.91,2000,1070.27,4.8,463.76,1150.77,490.56,5180.17,27.59,5207.75,64195.67,NA,NA,NA,NA,NA,NA,NA,NA,NA,NA,NA,NA,NA,NA,NA,NA,NA,NA,NA,NA,NA
西安银行,2005,3199.98,1253.29,NA,264.95999999999998,NA,NA,NA,10.24,19956.88,NA,NA,2921.48,NA,242.78,8.2899999999999991,NA,NA,NA,30653.26,82.37,NA,NA,NA,NA,26883.01,39,16.02,88.53,NA,NA,NA,NA,2122.6,29231.52,1191.3499999999999,NA,NA,115.87,114.53,NA,1421.74,NA,1421.74,30653.26,2715.36,NA,NA,NA,NA,80,NA,NA,NA,NA,NA,NA,NA,NA,NA,NA,NA,NA,NA,NA,NA
西安银行,2006,3294.39,243.02,NA,230.95,NA,NA,NA,3.65,23511.26,NA,NA,3977.9,NA,250.55,8.0500000000000007,NA,NA,NA,38342.36,16.91,NA,NA,NA,NA,32412.73,47.02,51.52,148.58000000000001,NA,NA,NA,NA,3662.4,36339.17,1685.75,4.9400000000000004,NA,130.76,191.15,NA,2003.2,NA,2003.2,38342.36,6822.58,NA,-9.4,NA,NA,NA,NA,NA,NA,NA,NA,NA,NA,NA,NA,NA,NA,NA,NA,NA,NA
西安银行,2007,5839.36,252.06,NA,185.91,NA,NA,NA,2.85,25160.080000000002,NA,NA,3329.69,NA,232.98,7.81,NA,NA,NA,41060.28,210.09,NA,NA,NA,NA,32982.370000000003,50.53,106.68,240.54,NA,NA,NA,NA,5545,39135.21,1685.75,4.9400000000000004,NA,141.52000000000001,112.34,NA,1925.07,NA,1925.07,41060.28,6049.54,NA,-19.489999999999998,NA,NA,NA,NA,NA,NA,NA,NA,NA,NA,NA,NA,NA,NA,NA,NA,NA,NA
西安银行,2008,6850.38,505.43,NA,185.85,1094.74,NA,3488.56,89.48,26055.15,1002.06,10872.84,27.09,NA,214.16,7.57,NA,NA,-194.16,51664.9,NA,NA,NA,NA,7972.51,40239.64,78.25,142.66999999999999,308.27999999999997,NA,2.92,NA,NA,1090.01,49834.28,1685.75,6.46,NA,152.75,13.94,NA,1830.02,0.6,1830.62,51664.9,1465.74,NA,-28.89,NA,NA,NA,NA,NA,NA,NA,NA,NA,NA,NA,NA,NA,NA,NA,NA,NA,NA
西安银行,2009,10508.77,192,NA,462.77,5756.31,NA,2413.96,143.72999999999999,30113.99,NA,11242.4,18.600000000000001,NA,200.96,7.33,8.36,NA,-144.75,62646.92,NA,NA,NA,NA,5177.92,52516.15,61.95,64.12,361.4,NA,2.5,NA,NA,595.86,58779.9,3000,12.98,NA,139.25,715.9,27.44,3866.56,0.46,3867.03,62646.92,1722.51,NA,-29.01,NA,NA,NA,NA,NA,NA,NA,NA,NA,NA,NA,NA,NA,NA,NA,NA,NA,NA
西安银行,2010,13130.66,6166.72,NA,421.77,59.22,NA,7329.56,215.31,36800.6,965.36,12823.47,18.05,NA,349.64,7.1,4.2300000000000004,NA,-154.26,80884.06,NA,NA,1331.13,NA,8174.51,65547.31,98.26,87.02,408.4,NA,6.16,NA,NA,768.71,76421.509999999995,3000,-7.72,NA,210.84,825.24,463.32,4458.41,4.1399999999999997,4462.5600000000004,80884.06,2746.65,NA,-33.270000000000003,NA,NA,NA,NA,NA,NA,NA,NA,NA,NA,NA,NA,NA,NA,NA,NA,NA,NA
西安银行,2011,17455.8,9414.1200000000008,NA,220.53,856.05,NA,9041.7199999999993,234.25,43399.67,3393.93,14779.74,18.05,NA,184.04,6.91,1.79,NA,3346.43,102353.06,10859.34,NA,657.52,NA,5927.29,76434.22,145.16999999999999,125.04,423.76,NA,1.04,NA,2534.2399999999998,NA,97107.61,3000,-0.38,NA,293.5,1292.25,655.73,5241.1000000000004,4.3499999999999996,5245.45,102353.06,NA,NA,NA,NA,NA,NA,NA,NA,NA,NA,NA,NA,NA,NA,NA,NA,NA,NA,NA,NA,NA
西安银行,2012,20298.52,15135.24,NA,NA,5936.8,NA,4066.31,535.09,51159.14,3992.68,19762.34,8,NA,551.62,NA,252.96,NA,309.94,122049.41,18138.73,NA,NA,NA,5470,89452.97,154.31,134.18,776.8,NA,NA,NA,280.14,NA,115275.23,3000,11.95,NA,413.67,2550.4499999999998,792.92,6768.98,5.19,6774.17,122049.41,40.76,868.11,NA,NA,NA,NA,NA,NA,NA,NA,NA,NA,NA,NA,NA,NA,NA,NA,NA,NA,NA
西安银行,2013,22643.95,11150.36,NA,213.39,1927.12,NA,10125.200000000001,478.38,60086.29,10531.16,15287.48,8,NA,579.62,39.53,270.82,NA,339,133680.29999999999,7996.34,34,3009.97,NA,9941.64,102603.23,134.19,164.71,1130.08,NA,NA,NA,375.56,NA,125389.72,3000,136.74,NA,565.17999999999995,3150.07,1379.33,8231.32,59.26,8290.58,133680.29999999999,NA,NA,NA,NA,NA,0,NA,0,NA,NA,NA,NA,NA,NA,NA,NA,NA,NA,NA,NA,NA
西安银行,2014,25815.91,8585.42,NA,465.3,322.97000000000003,NA,10144.56,491.99,70475.75,20771.04,12840.8,100,NA,613.49,38.299999999999997,260.92,NA,355.48,151281.93,6751.36,400,NA,NA,8138.56,111975.3,63.62,193.59,1543.55,9753.64,NA,NA,2636.22,NA,141455.85999999999,3000,133.51,21.93,734.36,4385.74,1487.66,9763.2099999999991,62.86,9826.06,151281.93,NA,NA,NA,NA,NA,NA,NA,NA,NA,NA,NA,NA,NA,NA,NA,NA,NA,NA,NA,NA,NA
西安银行,2015,23953.06,28771.14,NA,1264.3,932.68,NA,14332.88,632.35,83535.83,37770.11,9731.31,101.64,7617.46,600.41,37.049999999999997,379.26,NA,364.13,210023.6,10068.94,430,2000,NA,13572.84,121709.22,88.61,206.41,1731.69,45043.77,NA,NA,753.24,NA,195604.72,4000,2133.6999999999998,62.24,924.11,5501.6,1730.27,14351.92,66.959999999999994,14418.88,210023.6,NA,NA,NA,NA,NA,NA,NA,NA,NA,NA,NA,NA,NA,NA,NA,NA,NA,NA,NA,NA,NA
贵阳银行,2006,3885.7,1808.3,NA,24.33,411.84,NA,NA,55.4,16716.990000000002,1503.17,2042.29,8.6,NA,434.06,2.11,423.22,30.79,278.60000000000002,28381.89,626.16999999999996,450,NA,NA,NA,25913.62,104.96,185.06,91.08,NA,0.71,NA,157.80000000000001,NA,27529.41,1032.6199999999999,165.79,NA,12.38,-377.41,19.100000000000001,852.48,NA,852.48,28381.89,756.49,NA,NA,NA,NA,NA,NA,NA,NA,NA,NA,NA,NA,NA,NA,NA,NA,NA,NA,NA,NA
贵阳银行,2007,6069.6,1265.3599999999999,NA,24.33,1066.96,NA,1000,62.75,18462.73,1814.25,1875.49,8.6,544.54,411.29,1.62,308.62,26.68,304.32,33247.14,561.67999999999995,NA,10,NA,NA,30590.74,120.75,182.04,120.64,NA,10.47,NA,559.6,NA,32155.919999999998,1159.6199999999999,173.81,NA,12.38,-273.69,19.100000000000001,1091.22,NA,1091.22,33247.14,NA,NA,NA,NA,NA,NA,NA,NA,NA,NA,NA,NA,NA,NA,NA,NA,NA,NA,NA,NA,NA
贵阳银行,2008,8923.42,707.98,NA,NA,966.89,NA,NA,175.38,20233.990000000002,3117.46,3443.22,13.61,121.59,408.23,1.25,390.9,25.46,342.69,38872.089999999997,44.62,NA,50,NA,NA,36363.29,113.59,176.01,203.19,NA,32.880000000000003,NA,267.64,NA,37251.22,1159.6199999999999,240.17,NA,33.25,168.74,19.100000000000001,1620.87,NA,1620.87,38872.089999999997,NA,NA,NA,NA,NA,NA,NA,NA,NA,NA,NA,NA,NA,NA,NA,NA,NA,NA,NA,NA,NA
贵阳银行,2009,8820.89,1057.3599999999999,NA,2.96,1805.83,NA,3530,182.46,24277.69,5372.93,3087.85,13.62,208.78,388.78,5.8,298.52,37.47,368.32,49459.27,18.73,NA,50,NA,305.31,45946.65,85.41,30.18,215.01,NA,0.3,NA,124.19,NA,46775.77,1466.62,655.73,NA,74.209999999999994,368.83,118.1,2683.5,NA,2683.5,49459.27,NA,NA,NA,NA,NA,NA,NA,NA,NA,NA,NA,NA,NA,NA,NA,NA,NA,NA,NA,NA,NA
贵阳银行,2010,12602.14,3102.44,NA,NA,2705.16,NA,3080,222.31,29976.32,7699.21,2571.52,13.4,263.41000000000003,435.77,14.34,411.47,40.81,305.95999999999998,63444.25,10.11,NA,100,NA,650,57722.53,134.36000000000001,34.31,295.27999999999997,592.80999999999995,NA,NA,171.25,NA,59710.65,1663.29,810.72,NA,154.37,745.32,359.9,3733.61,NA,3733.61,63444.25,NA,NA,NA,NA,NA,NA,NA,NA,NA,NA,NA,NA,NA,NA,NA,NA,NA,NA,NA,NA,NA
贵阳银行,2011,17436.32,8455.4699999999993,NA,NA,4276.22,NA,1455.6,261.20999999999998,36505.730000000003,9875.11,2172.96,13.4,470,460.77,15.84,377.27,37.94,252.63,82066.460000000006,320.64999999999998,NA,50,NA,2390,71524.23,293.3,41.48,448.19,594.62,12.16,NA,1052.6099999999999,NA,76727.23,1798.59,1228.24,NA,270.5,1629.31,366.39,5293.04,46.19,5339.23,82066.460000000006,NA,NA,NA,NA,NA,NA,NA,NA,NA,NA,NA,NA,NA,NA,NA,NA,NA,NA,NA,NA,NA
贵阳银行,2012,21792.31,11633.24,NA,NA,3594.4,NA,2965,475.35,45384.66,10161.68,7037.11,NA,869,640.25,15.86,381.15,33.51,735.86,105719.38,528,NA,2827.43,NA,3384.92,88241.02,442.27,50.24,790.68,1790.1,7.61,NA,979.34,NA,99041.63,1798.59,1246.22,-53.46,427.94,2741.56,475.57,6636.43,41.32,6677.75,105719.38,NA,NA,NA,NA,NA,NA,NA,NA,NA,NA,NA,NA,NA,NA,NA,NA,NA,NA,NA,NA,NA
贵阳银行,2013,21601.35,10722.23,NA,NA,3692.84,NA,550,611.30999999999995,55285.23,9931.93,12347.8,NA,5317,958,50.99,555.44000000000005,NA,925,122549.12,533.77,100,NA,NA,595.28,109639.65,415.32,22.21,967.35,1792.65,NA,NA,524.83000000000004,NA,114591.08,1798.59,1246.22,-384,607.80999999999995,3666.6,976.6,7911.83,46.21,7958.04,122549.12,NA,NA,NA,NA,NA,NA,NA,NA,NA,NA,NA,NA,NA,NA,NA,NA,NA,NA,NA,NA,NA
贵阳银行,2014,26137.67,11406.99,NA,NA,2956.65,NA,2138.6,873.12,67785.69,11935.88,19008.560000000001,NA,10438.6,1304.79,50.09,544.08000000000004,NA,1518.8,156099.53,6988.75,200,NA,NA,2583.35,130451.82,488.49,41.17,1456.46,2786.64,11.26,10.5,369.88,NA,145388.32,1798.59,1246.22,33.770000000000003,850.17,5454.93,1165.82,10549.5,161.71,10711.21,156099.53,NA,NA,NA,NA,NA,NA,NA,NA,NA,NA,NA,NA,NA,NA,NA,NA,NA,NA,NA,NA,NA
贵阳银行,2015,29490.959999999999,4218.8900000000003,NA,100,1072.74,NA,6020,1130.27,80213.87,48976.43,37108.46,NA,25514.35,1304.3399999999999,49.19,807.31,NA,2189.75,238196.55,8742.16,230,NA,NA,1960,180987.01,476.46,149.54,1787.63,28078.85,144.93,NA,1506.08,NA,224062.67,1798.59,1246.22,432.35,1170.47,7843.82,1462.61,13954.06,179.82,14133.88,238196.55,NA,NA,NA,NA,NA,NA,NA,NA,NA,NA,NA,NA,NA,NA,NA,NA,NA,NA,NA,NA,NA
赣州银行,2006,725.78,30,NA,NA,NA,NA,NA,NA,NA,NA,NA,NA,NA,141.85,427.96,NA,NA,NA,5201.8500000000004,NA,NA,NA,NA,NA,NA,NA,7.91,NA,NA,NA,NA,NA,NA,4870.45,330.83,0.01,NA,1.04,-0.48,NA,331.4,NA,331.4,5201.8500000000004,NA,NA,NA,NA,NA,NA,NA,NA,NA,NA,NA,NA,NA,NA,NA,NA,NA,NA,NA,NA,NA
赣州银行,2007,1401.83,NA,NA,NA,NA,NA,NA,NA,NA,NA,NA,NA,NA,145.29,432.58,NA,NA,NA,7091.48,NA,NA,NA,NA,NA,NA,NA,19.14,NA,NA,NA,NA,NA,NA,6584.6,429.33,19.71,NA,12.37,45.47,NA,506.88,NA,506.88,7091.48,NA,NA,NA,NA,NA,NA,NA,NA,NA,NA,NA,NA,NA,NA,NA,NA,NA,NA,NA,NA,NA
赣州银行,2008,2734.03,NA,NA,15.3,NA,NA,NA,19.8,5631.16,NA,980.26,14.6,NA,42.07,0.03,8.8000000000000007,49.91,571.64,10067.59,315.56,NA,NA,NA,NA,8790.2199999999993,7.06,4.8899999999999997,99.6,NA,NA,NA,125.25,NA,9342.58,513.27,85.34,NA,35.15,76.819999999999993,14.44,725.01,NA,725.01,10067.59,NA,NA,NA,NA,NA,NA,NA,NA,NA,NA,NA,NA,NA,NA,NA,NA,NA,NA,NA,NA,NA
赣州银行,2009,3281.21,78.92,NA,15.3,NA,NA,1320,23.9,8437.7999999999993,NA,1774.73,7.5,NA,69.38,42.21,9.7100000000000009,48.4,634.63,15743.7,NA,NA,NA,NA,NA,14292.33,3.39,35.119999999999997,80.540000000000006,NA,NA,NA,131.38999999999999,NA,14542.78,654.4,268.8,NA,71.25,157.19,36.17,1187.82,13.1,1200.92,15743.7,NA,NA,NA,NA,NA,NA,NA,NA,NA,NA,NA,NA,NA,NA,NA,NA,NA,NA,NA,NA,NA
赣州银行,2010,5078.01,1329.26,NA,NA,NA,NA,6277.24,105.85,10507.27,NA,7860.06,7.5,750.15,232.34,42.75,17.93,46.88,666.23,32921.47,300,NA,NA,NA,2485.6999999999998,26956.43,6.24,70.94,119.67,NA,NA,NA,388.45,NA,30327.43,1226.3800000000001,788.52,NA,146.33000000000001,298.45999999999998,119.2,2578.89,15.15,2594.04,32921.47,NA,NA,NA,NA,NA,NA,NA,NA,NA,NA,NA,NA,NA,NA,NA,NA,NA,NA,NA,NA,NA
赣州银行,2011,8667.48,5582.77,NA,NA,NA,NA,4294.5200000000004,171.93,12710.17,NA,8889.48,7.5,5481.13,364.58,43,31.28,45.37,1877.04,48166.239999999998,300.81,NA,NA,NA,4019.3,38224.86,21.22,155.25,207.31,500,NA,NA,1622.44,NA,45051.199999999997,1226.3800000000001,788.52,NA,273.54000000000002,681.67,126.89,3097,18.04,3115.04,48166.239999999998,NA,NA,NA,NA,NA,NA,NA,NA,NA,NA,NA,NA,NA,NA,NA,NA,NA,NA,NA,NA,NA
赣州银行,2012,13018.64,8712.94,NA,NA,NA,NA,3620,221.74,15271.1,NA,8294.01,7.5,11512.89,552.64,65.97,74.59,43.9,2855.78,64251.7,2463.42,18,NA,NA,5375.4,49702.1,32.44,102.77,286.02,500,NA,NA,1963.22,NA,60443.38,1226.3800000000001,786.33,NA,440.88,859.78,445.21,3758.58,49.74,3808.32,64251.7,NA,NA,NA,NA,NA,NA,NA,NA,NA,NA,NA,NA,NA,NA,NA,NA,NA,NA,NA,NA,NA
赣州银行,2013,12367.89,2063.35,NA,NA,1562.31,NA,7164.86,227.51,18096.3,136.78,7212.94,7.5,14393.85,788.73,69.36,147.25,NA,3333.72,67572.36,NA,48,213.39,NA,4956.88,54074.9,52.96,201.23,511.66,500,NA,NA,2453.87,NA,63012.88,1226.3800000000001,776.43,NA,624.73,1166.3399999999999,705.09,4498.96,60.52,4559.4799999999996,67572.36,NA,NA,NA,NA,NA,NA,NA,NA,NA,NA,NA,NA,NA,NA,NA,NA,NA,NA,NA,NA,NA
赣州银行,2014,12909.51,705.32,NA,NA,283.43,NA,2939.05,331.78,25377.55,3387,6935.74,NA,14023.37,1224.22,108.1,219.72,NA,4873.62,73318.41,389.13,448,338.38,NA,5002.97,56075.15,93.87,150.86000000000001,649.29999999999995,500,13.46,NA,4292.3999999999996,NA,67953.5,1226.3800000000001,786.33,40.369999999999997,806.58,1565.22,867.02,5291.91,73,5364.9,73318.41,NA,NA,NA,NA,NA,NA,NA,NA,NA,NA,NA,NA,NA,NA,NA,NA,NA,NA,NA,NA,NA
赣州银行,2015,11902.73,311.73,NA,NA,1764.97,NA,1747.29,373.74,31085.61,5219.7700000000004,6933.37,NA,17854.72,1086.3900000000001,116.04,262.12,242.27,11014.24,89914.99,3232.16,848,45.76,NA,5219.41,61663.97,101.02,172.25,757.07,1337.68,40.75,NA,10456.66,NA,83874.73,1226.3800000000001,786.33,87.06,965.71,1812.07,1082.6199999999999,5960.17,80.09,6040.26,89914.99,NA,NA,NA,NA,NA,NA,NA,NA,NA,NA,NA,NA,NA,NA,NA,NA,NA,NA,NA,NA,NA
辽阳银行,2008,3869.44,1800,NA,NA,NA,NA,NA,4.4800000000000004,11052.93,NA,1449.82,8,NA,343.11,6.49,128.21,13.82,24.38,18840.98,18.38,NA,NA,NA,NA,17353.12,0.81,56.38,180.59,NA,NA,NA,86.28,40.909999999999997,17736.46,803.01,0.7,NA,56.86,243.95,NA,1104.51,NA,1104.51,18840.98,140.29,NA,NA,NA,NA,NA,NA,NA,NA,NA,NA,NA,NA,NA,NA,NA,NA,NA,NA,NA,NA
辽阳银行,2009,6349.12,152.34,NA,NA,NA,NA,NA,9.1199999999999992,15249.56,NA,2705.25,8,NA,356.14,11.43,153.79,23.71,11.5,25261.39,0.01,NA,NA,NA,NA,22816.5,0.33,57.41,138.5,NA,NA,NA,46.59,33.75,23093.09,1619.01,0.7,NA,59.15,362.94,126.5,2168.3000000000002,NA,2168.3000000000002,25261.39,231.45,NA,NA,NA,NA,NA,NA,NA,NA,NA,NA,NA,NA,NA,NA,NA,NA,NA,NA,NA,NA
辽阳银行,2010,8980.0400000000009,267.12,NA,NA,NA,NA,NA,36.33,18636.07,NA,3044,56.05,NA,563.41,8.66,166.29,NA,46.85,32748.41,30.68,NA,NA,NA,NA,29657.33,0.96,70.45,177.87,NA,NA,NA,95.33,79.63,30112.26,1729.01,99.7,NA,296.08999999999997,274.85000000000002,236.5,2636.15,NA,2636.15,32748.41,943.59,NA,NA,NA,NA,NA,NA,NA,NA,NA,NA,NA,NA,NA,NA,NA,NA,NA,NA,NA,NA
辽阳银行,2011,11581.57,1130.33,NA,NA,NA,NA,NA,57.25,22735.61,NA,7404.31,8,NA,607.61,12.64,136.15,NA,220.83,44882.89,102.92,NA,NA,NA,NA,39861.919999999998,5.82,124.41,244.95,595.79999999999995,NA,NA,211.06,46.3,41193.17,2019.01,389.7,NA,497.85,334.16,326.5,3567.21,122.51,3689.72,44882.89,988.59,NA,NA,NA,NA,NA,NA,NA,NA,NA,NA,NA,NA,NA,NA,NA,NA,NA,NA,NA,NA
辽阳银行,2012,19992.189999999999,1181.73,NA,NA,NA,NA,NA,117.05,27733.24,NA,3645.28,8,5679.21,1396.11,14.55,148.44999999999999,NA,584.12,60499.92,257.68,NA,NA,NA,NA,54084.66,75.790000000000006,133,457.27,600,NA,NA,321.05,NA,55929.46,2239.0100000000002,609.70000000000005,NA,615.99,411.74,552.02,4428.46,142.01,4570.47,60499.92,NA,NA,NA,NA,NA,NA,NA,NA,NA,NA,NA,NA,NA,NA,NA,NA,NA,NA,NA,NA,NA
辽阳银行,2013,15857.27,5648.14,NA,NA,NA,NA,1795.8,176.61,31710.46,NA,3068.22,8,11806.28,1509.12,15.64,160.26,NA,2675.99,74431.78,288.85000000000002,NA,NA,NA,NA,64065.71,81.88,115.07,755.94,600,NA,NA,2579.8000000000002,NA,68487.259999999995,2639.01,1039.7,NA,768.29,505.41,832.02,5784.44,160.09,5944.52,74431.78,NA,NA,NA,NA,NA,NA,NA,NA,NA,NA,NA,NA,NA,NA,NA,NA,NA,NA,NA,NA,NA
辽阳银行,2014,13955.37,5568.25,NA,NA,2185.7800000000002,NA,2280,345.15,36827.120000000003,NA,2693.14,8,12378.43,1203.06,14.43,238.55,NA,3883.85,81581.14,680.89,500,3.88,NA,794,67020.210000000006,62.96,210.97,926.63,1096.3599999999999,NA,NA,3772.5,NA,75068.41,2639.01,1039.7,NA,931.32,581.62,1141.24,6332.88,179.85,6512.73,81581.14,NA,NA,NA,NA,NA,NA,NA,NA,NA,NA,NA,NA,NA,NA,NA,NA,NA,NA,NA,NA,NA
辽阳银行,2015,12413.98,1546.65,NA,1100,5410.8,NA,1500,302.35000000000002,40278.25,NA,3535.38,8,22238.07,877.05,22.2,342,NA,3004.74,92579.46,6539.93,500,4.96,NA,2446,70254.3,60.16,192.15,1036.54,1596.73,28.78,NA,2920.88,NA,85580.43,2639.01,1039.7,NA,1090.49,587.9,1454.72,6811.82,187.21,6999.03,92579.46,NA,NA,NA,NA,NA,NA,NA,NA,NA,NA,NA,NA,NA,NA,NA,NA,NA,NA,NA,NA,NA
邯郸银行,2008,2893.7,588.28,NA,16.54,NA,NA,NA,1.39,4518.59,NA,366.76,NA,NA,60.72,NA,NA,NA,309.33,8755.32,6.24,NA,0.5,NA,NA,8140.88,8.08,17.86,30.01,NA,NA,NA,141.13,NA,8344.7099999999991,213.12,NA,NA,56.5,56.66,84.32,410.61,NA,410.61,8755.32,NA,NA,NA,NA,NA,0,NA,0,NA,NA,NA,NA,NA,NA,NA,NA,NA,NA,NA,NA,NA
邯郸银行,2009,2559.44,1929.37,NA,16.54,NA,NA,864.85,16.79,7443.02,NA,466.81,NA,NA,82.08,NA,NA,NA,233.81,13612.71,8.6199999999999992,NA,200.5,NA,59.8,12354.02,19.54,12.21,43.73,NA,NA,NA,120.75,NA,12819.17,494.43,NA,NA,83.48,60.09,155.53,793.54,NA,793.54,13612.71,NA,NA,NA,NA,NA,NA,NA,NA,NA,NA,NA,NA,NA,NA,NA,NA,NA,NA,NA,NA,NA
邯郸银行,2010,3717.06,761.34,NA,16.54,NA,NA,9715.07,68.02,9087.1200000000008,NA,1340.23,NA,NA,104.87,2.1,NA,NA,502.75,25315.1,2121.17,500,0.5,NA,2287.9899999999998,18484.59,38.93,18.89,75.819999999999993,NA,NA,NA,741.16,NA,24269.05,494.43,NA,NA,111.97,284.12,155.53,1046.05,NA,1046.05,25315.1,NA,NA,NA,NA,NA,NA,NA,NA,NA,NA,NA,NA,NA,NA,NA,NA,NA,NA,NA,NA,NA
邯郸银行,2011,6114.34,3090.91,NA,386.9,NA,NA,4371.24,96.63,11055.84,965.55,4839.8100000000004,21,NA,108.87,5.23,NA,NA,632.69000000000005,31689.01,1273.8699999999999,500,0.5,NA,1200,25958.65,72.680000000000007,71.89,131.91,NA,NA,NA,341.9,NA,29551.4,1142.4100000000001,270.29000000000002,NA,159.35,399.59,165.96,2137.61,NA,2137.61,31689.01,NA,NA,NA,NA,NA,NA,NA,NA,NA,NA,NA,NA,NA,NA,NA,NA,NA,NA,NA,NA,NA
邯郸银行,2012,8350.34,12739.4,NA,16.54,1020.5,NA,3011.07,182.04,14672.55,529.19000000000005,9450.4699999999993,NA,NA,168.97,5.79,NA,NA,780.75,50927.61,3123.78,NA,420.5,NA,8685.77,35318.120000000003,70.17,45.16,318.08,NA,NA,NA,234.5,NA,48216.08,1142.4100000000001,239.7,NA,224.6,713.84,364.34,2684.89,26.64,2711.53,50927.61,NA,NA,NA,NA,NA,NA,NA,NA,NA,NA,NA,NA,NA,NA,NA,NA,NA,NA,NA,NA,NA
邯郸银行,2013,10840.38,9068.8799999999992,NA,326.29000000000002,733.49,NA,11319.59,346.4,18060.419999999998,565.88,20040.05,NA,NA,188.9,19.71,NA,NA,982.28,72492.27,6491.54,8.5,499.3,NA,15223.16,45079.34,75.05,52.65,551.83000000000004,NA,NA,NA,252.51,NA,68233.87,2376.2199999999998,625.47,NA,304.08,443.08,483.31,4232.16,26.24,4258.3999999999996,72492.27,NA,NA,NA,NA,NA,NA,NA,NA,NA,NA,NA,NA,NA,NA,NA,NA,NA,NA,NA,NA,NA
邯郸银行,2014,13578.5,12689.21,NA,200,637.32000000000005,NA,2646.6,274.27999999999997,23663.09,5627.22,19675.669999999998,NA,NA,177.57,20.6,127.08,NA,2555.35,81872.47,2233.39,730,590.5,NA,10401.030000000001,59724.66,141.33000000000001,115.05,823.5,493.19,6.32,NA,1625.3,NA,76884.28,2376.2199999999998,626.67999999999995,18.96,411.3,823.52,703.57,4960.25,27.94,4988.1899999999996,81872.47,NA,NA,NA,NA,NA,NA,NA,NA,NA,NA,NA,NA,NA,NA,NA,NA,NA,NA,NA,NA,NA
郑州银行,2006,3390.08,361.26,NA,654.16,297.27,NA,50,22.16,11178.21,NA,2318.88,9.35,NA,233.4,17.3,NA,NA,6190.32,24722.38,779.58,1772.84,208,NA,600,19980.68,7.56,41.37,35.799999999999997,NA,NA,NA,353.11,NA,23778.94,763.93,54.37,NA,102.49,22.64,NA,943.44,NA,943.44,24722.38,NA,NA,NA,NA,NA,NA,NA,NA,NA,NA,NA,NA,NA,NA,NA,NA,NA,NA,NA,NA,NA
郑州银行,2007,5532.57,59.13,NA,654.16,622.9,NA,NA,20.79,13286.92,304.56,3172.52,9.35,NA,288.82,16.91,NA,NA,6415.02,30383.62,208.24,1472.84,11,NA,2072.36,24391.56,4.1399999999999997,39.4,52.37,NA,NA,NA,871.04,NA,29122.95,963.93,54.37,NA,115.93,56.43,70,1260.67,NA,1260.67,30383.62,NA,NA,NA,NA,NA,NA,NA,NA,NA,NA,NA,NA,NA,NA,NA,NA,NA,NA,NA,NA,NA
郑州银行,2008,6225.32,5,NA,250.44,1969.58,NA,189.8,106.06,15750.27,852.85,3337.91,9.35,NA,312.73,20.64,NA,NA,4963.1000000000004,33993.06,1279.3599999999999,1172.8399999999999,11,NA,1600,27171.42,6.69,12.03,88.23,NA,NA,NA,800.56,NA,32142.13,1433.93,54.37,NA,134.96,227.67,NA,1850.93,NA,1850.93,33993.06,NA,NA,NA,NA,NA,NA,NA,NA,NA,NA,NA,NA,NA,NA,NA,NA,NA,NA,NA,NA,NA
郑州银行,2009,6843.31,313.42,NA,NA,4169.08,NA,NA,133.63,19635.62,1085.1600000000001,4703.5200000000004,18.399999999999999,NA,417.63,20.14,NA,NA,5086.8,42426.7,1032.17,870,11,NA,2000,34939.550000000003,6.19,59.54,96.97,690,NA,NA,647.70000000000005,NA,40353.120000000003,1433.93,54.37,NA,157.22999999999999,308.06,120,2073.59,NA,2073.59,42426.7,NA,NA,NA,NA,NA,NA,NA,NA,NA,NA,NA,NA,NA,NA,NA,NA,NA,NA,NA,NA,NA
郑州银行,2010,10119.64,33.39,NA,NA,6071.7,NA,1031.93,177.74,26218.67,1404.47,6408.27,38.4,NA,704.69,19.64,70.27,NA,5427.92,57726.73,1160.1600000000001,568.57000000000005,NA,NA,6561.75,44628.800000000003,9.4499999999999993,68.55,143,690,2.67,48.33,1072.25,NA,54953.52,1433.93,65.72,NA,221.16,655.97,396.42,2773.2,NA,2773.2,57726.73,NA,NA,NA,NA,NA,NA,NA,NA,NA,NA,NA,NA,NA,NA,NA,NA,NA,NA,NA,NA,NA
郑州银行,2011,12375.95,52.22,NA,NA,4149.88,NA,NA,223.09,36717.480000000003,1799.75,14226.45,66.400000000000006,NA,739.77,19,98.6,NA,2016.88,72485.47,1611.23,770,NA,NA,5795,54976.43,2.33,99.45,200.4,690,14.23,48.33,1996.32,NA,66203.73,3941.93,123.94,NA,315.39999999999998,1347.28,553.20000000000005,6281.75,NA,6281.75,72485.47,NA,NA,NA,NA,NA,NA,NA,NA,NA,NA,NA,NA,NA,NA,NA,0,NA,NA,NA,NA,NA
郑州银行,2012,18435.84,2084.5100000000002,NA,NA,6704.53,NA,2181.3200000000002,416.31,49153.25,2906.08,7097.53,91.5,13173.3,738.53,43.62,166.6,NA,541.1,103734.01,7927.81,NA,200,NA,11328.31,74654.47,191.22,138.36000000000001,607.95000000000005,690,NA,10.65,313.89999999999998,NA,96062.66,3941.93,114.61,NA,465.59,2116.02,1033.2,7671.35,NA,7671.35,103734.01,NA,NA,NA,NA,NA,NA,NA,NA,NA,NA,NA,NA,NA,NA,NA,NA,NA,NA,NA,NA,NA
郑州银行,2013,22980.12,6196.05,NA,886,7990.37,NA,7267.35,711.94,61535.98,588.08000000000004,16730.400000000001,127.56,22411.5,926.06,54.85,251.32,NA,676.68,149334.28,14212.74,175.01,2000,NA,13490.14,102096.8,213.78,302.66000000000003,1239.6300000000001,5690,NA,5,372.06,NA,139797.82,3941.93,77.87,NA,655.78,3237.68,1623.2,9536.4699999999993,NA,9536.4699999999993,149334.28,NA,NA,NA,NA,NA,NA,NA,NA,NA,NA,NA,NA,NA,NA,NA,NA,NA,NA,NA,NA,NA
郑州银行,2014,33854.83,1835.24,NA,NA,10967.37,NA,6575.52,962.48,76226.19,3965.18,22064.639999999999,146.11000000000001,45502.36,1158.57,85.22,338.18,NA,607.32000000000005,204289.21,32187.31,NA,1003.1,NA,15782.6,132561.38,294.88,260.07,1834.07,8503.83,NA,3.88,452.51,NA,192883.63,3941.93,100.33,-25.14,902.09,4173.17,2313.1999999999998,11405.58,NA,11405.58,204289.21,NA,NA,NA,NA,NA,NA,NA,NA,NA,NA,NA,NA,NA,NA,NA,NA,NA,NA,NA,NA,NA
郑州银行,2015,33008.31,7679.08,NA,5519.56,13001.52,NA,9716.31,NA,91604.44,11206.01,23901.91,NA,65105.66,1604.56,NA,589.14,NA,2490.9699999999998,265623.09000000003,21453.18,NA,5820.24,NA,19602.599999999999,169195.47,NA,505.82,NA,27039.07,NA,NA,4182.7,NA,247799.07,5141.93,2662.56,NA,1237.79,5634.28,3163.2,17794.84,29.18,17824.02,265623.09000000003,195.63,NA,NA,NA,NA,NA,NA,NA,NA,NA,NA,NA,-44.93,NA,NA,NA,NA,NA,NA,NA,NA
鄂尔多斯银行,2004,300.38,188.01,NA,NA,NA,NA,NA,0.83,NA,NA,NA,NA,NA,NA,0.84,NA,NA,0.24,1326.26,0,30,NA,NA,NA,NA,NA,3.37,3.43,NA,NA,NA,NA,NA,1306.9000000000001,10.1,0.03,NA,3.15,6.08,NA,19.36,NA,19.36,1326.26,NA,NA,NA,NA,NA,NA,NA,NA,NA,NA,NA,NA,NA,NA,NA,NA,NA,NA,NA,NA,NA
鄂尔多斯银行,2005,738.47,319.10000000000002,NA,NA,NA,NA,NA,NA,NA,NA,NA,NA,NA,NA,1.01,NA,NA,0.02,1692.13,0,NA,NA,NA,NA,NA,NA,5.1100000000000003,4.12,NA,NA,NA,NA,NA,1659.01,10.1,0.02,NA,4.3600000000000003,18.64,NA,33.11,NA,33.11,1692.13,NA,NA,NA,NA,NA,NA,NA,NA,NA,NA,NA,NA,NA,NA,NA,NA,NA,NA,NA,NA,NA
鄂尔多斯银行,2006,550.95000000000005,631.86,NA,NA,NA,NA,NA,0.45,NA,NA,NA,NA,NA,10.84,0.93,NA,NA,NA,2559.9499999999998,0,50,NA,NA,NA,NA,NA,3.67,6.54,NA,NA,NA,NA,NA,2385.4299999999998,131.49,0.02,NA,7.55,21.83,13.63,174.52,NA,174.52,2559.9499999999998,NA,NA,NA,NA,NA,NA,NA,NA,NA,NA,NA,NA,NA,NA,NA,NA,NA,NA,NA,NA,NA
鄂尔多斯银行,2007,1753.41,584.29,NA,NA,NA,NA,NA,0.02,NA,NA,NA,NA,NA,54.21,2.99,NA,NA,NA,5122.47,0,NA,NA,NA,NA,NA,NA,17.34,9.18,NA,NA,NA,NA,NA,4725.03,310.10000000000002,4.6100000000000003,NA,15.73,45.74,21.26,397.43,NA,397.43,5122.47,NA,NA,NA,NA,NA,NA,NA,NA,NA,NA,NA,NA,NA,NA,NA,NA,NA,NA,NA,NA,NA
鄂尔多斯银行,2008,5146.09,1269.23,NA,NA,NA,NA,NA,0.11,4632.3100000000004,NA,NA,NA,NA,80.430000000000007,5.29,NA,0.13,16.02,11149.61,0,NA,NA,NA,NA,10475.66,33.36,22.53,20.07,NA,NA,NA,24.48,NA,10576.1,310.10000000000002,4.6100000000000003,NA,35.340000000000003,176.51,46.95,573.51,NA,573.51,11149.61,NA,NA,NA,NA,NA,NA,NA,NA,NA,NA,NA,NA,NA,NA,NA,NA,NA,NA,NA,NA,NA
鄂尔多斯银行,2009,9865.83,6681.1,NA,NA,NA,NA,NA,2.74,7331.77,NA,NA,NA,NA,210.02,10.210000000000001,NA,0.12,14.36,24116.15,650,NA,NA,NA,NA,21924.65,63.18,60.07,40.98,NA,NA,NA,91.91,NA,22830.799999999999,610.1,292.61,NA,60.39,246.67,75.599999999999994,1285.3599999999999,NA,1285.3599999999999,24116.15,NA,NA,NA,NA,NA,NA,NA,NA,NA,NA,NA,NA,NA,NA,NA,NA,NA,NA,NA,NA,NA
鄂尔多斯银行,2010,5506.03,3730.96,NA,NA,NA,NA,7350.92,0.5,9205.16,NA,NA,111.5,NA,256.45999999999998,23.45,NA,0.36,1267,27452.34,600.54,NA,NA,NA,NA,24772.68,110.83,17.989999999999998,57.89,NA,NA,NA,112.22,NA,25672.15,610.1,292.61,NA,110.41,548.01,219.05,1780.19,NA,1780.19,27452.34,NA,NA,NA,NA,NA,NA,NA,NA,NA,NA,NA,NA,NA,NA,NA,NA,NA,NA,NA,NA,NA
鄂尔多斯银行,2011,6942.12,6734.13,NA,NA,NA,NA,1508.3,4.09,12610.93,NA,483.15,126,2846.36,632.73,36.58,NA,0.34,20.54,31945.27,526.77,25,NA,NA,1100.98,27296.53,223.94,51.84,74.37,NA,NA,NA,284.55,NA,29583.99,610.1,292.61,NA,170.07,918.94,294.89999999999998,2286.63,74.66,2361.29,31945.27,NA,NA,NA,NA,NA,NA,NA,NA,NA,NA,NA,NA,NA,NA,NA,NA,NA,NA,NA,NA,NA
鄂尔多斯银行,2012,8576.7099999999991,3228.34,NA,4.72,NA,NA,2330.2600000000002,14.31,13080.66,NA,795,35,7870.5,1136.19,44.78,NA,2.99,33.29,37152.74,3764.7,225,40,NA,476.45,28578.33,167.14,96.78,97.26,NA,NA,NA,249.31,NA,33694.959999999999,610.1,292.61,NA,255.4,1472.24,481.66,3112.01,345.77,3457.78,37152.74,NA,NA,NA,NA,NA,NA,NA,NA,NA,NA,NA,NA,NA,NA,NA,NA,NA,NA,NA,NA,NA
鄂尔多斯银行,2013,7878.93,6936.31,NA,NA,NA,NA,2621.65,78.05,12324.31,NA,1043.81,NA,9830.7000000000007,1461.25,51.5,NA,NA,73.88,42300.37,4382.43,1101.6500000000001,100,NA,1163.6300000000001,30675.72,215.91,61.68,155.96,NA,NA,NA,179.9,NA,38036.870000000003,610.1,292.61,NA,318.87,2041.17,531.27,3794.02,469.48,4263.5,42300.37,NA,NA,NA,NA,NA,NA,NA,NA,NA,NA,NA,NA,NA,NA,NA,NA,NA,NA,NA,NA,NA
鄂尔多斯银行,2014,9187.5400000000009,3787.11,NA,100,NA,NA,2149.65,224.15,16557.13,NA,1908.08,NA,13118.06,1494.84,54.22,NA,NA,715.84,49296.62,7664.73,560,50,NA,400,32896.79,231.53,25.96,265.36,NA,NA,NA,304.82,NA,42399.199999999997,1610.1,1612.61,NA,346.86,2190.19,617.61,6377.37,520.05999999999995,6897.42,49296.62,NA,NA,NA,NA,NA,NA,NA,NA,NA,NA,NA,NA,NA,NA,NA,NA,NA,NA,NA,NA,NA
鄂尔多斯银行,2015,6946.53,3572.75,NA,NA,NA,NA,2871,297.56,19683.8,NA,3579.38,NA,20885.07,1530.72,59.28,NA,NA,1962.98,61389.07,11032.57,259,345,NA,2852.97,38805.33,198.51,119.14,436.86,NA,NA,NA,348.22,NA,54397.59,1610.1,1612.61,NA,362.35,2189.48,676.5,6451.03,540.45000000000005,6991.49,61389.07,NA,NA,NA,NA,NA,NA,NA,NA,NA,NA,NA,NA,NA,NA,NA,NA,NA,NA,NA,NA,NA
重庆三峡银行,2008,4088.12,4056.81,NA,NA,NA,NA,504.24,13.85,3739.62,NA,170.08,0.65,6208.5,92.53,10.57,3.85,NA,45.43,18934.240000000002,1812.73,NA,NA,NA,NA,9398.58,23.52,73.17,37.64,NA,NA,NA,5331.17,NA,16676.8,2011.79,0.1,NA,24.55,172.01,48.99,2257.44,NA,2257.44,18934.240000000002,NA,NA,NA,NA,NA,NA,NA,NA,NA,NA,NA,NA,NA,NA,NA,NA,NA,NA,NA,NA,NA
重庆三峡银行,2009,2657.75,4344.8599999999997,NA,NA,684.87,NA,354.63,79.94,7941.65,20,809.91,0.65,9530,90.37,15.36,6.43,NA,32.840000000000003,26569.27,1924.12,NA,NA,NA,NA,15772.26,26.09,66.86,41.47,NA,NA,NA,6289.67,NA,24120.47,2011.79,0.1,NA,51.74,155.63,229.55,2448.8000000000002,NA,2448.8000000000002,26569.27,NA,NA,NA,NA,NA,NA,NA,NA,NA,NA,NA,NA,NA,NA,NA,NA,NA,NA,NA,NA,NA
重庆三峡银行,2010,5389.4,477.76,NA,NA,595.08000000000004,NA,20801.560000000001,111.83,10036.209999999999,57.14,2902.25,0.65,4960,96.31,17.97,1.65,NA,107.43,45555.24,4506.46,887.85,NA,NA,13201.02,20448.38,40.619999999999997,49.16,83.25,NA,NA,NA,3606.52,NA,42823.26,2011.79,0.03,NA,88.11,234.75,397.3,2731.98,NA,2731.98,45555.24,NA,NA,NA,NA,NA,NA,NA,NA,NA,NA,NA,NA,NA,NA,NA,NA,NA,NA,NA,NA,NA
重庆三峡银行,2011,7464.93,2188.77,NA,NA,576.16,NA,24367.51,153.19999999999999,13620.53,827.47,2930.81,0.65,7823.89,210.57,72.819999999999993,20.190000000000001,NA,164.28,60421.77,3284.73,1090.46,NA,NA,21060.79,31387.35,97.24,72.849999999999994,107.82,NA,0.43,NA,153.21,NA,57254.87,2011.79,1.39,NA,141.44,498.73,513.54,3166.9,NA,3166.9,60421.77,NA,NA,NA,NA,NA,NA,NA,NA,NA,NA,NA,NA,NA,NA,NA,NA,NA,NA,NA,NA,NA
重庆三峡银行,2012,11271.49,540.75,NA,1645,598.30999999999995,NA,16596.5,271.18,17481.22,1823.77,3711.22,0.65,11341.09,297.95999999999998,76.72,18.350000000000001,NA,186.4,65860.600000000006,1959.35,1047.93,NA,NA,14631.52,43030.720000000001,53.89,82.83,189.75,900,12.25,NA,108.91,NA,62017.14,2011.79,24.8,NA,216.82,786.65,803.41,3843.47,NA,3843.47,65860.600000000006,NA,NA,NA,NA,NA,NA,NA,NA,NA,NA,NA,NA,NA,NA,NA,NA,NA,NA,NA,NA,NA
重庆三峡银行,2013,11909.57,4301.2700000000004,NA,1894.88,548.75,NA,10982.04,379.08,21739.84,3243.71,4534.17,0.25,16418.32,326.60000000000002,84.68,71.8,NA,320.81,76755.759999999995,4070.08,1050,187.38,NA,8533.0499999999993,56512.85,3.3,104.05,261.18,900,0.09,NA,198.73,NA,71820.7,2353.8000000000002,-88.67,NA,317.20999999999998,1549.32,803.41,4935.05,NA,4935.05,76755.759999999995,NA,NA,NA,NA,NA,NA,NA,NA,NA,NA,NA,NA,NA,NA,NA,NA,NA,NA,NA,NA,NA
重庆三峡银行,2014,17819.43,2046.42,NA,500,418.51,NA,17700.7,495.82,26227.15,6680.58,4014.47,NA,24040.21,408.49,107.96,106.88,NA,324.95,100891.58,3104.15,743.52,52.01,NA,15138.14,67854.789999999994,1.34,246.7,525.48,3900,13.28,NA,3170.92,NA,94750.34,2353.8000000000002,3.24,26.93,449.48,2067.11,1240.69,6141.24,NA,6141.24,100891.58,NA,NA,NA,NA,NA,NA,NA,NA,NA,NA,NA,NA,NA,NA,NA,NA,NA,NA,NA,NA,NA
重庆三峡银行,2015,20895.27,5436.76,NA,2500,344.89,NA,16455.7,734.73,31602.74,11342.88,8124.69,NA,33827.01,430.19,99.03,146.61000000000001,NA,689.25,132629.74,8838.2900000000009,700,1107.1400000000001,NA,11955.82,90981.69,35.9,314.75,636.69000000000005,5284.79,71.819999999999993,NA,2812.69,NA,122739.58,3059.93,1500.26,191.66,615.83000000000004,2846.3,1676.19,9890.16,NA,9890.16,132629.74,NA,NA,NA,NA,NA,NA,NA,NA,NA,NA,NA,NA,NA,NA,NA,NA,NA,NA,NA,NA,NA
重庆银行,2005,2954.58,2757.76,NA,105,1120.6099999999999,NA,2432,72.3,14519.62,2029.47,2945.38,29.35,NA,466.5,2.86,195.11,7.28,519.63,30157.43,1027.82,NA,36.32,NA,4433.3,22700.97,46.67,59.14,51.71,NA,20.399999999999999,13.8,220.84,NA,28610.97,1607.73,12.24,NA,NA,-73.510000000000005,NA,1546.46,NA,1546.46,30157.43,NA,NA,NA,NA,NA,NA,NA,NA,NA,NA,NA,NA,NA,NA,NA,NA,NA,NA,NA,NA,NA
重庆银行,2006,3566.51,1085.55,NA,150,218.23,NA,1700.39,94.31,18517.88,1639.23,4797.91,28.2,NA,489.83,7.66,124.72,9.8800000000000008,117.96,32548.26,1035.08,NA,NA,NA,NA,28815.22,53.25,82.8,65.23,NA,22.52,70.8,230.58,NA,30375.48,2020.62,21.88,NA,27.47,102.82,NA,2172.7800000000002,NA,2172.7800000000002,32548.26,NA,NA,NA,NA,NA,NA,NA,NA,NA,NA,NA,NA,NA,NA,NA,NA,NA,NA,NA,NA,NA
重庆银行,2007,5991.77,4076.55,NA,NA,100.44,NA,1757.57,118.5,23269.46,1423.09,7021.26,187.16,NA,477.02,15.68,101.13,12.58,79.11,44631.32,2570.7800000000002,NA,8.5299999999999994,NA,3413.5,35331.040000000001,71.62,273.77999999999997,94.83,NA,5.63,NA,232.85,NA,42002.57,2020.62,4.7300000000000004,NA,83.13,492.77,27.5,2628.75,NA,2628.75,44631.32,NA,NA,NA,NA,NA,NA,NA,NA,NA,NA,NA,NA,NA,NA,NA,NA,NA,NA,NA,NA,NA
重庆银行,2008,7559.94,2716.33,NA,NA,570.51,NA,7365.18,150.44,28124.58,1982.1,6996.17,184.06,NA,481.75,16.239999999999998,149.36000000000001,11.01,134.01,56441.68,5064.7,NA,904.83,NA,3528.66,42243.78,152.68,210.98,242.15,NA,17.62,7.67,777.46,NA,53150.52,2020.62,12.13,NA,148.63,783.89,325.89999999999998,3291.16,NA,3291.16,56441.68,NA,NA,NA,NA,NA,0,NA,NA,NA,NA,NA,NA,NA,NA,NA,NA,NA,NA,NA,NA,NA
重庆银行,2009,11126.71,1392.73,NA,NA,170.59,NA,9818.16,241.87,41495.21,3848.39,8860.49,184.06,2700,496.33,203.47,123.45,7.19,197.72,80866.38,6070.27,NA,2100,NA,6709.25,59248.21,130.6,41.53,261.20999999999998,993.4,1.79,NA,1273.99,NA,76830.27,2020.62,-17.73,NA,236.21,1375.42,421.59,4036.11,NA,4036.11,80866.38,NA,NA,NA,NA,NA,NA,NA,NA,NA,NA,NA,NA,NA,NA,NA,NA,NA,NA,NA,NA,NA
重庆银行,2010,15065.42,1920.8,NA,530,414.71,NA,15584.24,274.19,51954.95,4895.18,9915.01,184.06,6087.07,543.9,204.08,158.65,9.35,497.76,108239.38,12673.73,487.1,1309.8699999999999,NA,12367.9,73856.47,107.54,121.95,330.94,993.97,0.54,NA,998.42,NA,103248.41,2020.62,-34.75,NA,344.52,2060.44,600.15,4990.97,NA,4990.97,108239.38,NA,NA,NA,NA,NA,NA,NA,NA,NA,NA,NA,NA,NA,NA,NA,NA,NA,NA,NA,NA,NA
重庆银行,2011,19339.86,5696.07,NA,3974.5,1615.2,NA,14669.16,324.02999999999997,62824.93,1414.09,9720.84,205.84,5768.8,785.42,210.52,166.53,9.6999999999999993,491.14,127216.65,10452.69,691.68,2627.5,NA,14673.7,89306.55,122.43,174.07,648.88,994.56,NA,NA,1137.02,NA,120829.08,2020.62,-0.28000000000000003,NA,490.83,3065.6,810.8,6387.57,NA,6387.57,127216.65,NA,NA,NA,NA,NA,NA,NA,NA,NA,NA,NA,NA,NA,NA,NA,NA,NA,NA,NA,NA,NA
重庆银行,2012,25243.33,2065.0300000000002,NA,167.3,2413.85,NA,16299.73,520.13,75256.87,3045.05,7656.07,207,21232.14,1015.69,218.72,176.7,9.2899999999999991,621.59,156148.49,13846.16,1496.86,25.14,NA,12290.99,114043.18,142.02000000000001,282.20999999999998,1068.07,1789.89,2.04,NA,2914.82,NA,147901.38,2020.62,-28.42,NA,689.7,4554.88,1010.33,8247.11,NA,8247.11,156148.49,NA,NA,NA,NA,NA,NA,NA,NA,NA,NA,NA,NA,NA,NA,NA,NA,NA,NA,NA,NA,NA
重庆银行,2013,32822.75,6390.68,NA,1911.38,2009.54,NA,23841.4,867.24,88637.82,4934.1099999999997,7473.24,47.22,35000.559999999998,2068.9699999999998,232.39,305.64999999999998,7.63,236.43,206787.01,22768.27,2458.2199999999998,1054.68,NA,7468.41,148801.04,175.96,286.61,1741.43,4777.7700000000004,NA,NA,3775.36,NA,193307.74,2705.23,2332.65,NA,922.49,5675.81,1843.08,13479.27,NA,13479.27,206787.01,NA,NA,NA,NA,NA,NA,NA,NA,NA,NA,NA,NA,NA,NA,NA,NA,NA,NA,NA,NA,NA
重庆银行,2014,35699.089999999997,2879.28,NA,2586.04,4798.21,NA,48944.14,1299.5899999999999,104114.76,10293.700000000001,7297.64,26.41,53388.38,2396.65,230.61,317.76,5.03,253.85,274531.15000000002,40696.769999999997,2918.1,3500,NA,34520.86,167932.44,315.18,379.53,2392.7800000000002,3785.08,NA,NA,2187.4,NA,258628.12,2705.23,2444.62,90.61,1205.21,6954.92,2502.4299999999998,15903.02,NA,15903.02,274531.15000000002,NA,NA,NA,NA,NA,NA,NA,NA,NA,NA,NA,NA,NA,NA,NA,NA,NA,NA,NA,NA,NA
重庆银行,2015,38201.370000000003,45856.56,NA,NA,2312.59,NA,NA,NA,121816.45,18970.97,13816.72,NA,73008.210000000006,2627.01,NA,505.92,NA,2662.98,319807.99,73235.55,NA,NA,NA,NA,199298.7,NA,271.99,NA,18490.740000000002,NA,NA,7218,NA,298514.99,3127.05,4680.6400000000003,NA,NA,8148,NA,21292.99,NA,21292.99,319807.99,29.21,NA,NA,NA,NA,NA,NA,NA,NA,NA,NA,NA,5337.3,NA,NA,NA,NA,NA,NA,NA,NA
锦州银行,2003,NA,NA,NA,NA,271.7,NA,NA,NA,NA,NA,NA,NA,NA,NA,NA,NA,NA,NA,10160.56,NA,NA,NA,NA,NA,NA,-2.2000000000000002,-0.94,NA,NA,NA,NA,NA,NA,9925.84,157.63,0.02,NA,15.64,61.44,NA,234.73,NA,234.73,10160.56,NA,NA,NA,NA,NA,9888.8700000000008,NA,9928.98,NA,NA,NA,NA,NA,NA,NA,NA,NA,NA,NA,NA,NA
锦州银行,2004,NA,NA,NA,NA,390,NA,NA,NA,NA,NA,NA,NA,NA,NA,794.35,NA,NA,NA,12297.78,NA,NA,NA,NA,NA,NA,-0.36,-1.47,NA,NA,NA,NA,NA,NA,11958.48,255.86,0.02,NA,35.15,48.27,NA,339.3,NA,339.3,12297.78,NA,NA,NA,NA,NA,NA,NA,NA,NA,NA,NA,NA,NA,NA,NA,NA,NA,NA,NA,NA,NA
锦州银行,2005,NA,NA,NA,NA,1026.6199999999999,NA,NA,NA,NA,NA,NA,NA,NA,NA,794.35,NA,NA,NA,16672.53,NA,NA,NA,NA,NA,NA,0.03,16.39,NA,NA,NA,NA,NA,NA,16081.58,492.33,0.02,NA,39.72,59.41,NA,590.95000000000005,NA,590.95000000000005,16672.53,NA,NA,-0.53,NA,NA,NA,NA,NA,NA,NA,NA,NA,NA,NA,NA,NA,NA,NA,NA,NA,NA
锦州银行,2006,2666.09,1357.98,NA,NA,NA,NA,NA,NA,NA,NA,NA,NA,NA,NA,794.35,NA,NA,NA,21927.26,75.72,NA,NA,NA,300,NA,NA,16.14,NA,NA,NA,NA,NA,NA,21052.27,742.64,11.91,NA,48.17,72.27,NA,874.99,NA,874.99,21927.26,NA,NA,NA,NA,NA,NA,NA,NA,NA,NA,NA,NA,NA,NA,NA,NA,NA,NA,NA,NA,NA
锦州银行,2007,4613.54,287.14,NA,NA,NA,NA,NA,NA,NA,NA,NA,NA,NA,NA,794.35,NA,NA,NA,28450.32,229.59,NA,NA,NA,399.98,NA,NA,66.319999999999993,NA,NA,NA,NA,NA,NA,26660.68,1180.93,372.26,NA,58.39,189.23,NA,1800.82,NA,1800.82,28461.5,NA,NA,NA,NA,NA,NA,NA,NA,NA,NA,NA,NA,NA,NA,NA,NA,NA,NA,NA,NA,NA
锦州银行,2008,6028.1,1353.08,NA,NA,673.76,NA,552.5,92.04,19721.27,2864.12,2899.42,116.25,NA,833.32,40.35,159.18,NA,7.55,35566.03,2301.81,NA,NA,NA,NA,29911.02,10.53,48.66,329.39,NA,27.04,NA,141.13,11.02,33299.72,1280.93,322.39,NA,96.97,406.48,159.54,2266.31,NA,2266.31,35566.03,225.09,519.12,NA,NA,NA,NA,NA,NA,NA,NA,NA,NA,NA,NA,NA,NA,NA,NA,NA,NA,NA
锦州银行,2009,9176.75,904.1,NA,NA,642.20000000000005,NA,4575.8999999999996,92.39,30445.94,2881.91,3738.75,86.25,NA,1389.75,75.790000000000006,81.94,NA,12.37,54381.74,2134.7800000000002,NA,NA,NA,1280,44431.9,10.88,34.53,264,NA,9.6199999999999992,NA,156.84,487.99,49308.49,2547.23,1553.19,NA,152.34,545.07000000000005,275.42,5073.25,NA,5073.25,54381.74,277.7,497.96,NA,NA,NA,NA,NA,NA,NA,NA,NA,NA,NA,NA,NA,NA,NA,NA,NA,NA,NA
锦州银行,2010,13067.07,1629.56,NA,1808.33,591.61,NA,15320.8,221.11,40001.919999999998,3120.46,14516.52,58.25,NA,2787.13,92.82,84.47,17.96,98.97,93711.66,4470.51,NA,60.6,NA,NA,78897.05,15.05,26.43,419.71,1000,2.5099999999999998,NA,143.93,64.05,85099.82,3772.23,3277.43,NA,236.86,911.52,385.52,8583.57,28.26,8611.84,93711.66,294.69,NA,NA,NA,NA,NA,NA,NA,NA,NA,NA,NA,NA,NA,NA,NA,NA,NA,NA,NA,NA
锦州银行,2011,19996.759999999998,4105.97,NA,NA,902.77,NA,2810.6,478.54,50655.21,4261.49,6013.24,58.25,12831.14,3145.57,101.16,169.49,64.66,874.75,106469.6,8423.77,NA,1788.42,NA,2299.3200000000002,81494.320000000007,55.71,105.73,611.80999999999995,1000,16.5,NA,932.74,NA,96728.31,3772.23,3306.36,NA,344.19,1547.64,715.98,9686.41,54.88,9741.2900000000009,106469.6,NA,NA,NA,NA,NA,NA,NA,NA,NA,NA,NA,NA,NA,NA,NA,NA,NA,NA,NA,NA,NA
锦州银行,2012,22713.18,8759.2000000000007,NA,NA,324.17,NA,1147.18,536.19000000000005,61781.08,9460.67,7975.47,58.25,5910,3519.7,124.04,193.17,62.88,692.76,123257.92,20158.93,20,772.87,NA,6011.4,82741.100000000006,78.28,110.25,1068.6400000000001,500,9.7100000000000009,NA,456.81,NA,111928,3902.23,3589,NA,458.97,1952.51,1348.37,11251.09,78.83,11329.92,123257.92,NA,NA,NA,NA,NA,NA,NA,NA,NA,NA,NA,NA,NA,NA,NA,NA,NA,NA,NA,NA,NA
锦州银行,2013,23258.58,9359.42,NA,1980.59,58.5,NA,NA,727.15,76728.789999999994,14884.22,7587.62,58.25,39771.72,3995.04,132.11000000000001,396.28,54.26,890.75,179883.28,56741.18,27,3029.89,NA,9034.4,92680.59,116.02,108.6,1934.83,500,0.28000000000000003,NA,4091.07,NA,168263.85,3902.23,2906.24,NA,591.65,1909.99,2198.77,11508.89,110.54,11619.43,179883.28,NA,NA,NA,NA,NA,NA,NA,NA,NA,NA,NA,NA,NA,NA,NA,NA,NA,NA,NA,NA,NA
锦州银行,2014,30170.5,12520.6,NA,NA,9990.25,NA,NA,1560.16,86548.79,17256.240000000002,7339.59,NA,79256.460000000006,5005.3,143.18,399.97,NA,501.68,250692.72,82457.62,190,3044.68,NA,10259,119403,277.94,412.79,3346.86,2000,NA,NA,3491.48,NA,234815.58,4402.2299999999996,4866.33,96.3,802.36,2332.0100000000002,3159.08,15658.32,218.82,15877.14,250692.72,NA,9932.2000000000007,NA,NA,NA,NA,NA,NA,NA,NA,NA,NA,NA,NA,NA,NA,NA,NA,NA,NA,NA
锦州银行,2015,30099.32,14954.99,NA,649.36,15560.21,10.68,NA,2571.9699999999998,97313.21,19278.07,7711.33,NA,166482.39000000001,5468.88,NA,700.82,NA,858.68,361659.91,116351.18,NA,3855.81,10.220000000000001,20244.099999999999,170178.72,246.86,665.33,5345.77,1500,NA,NA,1563.67,NA,335388.59999999998,5781.62,9152.9,NA,1292.03,4570.47,4801.45,25598.46,672.85,26271.31,361659.91,NA,15426.94,NA,NA,NA,NA,NA,NA,NA,NA,NA,NA,NA,NA,NA,NA,NA,NA,NA,NA,NA
长安银行,2009,6316.13,800.25,NA,NA,NA,NA,1837.59,2.39,NA,NA,NA,2.76,NA,420.53,447.99,NA,NA,0,24121.5,798.58,NA,NA,NA,837.59,NA,15.59,55.34,67.47,NA,NA,NA,NA,NA,20950.060000000001,3000,0,NA,15.7,155.75,NA,3171.44,NA,3171.44,24121.5,NA,NA,NA,701.08,NA,NA,NA,NA,NA,NA,NA,NA,NA,NA,NA,NA,NA,NA,NA,NA,NA
长安银行,2010,5800.24,1929.01,NA,NA,252.62,NA,4545.91,79.650000000000006,13495.6,NA,2920.33,10.74,1393,600.41999999999996,328.13,43.3,NA,1038.56,32437.51,1631.28,30,NA,NA,NA,25677.02,23.21,153.4,92.37,NA,25.59,0.1,1065.79,NA,28698.75,3000,252.53,NA,34.869999999999997,304.20999999999998,136.43,3728.03,10.72,3738.75,32437.51,NA,NA,NA,NA,NA,NA,NA,0,NA,NA,NA,NA,NA,NA,NA,NA,NA,NA,NA,NA,NA
长安银行,2011,7957.17,9432.2199999999993,NA,NA,538.57000000000005,NA,1153.1500000000001,145.91,19405.27,NA,5676.4,10.74,1981.85,661.05,328.77,105.58,NA,3833.18,51229.88,7983.17,30,200,NA,100,34655.550000000003,78.849999999999994,196.54,145.78,NA,23.59,NA,3704.94,NA,47118.43,3000,353.78,NA,85.38,475.49,182.97,4097.6099999999997,13.84,4111.45,51229.88,NA,NA,NA,NA,NA,NA,NA,NA,NA,NA,NA,NA,NA,NA,NA,NA,NA,NA,NA,NA,NA
长安银行,2012,12024.28,2430.79,NA,NA,995.85,NA,4841.1899999999996,190.7,31310.87,NA,6134.57,10.74,8333.5,577.36,428,178.33,NA,9214.08,76670.25,6142.78,50,820,NA,3968.12,51326.09,77.069999999999993,263.64,233.27,NA,20.64,NA,9083.84,NA,71985.440000000002,3000,443.03,NA,156.91,724.87,341.85,4666.6499999999996,18.16,4684.8100000000004,76670.25,NA,NA,NA,NA,NA,NA,NA,NA,NA,NA,NA,NA,NA,NA,NA,NA,NA,NA,NA,NA,NA
长安银行,2013,14504.97,7513.2,NA,NA,1388.13,NA,18348.23,303.42,40756.160000000003,NA,8450.42,10.74,7673,726.94,421.53,183.57,NA,5189.3900000000003,105469.7,20317.189999999999,50,NA,NA,6499.1,66580.789999999994,127.6,271.62,492.76,NA,17.690000000000001,NA,5093.49,NA,99450.240000000005,3180,524.89,NA,287.02,1314.76,688.93,5995.6,23.86,6019.46,105469.7,NA,NA,NA,NA,NA,NA,NA,NA,NA,NA,NA,NA,NA,NA,NA,NA,NA,NA,NA,NA,NA
长安银行,2014,17945.689999999999,9313.92,NA,NA,2357.69,NA,18833.75,374.09,51347.77,40.74,8036.38,NA,11837.36,825.35,419.86,247.36,NA,4837.7,126417.65,24458.53,350,102.65,NA,7403.45,77632.61,155.41,244.47,807.77,1995.74,27.81,NA,4685.24,NA,117863.69,4070.17,1170.78,NA,417.6,1957.3,909.03,8524.89,29.07,8553.9599999999991,126417.65,NA,NA,NA,NA,NA,NA,NA,NA,NA,NA,NA,NA,NA,NA,NA,NA,NA,NA,NA,NA,NA
长安银行,2015,22474.29,11588.59,NA,297,20.22,NA,29494.49,367.44,61350.45,40.74,11805.57,NA,18977.23,1197.8699999999999,564.55999999999995,418.88,NA,1294.9100000000001,159892.24,11867.8,300,900,NA,20131.89,100250.09,236.83,252.37,855.09,12316.5,11.88,NA,2865.72,NA,149988.16,4638.87,1347.51,NA,526.15,2166.11,1167.68,9846.32,57.76,9904.08,159892.24,NA,NA,NA,NA,NA,NA,NA,NA,NA,NA,NA,NA,NA,NA,NA,NA,NA,NA,NA,NA,NA
长治银行,2006,1533.09,866.62,NA,NA,NA,NA,NA,3.34,NA,NA,NA,NA,NA,61.08,NA,NA,NA,NA,8467.76,17.989999999999998,NA,NA,NA,NA,NA,NA,6.1,43.59,NA,NA,NA,NA,NA,8025.6,282.75,16.16,NA,25.34,110.9,7,442.16,NA,442.16,8467.76,NA,NA,NA,NA,NA,NA,NA,NA,NA,NA,NA,NA,NA,NA,NA,NA,NA,NA,NA,NA,NA
长治银行,2007,1632.68,1085.01,NA,NA,NA,NA,NA,7.69,NA,NA,NA,NA,NA,75.569999999999993,NA,NA,NA,NA,8974.2800000000007,0.47,NA,NA,NA,NA,NA,NA,5.96,96.21,NA,NA,NA,NA,NA,8483.83,282.75,16.16,NA,32.72,151.81,7,490.45,NA,490.45,8974.2800000000007,NA,NA,NA,NA,NA,NA,NA,NA,NA,NA,NA,NA,NA,NA,NA,NA,NA,NA,NA,NA,NA
长治银行,2008,2044.32,2427.6999999999998,NA,NA,NA,NA,NA,4.07,5535.73,NA,NA,NA,NA,90.55,NA,NA,NA,1392.54,11694.5,0,NA,NA,NA,NA,9670.19,3.6,5.52,127.5,NA,NA,NA,1394.13,8.1999999999999993,11209.13,327.99,16.21,NA,41.73,92.43,7,485.37,NA,485.37,11694.5,199.59,NA,NA,NA,NA,NA,NA,NA,NA,NA,NA,NA,NA,NA,NA,NA,NA,NA,NA,NA,NA
长治银行,2009,2274.59,3351.75,NA,NA,NA,NA,NA,2.96,5641.36,NA,NA,NA,NA,84.88,NA,NA,NA,853.28,12409.33,NA,NA,NA,NA,NA,10888.2,NA,2.92,132.94999999999999,NA,NA,NA,856.33,17.14,11897.54,327.99,16.21,NA,45.73,114.86,7,511.79,NA,511.79,12409.33,200.51,NA,NA,NA,NA,NA,NA,NA,NA,NA,NA,NA,NA,NA,NA,NA,NA,NA,NA,NA,NA
长治银行,2010,2698.33,1847.79,NA,NA,NA,NA,NA,5.45,6865.39,NA,NA,174.89,NA,91,0.85,NA,NA,NA,12203.66,586.99,NA,NA,NA,NA,10462.57,5.5,7.69,196.32,NA,NA,NA,1.31,361.97,11622.35,327.99,16.21,NA,53.73,176.38,7,581.30999999999995,NA,581.30999999999995,12203.66,519.96,NA,NA,NA,NA,NA,NA,NA,NA,NA,NA,NA,NA,NA,NA,NA,NA,NA,NA,NA,NA
长治银行,2011,2938.7,1996.82,NA,NA,NA,NA,NA,28.8,7530.65,NA,164.95,20,NA,84.7,NA,39.28,NA,20.170000000000002,12824.06,177.91,NA,NA,NA,NA,11926.81,22.54,-9.06,163.61000000000001,NA,NA,NA,156.27000000000001,NA,12438.07,327.99,16.21,NA,4.18,37.6,NA,385.99,NA,385.99,12824.06,NA,NA,NA,NA,NA,NA,NA,NA,NA,NA,NA,NA,NA,NA,NA,NA,NA,NA,NA,NA,NA
长治银行,2012,3456.04,1703.57,NA,NA,NA,NA,NA,26.88,8706.59,NA,95,49.3,1022.04,76.290000000000006,2.5,65.83,NA,50.16,15254.2,294.20999999999998,NA,NA,NA,NA,13206.08,40.200000000000003,51.9,265.56,NA,NA,NA,113.48,NA,13971.44,1000,16.21,NA,29.53,237.02,NA,1282.76,NA,1282.76,15254.2,NA,NA,NA,NA,NA,NA,NA,NA,NA,NA,NA,NA,NA,NA,NA,NA,NA,NA,NA,NA,NA
长治银行,2013,2604.52,1748.96,NA,NA,NA,NA,2392.86,46.75,8406.94,NA,673.01,68.400000000000006,2426.27,74.150000000000006,8.3699999999999992,77.239999999999995,NA,116.32,18643.8,3036.61,NA,NA,NA,NA,12752.89,27.17,58.94,361.03,NA,NA,NA,37.369999999999997,NA,17270.16,1000,16.21,NA,45.49,194.91,117.03,1373.64,NA,1373.64,18643.8,NA,NA,NA,NA,NA,NA,NA,NA,NA,NA,NA,NA,NA,NA,NA,NA,NA,300,200,496.15,NA
长治银行,2014,2734.37,878.73,NA,NA,NA,NA,299.14,75.11,9197.85,303.75,543.12,76.63,6198.3,173.68,48.76,85.21,NA,35.83,20650.48,4044.18,NA,NA,NA,NA,13497.28,25.07,67.16,498.12,NA,NA,NA,81.69,NA,19170.16,1000,16.21,NA,65.95,255.03,138.71,1480.32,NA,1480.32,20650.48,NA,NA,NA,NA,NA,NA,NA,NA,NA,NA,NA,NA,NA,NA,NA,NA,NA,364,NA,592.66999999999996,4.41
阜新银行,2006,940.08,840.24,NA,NA,NA,NA,NA,7.55,NA,NA,NA,76,NA,NA,9.76,NA,NA,NA,7646.7,198.27,NA,NA,NA,130,NA,NA,1.64,55.45,NA,NA,NA,NA,NA,7290.86,342.68,NA,NA,3.1,10.06,NA,355.84,NA,355.84,7646.7,NA,NA,NA,NA,NA,NA,NA,NA,NA,NA,NA,NA,NA,NA,NA,NA,NA,NA,NA,NA,NA
阜新银行,2007,2014.98,676.08,NA,NA,NA,NA,NA,8.7200000000000006,NA,NA,NA,76,NA,NA,7.28,NA,NA,NA,8921.5400000000009,340.87,NA,NA,NA,197.4,NA,NA,10.88,88.2,NA,NA,NA,NA,NA,8428.2999999999993,480.18,NA,NA,NA,13.06,NA,493.24,NA,493.24,8921.5400000000009,NA,NA,NA,NA,NA,NA,NA,NA,NA,NA,NA,NA,NA,NA,NA,NA,NA,NA,NA,NA,NA
阜新银行,2008,2065.6,1409.35,NA,25.9,NA,NA,85,16.97,5919.66,NA,844.06,91.8,NA,170.12,142.44,NA,NA,106.92,10877.81,734.44,NA,NA,NA,NA,9394.07,NA,25.1,149.68,NA,NA,NA,25.07,NA,10328.36,531.17999999999995,NA,NA,3.73,14.53,NA,549.45000000000005,NA,549.45000000000005,10877.81,NA,NA,NA,NA,NA,NA,NA,NA,NA,NA,NA,NA,NA,NA,NA,NA,NA,NA,NA,NA,NA
阜新银行,2009,3181.18,928.32,NA,NA,NA,NA,260,22.03,7230.32,NA,1999.26,97.8,NA,162.85,139.96,NA,NA,170.54,14192.27,400.04,NA,NA,NA,995.6,11533.16,NA,36.229999999999997,117.54,NA,NA,NA,313.12,NA,13395.69,701.18,NA,NA,11.85,83.55,NA,796.58,NA,796.58,14192.27,NA,NA,NA,NA,NA,NA,NA,NA,NA,NA,NA,NA,NA,NA,NA,NA,NA,NA,NA,NA,NA
阜新银行,2010,5296.39,1410.14,NA,NA,NA,NA,2184.6,33.99,10517.94,NA,1666.63,98.26,NA,362.02,385.13,6.81,NA,336.37,22298.28,114.88,533.87,NA,NA,NA,19966,NA,24.61,157.97999999999999,206.3,NA,NA,35.06,NA,21038.71,1014.73,37.46,NA,24.4,126.74,56.24,1259.57,NA,1259.57,22298.28,NA,NA,NA,NA,NA,NA,NA,NA,NA,NA,NA,NA,NA,NA,NA,NA,NA,NA,NA,NA,NA
阜新银行,2011,9984.06,4030.95,NA,NA,NA,NA,2688.34,21.15,14380.83,NA,3821.73,98.97,NA,364.83,385.02,0.57999999999999996,NA,388.5,36164.959999999999,69.62,180,NA,NA,NA,32601.53,NA,29.62,288.98,206.3,NA,NA,608.33000000000004,NA,33984.379999999997,1339.73,362.46,NA,56.65,365.5,56.24,2180.58,NA,2180.58,36164.959999999999,NA,NA,NA,NA,NA,NA,NA,NA,NA,NA,NA,NA,NA,NA,NA,NA,NA,NA,NA,NA,NA
阜新银行,2012,11728.61,7920.03,NA,29,NA,NA,3165.22,14.05,19530.78,NA,6287.31,111.69,NA,700.58,299.92,0.61,NA,475.28,50263.08,3005.1,195.77,NA,NA,477.5,41520.76,NA,65.84,432.77,206.3,NA,NA,99.4,NA,46003.44,2039.73,1342.46,NA,103.65,717.57,56.24,4259.6400000000003,NA,4259.6400000000003,50263.08,NA,NA,NA,NA,NA,NA,NA,NA,NA,NA,NA,NA,NA,NA,NA,NA,NA,NA,NA,NA,NA
阜新银行,2013,14442.83,2635.45,NA,20,NA,NA,4064.53,20.78,27589.21,NA,4381.34,128.03,13122.72,1080.32,162.18,0.96,NA,430.7,68079.06,3611.59,446,NA,NA,2439.6,55109.72,NA,93.42,649.6,417.48,NA,NA,43.12,NA,62810.53,2239.73,1694.78,NA,162.77000000000001,559.4,611.85,5268.53,NA,5268.53,68079.06,NA,NA,NA,NA,NA,NA,NA,NA,NA,NA,NA,NA,NA,NA,NA,NA,NA,NA,NA,NA,NA
阜新银行,2014,15011.83,3058.37,NA,NA,NA,NA,489,23.05,35232.31,56,5564.87,74.790000000000006,17531.79,1061.54,162.08000000000001,0.78,NA,297.61,78564,7598.08,310,440.74,NA,2128.9,57023.42,NA,94.76,625.07000000000005,3939.01,NA,NA,304.94,NA,72464.91,2358.2399999999998,1896.24,NA,234.21,695.45,914.95,6099.1,NA,6099.1,78564,NA,NA,NA,NA,NA,NA,NA,NA,NA,NA,NA,NA,NA,NA,NA,NA,NA,NA,NA,NA,NA
青岛农商银行,2011,13646.29,14063.79,NA,976.6,NA,NA,491,259.91000000000003,48790.55,NA,5726.44,5.2,NA,1399.4,NA,298.83,3.3,90.08,85751.37,55.66,200,12.6,NA,2192,76958.44,757.55,542.24,1009.25,NA,66.61,NA,743.23,NA,82537.58,1093.1300000000001,1214.74,NA,NA,228.72,677.21,3213.8,NA,3213.8,85751.37,NA,NA,NA,NA,NA,NA,NA,NA,NA,NA,NA,NA,NA,NA,NA,NA,NA,NA,NA,NA,NA
青岛农商银行,2012,15446.85,14412.87,NA,NA,NA,NA,1551.38,342.1,59621.87,240.21,6501.51,5.2,NA,2697.7,70.97,535.15,4.33,123.32,101553.46,554.52,NA,NA,NA,2023.63,86271.76,859.34,525.71,1547.92,NA,57.1,NA,745.7,NA,92585.67,5000,2214.9499999999998,NA,57.65,518.88,1176.31,8967.7900000000009,NA,8967.7900000000009,101553.46,NA,NA,NA,NA,NA,NA,NA,NA,NA,NA,NA,NA,NA,NA,NA,NA,NA,NA,NA,NA,NA
青岛农商银行,2013,20470.27,13441.45,NA,NA,NA,NA,5135.21,576.17999999999995,71064.12,2322.62,6820.04,5.2,1844.3,3153.87,63.75,614.05999999999995,3.81,104.68,125619.56,594.37,NA,NA,NA,4067.9,105960.78,1146.44,577.38,1933.7,NA,47.34,3.82,752.38,NA,115084.12,5000,2132.48,NA,222.66,1921.98,1258.31,10535.44,NA,10535.44,125619.56,NA,NA,NA,NA,NA,NA,NA,NA,NA,NA,NA,NA,NA,NA,NA,NA,NA,NA,NA,NA,NA
青岛农商银行,2014,23907.040000000001,10197.92,NA,400,NA,NA,6163.55,704.24,82273.03,3978.02,7432.33,NA,5949.39,3198.5,56.54,627.91,1.1399999999999999,203.49,145093.07999999999,3104.52,1100.17,400,NA,4020.7,119121.2,1619.66,761.39,2305.09,NA,47.17,5.29,774.65,NA,133259.82,5000,2214.8000000000002,12.32,557.99,2085.4499999999998,1962.69,11833.26,NA,11833.26,145093.07999999999,NA,NA,NA,NA,NA,NA,NA,NA,NA,NA,NA,NA,NA,NA,NA,NA,NA,NA,NA,NA,NA
青岛农商银行,2015,21729.759999999998,11854.59,NA,NA,NA,NA,2499.29,905.95,90141.51,14908.35,10918.17,NA,6674.97,3512.2,49.32,556.04999999999995,0.92,1134.46,164885.53,4273.2700000000004,NA,2000,NA,5908,129219.14,1621.38,669.04,2804.25,NA,3953.18,7.15,1135.27,NA,151590.67000000001,5000,2214.8000000000002,110.03,916.01,2816.15,2237.88,13294.86,NA,13294.86,164885.53,NA,NA,NA,NA,NA,NA,NA,NA,NA,NA,NA,NA,NA,NA,NA,NA,NA,NA,NA,NA,NA
青岛银行,2008,NA,NA,NA,NA,NA,NA,NA,NA,NA,NA,NA,NA,NA,NA,NA,NA,NA,NA,32520.97,NA,NA,NA,NA,NA,NA,NA,NA,NA,NA,NA,NA,NA,NA,28618.36,NA,NA,NA,NA,NA,NA,3902.61,NA,3902.61,NA,NA,NA,NA,NA,NA,NA,NA,NA,NA,NA,NA,NA,NA,NA,NA,NA,NA,NA,NA,NA,NA
青岛银行,2009,5869.06,324.64999999999998,NA,169,80.459999999999994,NA,7725.78,181.7,21973.98,1316.89,4102.5,23.25,NA,229.25,9.77,42.19,NA,1580.79,43629.279999999999,1700.77,NA,772.91,NA,3905.78,32236.33,155.35,-17.8,156.61000000000001,NA,1.33,NA,599.04999999999995,NA,39510.32,1984.55,1357.36,NA,159.38999999999999,377.77,239.89,4118.97,NA,4118.97,43629.279999999999,NA,NA,NA,NA,NA,NA,NA,NA,NA,NA,NA,NA,NA,NA,NA,NA,NA,NA,NA,NA,NA
青岛银行,2010,9255.8799999999992,1084.01,NA,353.07,NA,NA,11357.33,278.43,27035.49,1536.36,9697.89,23.25,1427.62,566.78,19.22,134.87,NA,167.22,62937.42,1700.35,NA,700,NA,5995.6,49538.82,351.16,101.24,182.52,NA,NA,NA,222.27,NA,58791.96,1984.55,1332.22,NA,193.83,239.4,395.46,4145.46,NA,4145.46,62937.42,NA,NA,NA,NA,NA,NA,NA,NA,NA,NA,NA,NA,NA,NA,NA,NA,NA,NA,NA,NA,NA
青岛银行,2011,14785.69,1710.48,NA,2070.6799999999998,NA,NA,4222.88,541.26,33283.25,5066.1899999999996,13215.51,23.25,1046.93,616.27,56.67,175.23,NA,211.39,77025.679999999993,1700.13,NA,1269.03,NA,5391.5,60243.83,414.48,120.39,262.13,NA,NA,NA,665.99,NA,70067.47,2555.98,2835.09,NA,267.68,741.39,558.07000000000005,6958.2,NA,6958.2,77025.679999999993,NA,NA,NA,NA,NA,NA,NA,NA,NA,NA,NA,NA,NA,NA,NA,NA,NA,NA,NA,NA,NA
青岛银行,2012,20071.73,3586.04,NA,1062.6500000000001,283.75,NA,5857.21,612.91,44495.6,9462.26,13362.9,23.25,562.44000000000005,606.91,66.55,225.8,NA,1378.21,101658.22,2817.16,NA,4261.07,NA,10248.01,75039.960000000006,474.07,90.85,548.38,NA,NA,NA,742.09,NA,94221.59,2555.98,2759.44,NA,359.69,893.74,867.79,7436.64,NA,7436.64,101658.22,NA,NA,NA,NA,NA,NA,NA,NA,NA,NA,NA,NA,NA,NA,NA,NA,NA,NA,NA,NA,NA
青岛银行,2013,20870.66,2480.81,1.32,700,184.5,NA,8207.8799999999992,708.2,54105.93,6053.61,18905.990000000002,23.25,20469.689999999999,758.98,104.94,361.58,NA,1752.04,135689.37,12553.37,1024.24,260.33999999999997,NA,10130,96283.91,523.04999999999995,184.13,1431.26,4986.74,NA,NA,107.19,NA,127484.22,2555.98,2564.96,NA,473.88,1276.28,1334.06,8205.15,NA,8205.15,135689.37,NA,NA,NA,NA,NA,NA,NA,NA,NA,NA,NA,NA,NA,NA,NA,NA,NA,NA,NA,NA,NA
青岛银行,2014,23609.59,2018.83,17.170000000000002,1156.49,190.19,NA,2697.63,937.26,61248.34,14122.54,19721.43,NA,27209.06,865.54,176.87,337.47,NA,1857.54,156165.94,20362.59,1003.68,1379.84,NA,10069.14,101733.66,727.39,151.46,1966.27,8335.0300000000007,NA,NA,652.23,NA,146381.29,2555.98,2750.18,103.41,623.41,1865.05,1886.63,9784.65,NA,9784.65,156165.94,NA,NA,NA,NA,NA,NA,NA,NA,NA,NA,NA,NA,NA,NA,NA,NA,NA,NA,NA,NA,NA
青岛银行,2015,19920.3,3585.27,16.989999999999998,1108.1400000000001,297.60000000000002,NA,2516.98,1090.55,70655.22,17120.79,22575.279999999999,NA,44786.79,1021.16,226.23,279.39999999999998,NA,2034.57,187235.25,27335.87,528.91,3051.99,NA,2000,115322,908.16,176.8,2134.31,16314.31,NA,NA,2849.27,NA,170621.6,4011.53,6708.02,483.12,804.79,2215.0100000000002,2391.1799999999998,16613.650000000001,NA,16613.650000000001,187235.25,NA,NA,NA,NA,NA,NA,NA,NA,NA,NA,NA,NA,NA,NA,NA,NA,NA,NA,NA,NA,NA
鞍山银行,2007,3687.78,454.09,NA,NA,NA,NA,NA,NA,NA,NA,NA,NA,NA,NA,4.32,NA,NA,406.46,17146.650000000001,0.13,NA,NA,NA,0.31,NA,NA,46,NA,NA,NA,NA,NA,NA,16073.77,790.35,1.29,NA,94.96,80.72,105.57,1072.8800000000001,NA,1072.8800000000001,17146.650000000001,NA,NA,NA,NA,NA,NA,NA,NA,NA,NA,NA,NA,NA,NA,NA,NA,NA,NA,NA,NA,NA
鞍山银行,2008,4153.1499999999996,3595.49,NA,NA,NA,NA,500,35.33,11630.87,369.36,1344.12,NA,NA,247.05,7.81,84.32,156.71,1092.9100000000001,23217.11,25.78,NA,NA,NA,NA,20321.16,11.64,48.08,191.71,NA,1.99,NA,468.36,NA,21068.71,1700.35,7.24,NA,136.44999999999999,181.69,122.66,2148.4,NA,2148.4,23217.11,NA,NA,NA,NA,NA,NA,NA,NA,NA,NA,NA,NA,NA,NA,NA,NA,NA,NA,NA,NA,NA
鞍山银行,2009,6434.84,2015.54,NA,NA,NA,NA,500,33.36,19187.57,NA,5196.12,5.24,NA,317.79000000000002,9.3000000000000007,164.82,139.05000000000001,609.70000000000005,35071.620000000003,25.61,NA,NA,NA,NA,31419.759999999998,10.56,58.05,276.61,NA,NA,NA,198.03,NA,31988.61,2200.35,1.29,NA,239.81,437.99,203.57,3083.01,NA,3083.01,35071.620000000003,NA,NA,NA,NA,458.3,NA,NA,NA,NA,NA,NA,NA,NA,NA,NA,NA,NA,NA,NA,NA,NA
鞍山银行,2010,8856.73,2301.79,NA,NA,NA,NA,2023.45,26.4,23408.19,NA,2448.2399999999998,81.08,NA,325.57,11.3,213.39,135.04,829.07,41073.56,120.61,NA,NA,NA,NA,36334.61,4.2,111.69,332.12,NA,NA,NA,147.16999999999999,NA,37050.42,2500.35,301.29000000000002,NA,341.62,630.15,249.73,4023.14,NA,4023.14,41073.56,NA,NA,NA,NA,413.3,NA,NA,NA,NA,NA,NA,NA,NA,NA,NA,NA,NA,NA,NA,NA,NA
鞍山银行,2011,10864.87,4080.22,NA,NA,NA,NA,308.64999999999998,48.23,27236.55,NA,2973.98,110.66,NA,469.89,14.41,266.27,101.19,2092.7199999999998,48935.94,14.64,NA,NA,NA,373.58,42160.84,8.66,163.34,421.86,695.71,NA,NA,646.55999999999995,NA,44485.18,2500.35,301.29000000000002,NA,457.55,893.49,298.07,4450.75,NA,4450.75,48935.94,NA,NA,NA,NA,368.3,NA,NA,NA,NA,NA,NA,NA,NA,NA,NA,NA,NA,NA,NA,NA,NA
鞍山银行,2012,13642.64,5383.1,NA,NA,NA,NA,NA,93.92,31545.56,NA,649.61,131.31,3120,493.89,14.51,324.02999999999997,98.86,1583.5,57357.23,67.13,NA,NA,NA,NA,50692.71,7.95,212.08,742.93,696.02,NA,NA,84.8,NA,52503.61,2500.35,301.29000000000002,NA,587.55999999999995,937.89,526.53,4853.62,NA,4853.62,57357.23,NA,NA,NA,NA,276.3,NA,NA,NA,NA,NA,NA,NA,NA,NA,NA,NA,NA,NA,NA,NA,NA
鞍山银行,2013,15104.86,5147.7,NA,NA,NA,NA,1269.3399999999999,130.44,36959.15,NA,2005.42,153.33000000000001,5990,536.87,20.79,438.63,96.06,492.35,68344.94,308.25,NA,NA,NA,274.39999999999998,59921.42,6.72,181.41,1267.27,696.35,NA,NA,108.22,NA,62764.03,2700.35,601.29,NA,682.46,914.87,681.94,5580.91,NA,5580.91,68344.94,NA,NA,NA,NA,NA,NA,NA,NA,NA,NA,NA,NA,NA,NA,NA,NA,NA,NA,NA,NA,NA
鞍山银行,2014,16795.39,5599.08,NA,NA,NA,NA,NA,196.58,41472.5,50,1928.93,172.05,12660.99,551.47,28.94,521.37,92.87,544.5,80614.66,2425.27,570.37,NA,NA,NA,68129.27,5.99,174.76,1660.02,696.7,NA,NA,100.43,NA,73762.820000000007,3000.35,1051.29,NA,836.09,1062.31,901.8,6851.84,NA,6851.84,80614.66,NA,NA,NA,NA,NA,NA,NA,NA,NA,NA,NA,NA,NA,NA,NA,NA,NA,NA,NA,NA,NA
鞍山银行,2015,16702.43,5868.35,NA,NA,NA,NA,NA,286.33,45310,NA,2825.23,185.39,19354.310000000001,697.08,26.58,648.49,90.09,1147.1400000000001,93141.42,980.52,807.8,NA,NA,NA,80078.95,5.56,208.71,2219.4699999999998,697.08,NA,NA,794.66,NA,85792.74,3000.35,1051.29,NA,979.05,1163.29,1154.7,7348.68,NA,7348.68,93141.42,NA,NA,NA,NA,NA,NA,NA,NA,NA,NA,NA,NA,NA,NA,NA,NA,NA,NA,NA,NA,NA
韩亚银行（中国）,2008,1304.47,829.12,NA,1004.69,NA,NA,NA,67.13,8932.2199999999993,NA,68.349999999999994,NA,NA,75.58,22.99,1.53,NA,69.28,12375.36,2528.0500000000002,NA,4062.91,NA,200,3411.44,6.14,7.76,109.36,NA,NA,NA,47.82,NA,10373.48,2000,-58.68,NA,7.93,52.63,NA,2001.88,NA,2001.88,12375.36,NA,NA,NA,NA,NA,NA,NA,NA,NA,NA,NA,NA,NA,NA,NA,NA,NA,NA,NA,NA,NA
韩亚银行（中国）,2009,1088.19,673.22,NA,1973.13,NA,NA,NA,43.65,7023.85,NA,NA,NA,NA,71.430000000000007,21.73,22.92,NA,53.4,10971.52,2370.66,NA,1365.64,NA,NA,5097.8100000000004,11,25,52.72,NA,NA,NA,36.56,NA,8959.39,2000,-58.68,NA,8.9600000000000009,61.85,NA,2012.12,NA,2012.12,10971.52,NA,NA,NA,NA,NA,NA,NA,NA,NA,NA,NA,NA,NA,NA,NA,NA,NA,NA,NA,NA,NA
韩亚银行（中国）,2010,1290.6300000000001,914.5,NA,1507.31,NA,NA,NA,33.82,8428.4599999999991,129.68,NA,NA,NA,64.42,19.850000000000001,24.76,NA,146.53,12559.97,1024.93,NA,1396.06,NA,NA,7849.51,13.75,16.28,61.17,NA,NA,NA,116.24,NA,10477.93,2000,-61.35,NA,16.22,127.18,NA,2082.04,NA,2082.04,12559.97,NA,NA,NA,NA,NA,NA,NA,NA,NA,NA,NA,NA,NA,NA,NA,NA,NA,NA,NA,NA,NA
韩亚银行（中国）,2011,2112.67,3155.61,NA,2242,NA,NA,162.03,58.94,7824.49,181.13,NA,NA,NA,56.42,18.600000000000001,23.12,NA,53.7,15888.73,1053.56,NA,1190.4100000000001,NA,NA,11222.78,18.55,20.73,87.2,NA,NA,NA,35.01,NA,13628.24,2000,-59.55,NA,33.880000000000003,152.76,133.4,2260.4899999999998,NA,2260.4899999999998,15888.73,NA,NA,NA,NA,NA,NA,NA,NA,NA,NA,NA,NA,NA,NA,NA,NA,NA,NA,NA,NA,NA
韩亚银行（中国）,2012,2983,3936.9,NA,2739.95,NA,NA,NA,51.41,9551,201.75,NA,NA,680.33,65.73,17.579999999999998,20.48,NA,73.180000000000007,20321.310000000001,1084.74,NA,757.25,NA,NA,15933.4,17.59,12.47,124.64,NA,NA,NA,28.7,NA,17958.79,2000,-59.23,NA,44.05,207.31,170.39,2362.52,NA,2362.52,20321.310000000001,NA,NA,NA,NA,NA,NA,NA,NA,NA,NA,NA,NA,NA,NA,NA,NA,NA,NA,NA,NA,NA
韩亚银行（中国）,2013,3554.76,4186.26,NA,3171.34,NA,NA,NA,59.54,11819.73,187.68,NA,NA,1967.9,79.69,19.89,8.3699999999999992,NA,110.62,25165.8,270.44,NA,609.69000000000005,NA,NA,21679.46,21.74,13.65,136.43,NA,NA,NA,41.44,NA,22772.86,2000,-61.28,NA,47.3,194.68,212.23,2392.94,NA,2392.94,25165.8,NA,NA,NA,NA,NA,NA,NA,NA,NA,NA,NA,NA,NA,NA,NA,NA,NA,NA,NA,NA,NA
韩亚银行（中国）,2014,6010.8,7414.93,NA,7083.79,NA,NA,NA,331.99,18501.23,90.03,NA,NA,3442.3,100.93,51.72,68.95,NA,371.83,43468.49,147.35,NA,2888.14,NA,NA,34539.31,41.04,43.52,470.38,NA,NA,NA,377.95,NA,38507.68,3350,963.33,-0.19,49.35,165.1,433.22,4960.8100000000004,NA,4960.8100000000004,43468.49,NA,NA,NA,NA,NA,NA,NA,NA,NA,NA,NA,NA,NA,NA,NA,NA,NA,NA,NA,NA,NA
韩亚银行（中国）,2015,4244.1499999999996,2074.81,NA,4704.74,NA,NA,NA,80.62,20289.14,82.2,NA,NA,1814.58,95.52,52.01,77.290000000000006,NA,136.71,33651.769999999997,378.58,NA,3207.45,NA,NA,24487.41,32.090000000000003,44.02,229.04,NA,NA,NA,146.5,NA,28525.09,3350,963.33,0.79,65.84,313.5,433.22,5126.68,NA,5126.68,33651.769999999997,NA,NA,NA,NA,NA,NA,NA,NA,NA,NA,NA,NA,NA,NA,NA,NA,NA,NA,NA,NA,NA
齐鲁银行,2005,2429.39,566.46,NA,NA,NA,NA,NA,7.3,NA,NA,NA,NA,NA,165.98,3.87,NA,NA,NA,25123.68,218.61,NA,NA,NA,NA,NA,19.62,108.67,80.58,NA,NA,NA,NA,NA,23766.38,1157.1600000000001,25.53,NA,94.11,80.5,NA,1357.3,NA,1357.3,25123.68,NA,NA,NA,NA,NA,NA,NA,NA,NA,NA,NA,NA,NA,NA,NA,NA,NA,NA,NA,NA,NA
齐鲁银行,2006,3843.28,341.31,NA,NA,NA,NA,NA,3.56,NA,NA,NA,NA,NA,592.71,13.26,NA,NA,NA,32408.6,938.52,NA,NA,NA,NA,NA,35.47,85.05,106.83,NA,NA,NA,NA,NA,30559.46,1500,80.38,NA,115.03,153.72,NA,1849.13,NA,1849.13,32408.6,NA,NA,NA,NA,NA,NA,NA,NA,NA,NA,NA,NA,NA,NA,NA,NA,NA,NA,NA,NA,NA
齐鲁银行,2007,5893.88,569.72,NA,NA,NA,NA,NA,2.88,NA,NA,NA,NA,NA,566.73,13.68,NA,NA,NA,37841.19,323.32,NA,NA,NA,NA,NA,32.25,96.03,144.88999999999999,NA,NA,NA,NA,NA,35845.25,1500,80.38,NA,143.58000000000001,271.98,NA,1995.94,NA,1995.94,37841.19,NA,NA,NA,NA,NA,NA,NA,NA,NA,NA,NA,NA,NA,NA,NA,NA,NA,NA,NA,NA,NA
齐鲁银行,2008,9918.75,215.55,NA,75.180000000000007,1106.6199999999999,NA,744.56,187.46,27783.39,5865.45,1503.33,NA,1175.3699999999999,610.24,20.010000000000002,137.19,39.6,145.05000000000001,49544.58,1509.61,NA,NA,NA,619.45000000000005,43891.47,103.2,115.42,270.98,NA,NA,45.6,318.3,NA,46874.03,1668.75,406.36,NA,219.77,298.87,76.8,2670.55,NA,2670.55,49544.58,16.829999999999998,NA,NA,NA,NA,NA,NA,NA,NA,NA,NA,NA,NA,NA,NA,NA,NA,NA,NA,NA,NA
齐鲁银行,2009,8638.64,344.1,NA,150.22,2480.8000000000002,NA,4452.8900000000003,200.57,33885.230000000003,6924.44,1976.21,NA,1613.55,596.03,48.47,312.61,47.55,89.07,61788.86,1925.71,NA,54.63,NA,39,53660.4,120.09,145.44999999999999,285.77999999999997,700,NA,41.84,2001.32,NA,58974.22,1668.75,150.61000000000001,NA,303.83,332.76,358.7,2814.64,NA,2814.64,61788.86,28.47,NA,NA,NA,NA,NA,NA,NA,NA,NA,NA,NA,NA,NA,NA,NA,NA,NA,NA,NA,NA
齐鲁银行,2010,19283.810000000001,305.67,NA,162.59,81.069999999999993,NA,3228.79,286.17,42629.24,7476.48,6800.2,609.38,2213.02,586.38,36.5,947.12,44.43,1074.71,85805.77,1521.49,NA,39.74,NA,8877.35,70104.53,181.85,46.24,425.59,700,NA,40.25,242.46,NA,82179.509999999995,2368.75,1542.88,NA,184.66,-546.82000000000005,76.8,3626.26,NA,3626.26,85805.77,40.22,NA,NA,NA,NA,NA,NA,NA,NA,NA,NA,NA,NA,NA,NA,NA,NA,NA,NA,NA,NA
齐鲁银行,2011,14757.35,1664.52,NA,185.92,50.24,NA,392.66,301.86,40917.699999999997,7628.64,6451.57,631.38,1834.42,535.82000000000005,27.37,788.25,41.32,1030.18,77279.39,1244.0999999999999,639.39,NA,NA,4058.08,65122.85,207.26,61.41,626.08000000000004,700,NA,39.909999999999997,178.94,NA,72878.009999999995,2368.75,1505.77,NA,209.11,8.16,286.87,4378.6499999999996,22.73,4401.38,77279.39,40.18,NA,NA,NA,NA,NA,NA,NA,NA,NA,NA,NA,NA,NA,NA,NA,NA,NA,NA,NA,NA
齐鲁银行,2012,16545.98,2228.67,NA,50,49.97,NA,360,314.07,45061.03,9275.48,5857.75,642.38,904.66,509.46,19.57,562.55999999999995,38.200000000000003,1228.26,83679.66,1204.25,489.72,NA,NA,4194.8999999999996,70401.2,227.1,50.63,690.43,700,NA,93.1,300.8,NA,78352.13,2368.75,1571.65,NA,295.38,413.21,657.01,5306,21.54,5327.54,83679.66,31.62,NA,NA,NA,NA,NA,NA,NA,NA,NA,NA,NA,NA,NA,NA,NA,NA,NA,NA,NA,NA
齐鲁银行,2013,18496.98,1968.72,NA,NA,425.18,NA,1816.56,385.27,51431.89,8283.0499999999993,5787.4,756.56,2244.81,497.8,16.79,597.04999999999995,30.46,1233.6300000000001,94003.63,398.06,1284.51,NA,NA,382.2,83284.92,386.91,65.56,1051.25,700,NA,NA,241.63,NA,88002.03,2368.75,1621.58,-311.73,403.53,1031.42,864.42,5977.97,23.63,6001.6,94003.63,31.47,207,NA,NA,NA,NA,NA,NA,NA,NA,NA,NA,NA,NA,NA,NA,NA,NA,NA,NA,NA
齐鲁银行,2014,22952.73,1688.69,NA,NA,386.96,NA,7403.1,646.1,59109.58,9723.42,13843.37,858.6,4043.22,642.44000000000005,16.45,611.74,28.68,884.64,122881.29,2105.39,1,NA,NA,9239.5,101134.93,433.45,133.79,1145.77,997.47,NA,53.39,226.07,NA,115657.49,2368.75,1628.71,44.05,512.02,1412.74,1228.97,7195.23,28.57,7223.8,122881.29,41.56,186.73,NA,NA,NA,NA,NA,NA,NA,NA,NA,NA,NA,NA,NA,NA,NA,NA,NA,NA,NA
齐鲁银行,2015,25868.61,1387.22,NA,NA,144.31,NA,5130,1043.95,66983.58,17491.98,20343.22,938.27,11411.63,662.99,20.6,632.16999999999996,26.91,738.92,152881.49,1112.48,1675.72,NA,NA,13155.6,123327.19,614.11,298.23,1407.34,797.39,NA,25.05,416.86,NA,142829.98000000001,2840.75,2658.39,403.8,629.91,1740.8,1685.91,9959.57,91.94,10051.52,152881.49,57.13,NA,NA,NA,NA,NA,NA,NA,NA,NA,NA,NA,NA,NA,NA,NA,NA,NA,NA,NA,NA
龙江银行,2009,17531.439999999999,1372.83,NA,NA,NA,NA,NA,66.59,15156,1088.8900000000001,3039.09,65.040000000000006,NA,696.45,550.15,135.24,NA,824.53,40526.25,58.68,NA,NA,NA,NA,36019.620000000003,30.18,112.11,220.78,NA,5.08,6.65,975.7,NA,37428.82,3080,0.01,NA,1.74,15.68,NA,3097.43,NA,3097.43,40526.25,NA,NA,NA,NA,NA,NA,NA,NA,NA,NA,NA,NA,NA,NA,NA,NA,NA,NA,NA,NA,NA
龙江银行,2010,15733.66,30393.040000000001,NA,NA,39.979999999999997,NA,2671.35,214.04,19665.5,2263.23,1411.36,40.9,7930.04,756.19,538.89,154.44,NA,1391.56,83204.160000000003,11091.48,50,NA,NA,NA,64509.02,51.84,160.22999999999999,362.93,NA,4.5,6.11,3304.09,NA,79540.2,3080,12.57,NA,48.6,73.81,365,3579.98,83.98,3663.96,83204.160000000003,NA,NA,NA,NA,NA,NA,NA,NA,NA,NA,NA,NA,NA,NA,NA,NA,NA,NA,NA,NA,NA
龙江银行,2011,28257.33,47491.07,NA,NA,16786.84,NA,18966.900000000001,1077.25,25131.81,4511.3100000000004,983.56,NA,7308.94,1394.91,192.61,106.53,NA,810.11,153019.17000000001,28359.82,60,NA,NA,22869.89,93372.97,202.95,162.84,1135.3699999999999,NA,NA,NA,493.84,NA,146657.67000000001,3720,1053.01,NA,148.75,906.77,441.44,6269.96,91.54,6361.5,153019.17000000001,NA,NA,NA,NA,NA,NA,NA,NA,NA,NA,NA,NA,NA,NA,NA,NA,NA,NA,NA,NA,NA
龙江银行,2012,33337.82,60050.45,NA,2000,15989.5,NA,18519.490000000002,1119.6099999999999,34592.199999999997,5136.45,5506.64,NA,7245.37,1458.27,151.66999999999999,195.61,NA,752.28,186055.36,39973.949999999997,141.05000000000001,NA,NA,20554.27,114094.98,256.11,504.49,1156.68,NA,NA,NA,185.31,NA,176866.84,4360,1709.28,NA,318.56,1815.4,845.41,9048.65,139.88,9188.5300000000007,186055.36,NA,NA,NA,NA,NA,NA,NA,NA,NA,NA,NA,NA,NA,NA,NA,NA,NA,NA,NA,NA,NA
龙江银行,2013,31934.33,37744.019999999997,NA,NA,15072.28,NA,923.2,984.21,46043.88,4794.6899999999996,6364.95,NA,25294.2,1437.04,140.28,452.23,NA,783.61,171968.91,31033.040000000001,206.95,1500,NA,4832.1400000000003,120777.34,416.51,649.34,1335.25,NA,NA,NA,468.22,NA,161218.79,4360,1638.18,NA,499.95,2105.71,1905.47,10509.31,240.81,10750.11,171968.91,NA,NA,NA,NA,NA,NA,NA,NA,NA,NA,NA,NA,NA,NA,NA,NA,NA,NA,NA,NA,NA
